provider,permission,severity,previous_severity,source,reason
aws,account-access:CreateEntitlement,critical,medium,https://github.com/HackTricks-wiki/hacktricks-cloud/blob/45bcf7a7381a496d6dfd5b5d533681fff85c608d/src/pentesting-cloud/aws-security/aws-privilege-escalation/aws-sso-and-identitystore-privesc/README.md,"Direct privilege grant, identity takeover or near-self-sufficient privileged execution documented by the source"
aws,account:AcceptPrimaryEmailUpdate,high,medium,https://github.com/HackTricks-wiki/hacktricks-cloud/blob/45bcf7a7381a496d6dfd5b5d533681fff85c608d/src/pentesting-cloud/aws-security/aws-privilege-escalation/aws-account-management-privesc/README.md,Documented escalation primitive requiring target context or other capabilities
aws,account:DisableRegion,medium,medium,https://github.com/HackTricks-wiki/hacktricks-cloud/blob/45bcf7a7381a496d6dfd5b5d533681fff85c608d/src/pentesting-cloud/aws-security/aws-post-exploitation/aws-account-management-post-exploitation/README.md,"Availability, integrity or telemetry impact without standalone sensitive access"
aws,account:EnableRegion,medium,medium,https://github.com/HackTricks-wiki/hacktricks-cloud/blob/45bcf7a7381a496d6dfd5b5d533681fff85c608d/src/pentesting-cloud/aws-security/aws-post-exploitation/aws-account-management-post-exploitation/README.md,"Availability, integrity or telemetry impact without standalone sensitive access"
aws,account:PutAlternateContact,high,medium,https://github.com/HackTricks-wiki/hacktricks-cloud/blob/45bcf7a7381a496d6dfd5b5d533681fff85c608d/src/pentesting-cloud/aws-security/aws-persistence/aws-account-management-persistence/README.md,Documented conditional persistence or retained access
aws,account:PutContactInformation,high,medium,https://github.com/HackTricks-wiki/hacktricks-cloud/blob/45bcf7a7381a496d6dfd5b5d533681fff85c608d/src/pentesting-cloud/aws-security/aws-privilege-escalation/aws-account-management-privesc/README.md,Documented escalation primitive requiring target context or other capabilities
aws,account:StartPrimaryEmailUpdate,high,medium,https://github.com/HackTricks-wiki/hacktricks-cloud/blob/45bcf7a7381a496d6dfd5b5d533681fff85c608d/src/pentesting-cloud/aws-security/aws-privilege-escalation/aws-account-management-privesc/README.md,Documented escalation primitive requiring target context or other capabilities
aws,acm:ExportCertificate,high,critical,https://github.com/HackTricks-wiki/hacktricks-cloud/blob/45bcf7a7381a496d6dfd5b5d533681fff85c608d/src/pentesting-cloud/aws-security/aws-post-exploitation/aws-acm-pca-scep-post-exploitation/README.md,Read/export sensitive information or stored credentials; no standalone privilege grant
aws,aco-automation:StartAutomationEvent,medium,medium,https://github.com/HackTricks-wiki/hacktricks-cloud/blob/45bcf7a7381a496d6dfd5b5d533681fff85c608d/src/pentesting-cloud/aws-security/aws-post-exploitation/aws-compute-optimizer-automation-post-exploitation/README.md,"Availability, integrity or telemetry impact without standalone sensitive access"
aws,agent-registry:UpdateRegistry,medium,medium,https://github.com/HackTricks-wiki/hacktricks-cloud/blob/45bcf7a7381a496d6dfd5b5d533681fff85c608d/src/pentesting-cloud/aws-security/aws-persistence/aws-agent-registry-persistence/README.md,"Availability, integrity, telemetry or operational impact; no direct sensitive access or escalation"
aws,agent-registry:UpdateRegistryRecordStatus,medium,medium,https://github.com/HackTricks-wiki/hacktricks-cloud/blob/45bcf7a7381a496d6dfd5b5d533681fff85c608d/src/pentesting-cloud/aws-security/aws-post-exploitation/aws-agent-registry-post-exploitation/README.md,"Availability, integrity or telemetry impact without standalone sensitive access"
aws,aidevops:AssociateService,high,medium,https://github.com/HackTricks-wiki/hacktricks-cloud/blob/45bcf7a7381a496d6dfd5b5d533681fff85c608d/src/pentesting-cloud/aws-security/aws-persistence/aws-devops-agent-persistence/README.md,Documented conditional persistence or retained access
aws,aidevops:EnableOperatorApp,high,medium,https://github.com/HackTricks-wiki/hacktricks-cloud/blob/45bcf7a7381a496d6dfd5b5d533681fff85c608d/src/pentesting-cloud/aws-security/aws-post-exploitation/aws-devops-agent-post-exploitation/README.md,"Conditional access, interception, execution or security-boundary change"
aws,aidevops:UpdateAssociation,high,medium,https://github.com/HackTricks-wiki/hacktricks-cloud/blob/45bcf7a7381a496d6dfd5b5d533681fff85c608d/src/pentesting-cloud/aws-security/aws-persistence/aws-devops-agent-persistence/README.md,Documented conditional persistence or retained access
aws,aidevops:UpdatePrivateConnectionCertificate,high,medium,https://github.com/HackTricks-wiki/hacktricks-cloud/blob/45bcf7a7381a496d6dfd5b5d533681fff85c608d/src/pentesting-cloud/aws-security/aws-post-exploitation/aws-devops-agent-post-exploitation/README.md,"Conditional access, interception, execution or security-boundary change"
aws,airflow:CreateCliToken,critical,medium,https://github.com/HackTricks-wiki/hacktricks-cloud/blob/45bcf7a7381a496d6dfd5b5d533681fff85c608d/src/pentesting-cloud/aws-security/aws-post-exploitation/aws-mwaa-post-exploitation/README.md,"Direct privilege grant, identity takeover or near-self-sufficient privileged execution documented by the source"
aws,airflow:CreateWebLoginToken,critical,medium,https://github.com/HackTricks-wiki/hacktricks-cloud/blob/45bcf7a7381a496d6dfd5b5d533681fff85c608d/src/pentesting-cloud/aws-security/aws-post-exploitation/aws-mwaa-post-exploitation/README.md,"Direct privilege grant, identity takeover or near-self-sufficient privileged execution documented by the source"
aws,amplify:CreateWebHook,high,medium,https://github.com/HackTricks-wiki/hacktricks-cloud/blob/45bcf7a7381a496d6dfd5b5d533681fff85c608d/src/pentesting-cloud/aws-security/aws-persistence/aws-amplify-persistence/README.md,Documented conditional persistence or retained access
aws,amplify:StartJob,high,medium,https://github.com/HackTricks-wiki/hacktricks-cloud/blob/45bcf7a7381a496d6dfd5b5d533681fff85c608d/src/pentesting-cloud/aws-security/aws-privilege-escalation/aws-amplify-privesc/README.md,Documented escalation primitive requiring target context or other capabilities
aws,amplify:UpdateApp,high,medium,https://github.com/HackTricks-wiki/hacktricks-cloud/blob/45bcf7a7381a496d6dfd5b5d533681fff85c608d/src/pentesting-cloud/aws-security/aws-privilege-escalation/aws-amplify-privesc/README.md,Documented escalation primitive requiring target context or other capabilities
aws,amplify:UpdateBranch,high,medium,https://github.com/HackTricks-wiki/hacktricks-cloud/blob/45bcf7a7381a496d6dfd5b5d533681fff85c608d/src/pentesting-cloud/aws-security/aws-privilege-escalation/aws-amplify-privesc/README.md,Documented escalation primitive requiring target context or other capabilities
aws,amplifyuibuilder:GetCodegenJob,high,low,https://github.com/HackTricks-wiki/hacktricks-cloud/blob/45bcf7a7381a496d6dfd5b5d533681fff85c608d/src/pentesting-cloud/aws-security/aws-post-exploitation/aws-amplify-post-exploitation/README.md,Documented sensitive-data or credential access
aws,aoss:CreateAccessPolicy,critical,medium,https://github.com/HackTricks-wiki/hacktricks-cloud/blob/45bcf7a7381a496d6dfd5b5d533681fff85c608d/src/pentesting-cloud/aws-security/aws-privilege-escalation/aws-opensearch-serverless-privesc/README.md,"Direct privilege grant, identity takeover or near-self-sufficient privileged execution documented by the source"
aws,apigateway:PublishPortal,high,medium,https://github.com/HackTricks-wiki/hacktricks-cloud/blob/45bcf7a7381a496d6dfd5b5d533681fff85c608d/src/pentesting-cloud/aws-security/aws-post-exploitation/aws-api-gateway-post-exploitation/README.md,"Conditional access, interception, execution or security-boundary change"
aws,apigateway:UpdatePortal,high,medium,https://github.com/HackTricks-wiki/hacktricks-cloud/blob/45bcf7a7381a496d6dfd5b5d533681fff85c608d/src/pentesting-cloud/aws-security/aws-post-exploitation/aws-api-gateway-post-exploitation/README.md,"Conditional access, interception, execution or security-boundary change"
aws,app-integrations:UpdateApplication,high,medium,https://github.com/HackTricks-wiki/hacktricks-cloud/blob/45bcf7a7381a496d6dfd5b5d533681fff85c608d/src/pentesting-cloud/aws-security/aws-persistence/aws-appintegrations-persistence/README.md,Documented conditional persistence or retained access
aws,appconfig:CreateConfigurationProfile,high,medium,https://github.com/HackTricks-wiki/hacktricks-cloud/blob/45bcf7a7381a496d6dfd5b5d533681fff85c608d/src/pentesting-cloud/aws-security/aws-privilege-escalation/aws-appconfig-privesc/README.md,Documented escalation primitive requiring target context or other capabilities
aws,appconfig:CreateExperimentDefinition,medium,medium,https://github.com/HackTricks-wiki/hacktricks-cloud/blob/45bcf7a7381a496d6dfd5b5d533681fff85c608d/src/pentesting-cloud/aws-security/aws-post-exploitation/aws-appconfig-post-exploitation/README.md,"Availability, integrity or telemetry impact without standalone sensitive access"
aws,appconfig:CreateExtension,high,medium,https://github.com/HackTricks-wiki/hacktricks-cloud/blob/45bcf7a7381a496d6dfd5b5d533681fff85c608d/src/pentesting-cloud/aws-security/aws-persistence/aws-appconfig-persistence/README.md,Documented conditional persistence or retained access
aws,appconfig:CreateExtensionAssociation,high,medium,https://github.com/HackTricks-wiki/hacktricks-cloud/blob/45bcf7a7381a496d6dfd5b5d533681fff85c608d/src/pentesting-cloud/aws-security/aws-persistence/aws-appconfig-persistence/README.md,Documented conditional persistence or retained access
aws,appconfig:CreateHostedConfigurationVersion,high,high,https://github.com/HackTricks-wiki/hacktricks-cloud/blob/45bcf7a7381a496d6dfd5b5d533681fff85c608d/src/pentesting-cloud/aws-security/aws-post-exploitation/aws-appconfig-post-exploitation/README.md,Existing source-validated code/configuration poisoning or privileged trigger; retain conditional impact
aws,appconfig:StartDeployment,high,high,https://github.com/HackTricks-wiki/hacktricks-cloud/blob/45bcf7a7381a496d6dfd5b5d533681fff85c608d/src/pentesting-cloud/aws-security/aws-post-exploitation/aws-appconfig-post-exploitation/README.md,Existing source-validated code/configuration poisoning or privileged trigger; retain conditional impact
aws,appfabric:StartIngestion,high,medium,https://github.com/HackTricks-wiki/hacktricks-cloud/blob/45bcf7a7381a496d6dfd5b5d533681fff85c608d/src/pentesting-cloud/aws-security/aws-post-exploitation/aws-appfabric-post-exploitation/README.md,Documented sensitive-data or credential access
aws,appflow:UseConnectorProfile,medium,medium,https://github.com/HackTricks-wiki/hacktricks-cloud/blob/45bcf7a7381a496d6dfd5b5d533681fff85c608d/src/pentesting-cloud/aws-security/aws-post-exploitation/aws-appflow-post-exploitation/README.md,"Availability, integrity or telemetry impact without standalone sensitive access"
aws,appmesh:UpdateRoute,high,medium,https://github.com/HackTricks-wiki/hacktricks-cloud/blob/45bcf7a7381a496d6dfd5b5d533681fff85c608d/src/pentesting-cloud/aws-security/aws-post-exploitation/aws-app-mesh-post-exploitation/README.md,"Conditional access, interception, execution or security-boundary change"
aws,appmesh:UpdateVirtualNode,high,medium,https://github.com/HackTricks-wiki/hacktricks-cloud/blob/45bcf7a7381a496d6dfd5b5d533681fff85c608d/src/pentesting-cloud/aws-security/aws-post-exploitation/aws-app-mesh-post-exploitation/README.md,"Conditional access, interception, execution or security-boundary change"
aws,appmesh:UpdateVirtualService,high,medium,https://github.com/HackTricks-wiki/hacktricks-cloud/blob/45bcf7a7381a496d6dfd5b5d533681fff85c608d/src/pentesting-cloud/aws-security/aws-post-exploitation/aws-app-mesh-post-exploitation/README.md,"Conditional access, interception, execution or security-boundary change"
aws,apprunner:CreateService,high,medium,https://github.com/HackTricks-wiki/hacktricks-cloud/blob/45bcf7a7381a496d6dfd5b5d533681fff85c608d/src/pentesting-cloud/aws-security/aws-privilege-escalation/aws-apprunner-privesc/README.md,Documented escalation primitive requiring target context or other capabilities
aws,apprunner:UpdateService,high,medium,https://github.com/HackTricks-wiki/hacktricks-cloud/blob/45bcf7a7381a496d6dfd5b5d533681fff85c608d/src/pentesting-cloud/aws-security/aws-privilege-escalation/aws-apprunner-privesc/README.md,Documented escalation primitive requiring target context or other capabilities
aws,appstream:BatchAssociateUserStack,high,medium,https://github.com/HackTricks-wiki/hacktricks-cloud/blob/45bcf7a7381a496d6dfd5b5d533681fff85c608d/src/pentesting-cloud/aws-security/aws-persistence/aws-appstream-persistence/README.md,Documented sensitive-data or credential access
aws,appstream:CreateEntitlement,high,medium,https://github.com/HackTricks-wiki/hacktricks-cloud/blob/45bcf7a7381a496d6dfd5b5d533681fff85c608d/src/pentesting-cloud/aws-security/aws-privilege-escalation/aws-appstream-privesc/README.md,Documented escalation primitive requiring target context or other capabilities
aws,appstream:CreateExportImageTask,high,medium,https://github.com/HackTricks-wiki/hacktricks-cloud/blob/45bcf7a7381a496d6dfd5b5d533681fff85c608d/src/pentesting-cloud/aws-security/aws-post-exploitation/aws-appstream-post-exploitation/README.md,Documented sensitive-data or credential access
aws,appstream:CreateImageBuilder,high,medium,https://github.com/HackTricks-wiki/hacktricks-cloud/blob/45bcf7a7381a496d6dfd5b5d533681fff85c608d/src/pentesting-cloud/aws-security/aws-privilege-escalation/aws-appstream-privesc/README.md,Documented escalation primitive requiring target context or other capabilities
aws,appstream:CreateUser,high,medium,https://github.com/HackTricks-wiki/hacktricks-cloud/blob/45bcf7a7381a496d6dfd5b5d533681fff85c608d/src/pentesting-cloud/aws-security/aws-persistence/aws-appstream-persistence/README.md,Documented sensitive-data or credential access
aws,appstream:EnableUser,high,medium,https://github.com/HackTricks-wiki/hacktricks-cloud/blob/45bcf7a7381a496d6dfd5b5d533681fff85c608d/src/pentesting-cloud/aws-security/aws-persistence/aws-appstream-persistence/README.md,Documented sensitive-data or credential access
aws,appstream:UpdateApplication,high,medium,https://github.com/HackTricks-wiki/hacktricks-cloud/blob/45bcf7a7381a496d6dfd5b5d533681fff85c608d/src/pentesting-cloud/aws-security/aws-privilege-escalation/aws-appstream-privesc/README.md,Documented escalation primitive requiring target context or other capabilities
aws,appstream:UpdateEntitlement,high,medium,https://github.com/HackTricks-wiki/hacktricks-cloud/blob/45bcf7a7381a496d6dfd5b5d533681fff85c608d/src/pentesting-cloud/aws-security/aws-privilege-escalation/aws-appstream-privesc/README.md,Documented escalation primitive requiring target context or other capabilities
aws,appstream:UpdateFleet,high,medium,https://github.com/HackTricks-wiki/hacktricks-cloud/blob/45bcf7a7381a496d6dfd5b5d533681fff85c608d/src/pentesting-cloud/aws-security/aws-persistence/aws-appstream-persistence/README.md,Documented conditional persistence or retained access
aws,appstream:UpdateImagePermissions,high,medium,https://github.com/HackTricks-wiki/hacktricks-cloud/blob/45bcf7a7381a496d6dfd5b5d533681fff85c608d/src/pentesting-cloud/aws-security/aws-post-exploitation/aws-appstream-post-exploitation/README.md,Documented sensitive-data or credential access
aws,appstream:UpdateStack,high,medium,https://github.com/HackTricks-wiki/hacktricks-cloud/blob/45bcf7a7381a496d6dfd5b5d533681fff85c608d/src/pentesting-cloud/aws-security/aws-post-exploitation/aws-appstream-post-exploitation/README.md,"Conditional access, interception, execution or security-boundary change"
aws,appsync:CreateApiKey,high,medium,https://github.com/HackTricks-wiki/hacktricks-cloud/blob/45bcf7a7381a496d6dfd5b5d533681fff85c608d/src/pentesting-cloud/aws-security/aws-privilege-escalation/aws-appsync-privesc/README.md,Documented escalation primitive requiring target context or other capabilities
aws,appsync:CreateDataSource,high,medium,https://github.com/HackTricks-wiki/hacktricks-cloud/blob/45bcf7a7381a496d6dfd5b5d533681fff85c608d/src/pentesting-cloud/aws-security/aws-privilege-escalation/aws-appsync-privesc/README.md,Documented escalation primitive requiring target context or other capabilities
aws,appsync:UpdateDataSource,high,medium,https://github.com/HackTricks-wiki/hacktricks-cloud/blob/45bcf7a7381a496d6dfd5b5d533681fff85c608d/src/pentesting-cloud/aws-security/aws-privilege-escalation/aws-appsync-privesc/README.md,Documented escalation primitive requiring target context or other capabilities
aws,appsync:UpdateGraphqlApi,high,medium,https://github.com/HackTricks-wiki/hacktricks-cloud/blob/45bcf7a7381a496d6dfd5b5d533681fff85c608d/src/pentesting-cloud/aws-security/aws-privilege-escalation/aws-appsync-privesc/README.md,Documented escalation primitive requiring target context or other capabilities
aws,aps:RemoteWrite,medium,medium,https://github.com/HackTricks-wiki/hacktricks-cloud/blob/45bcf7a7381a496d6dfd5b5d533681fff85c608d/src/pentesting-cloud/aws-security/aws-post-exploitation/aws-managed-prometheus-post-exploitation/README.md,"Availability, integrity or telemetry impact without standalone sensitive access"
aws,arc-region-switch:CreatePlan,high,medium,https://github.com/HackTricks-wiki/hacktricks-cloud/blob/45bcf7a7381a496d6dfd5b5d533681fff85c608d/src/pentesting-cloud/aws-security/aws-privilege-escalation/aws-region-switch-privesc/README.md,Documented escalation primitive requiring target context or other capabilities
aws,arc-region-switch:StartPlanExecution,high,medium,https://github.com/HackTricks-wiki/hacktricks-cloud/blob/45bcf7a7381a496d6dfd5b5d533681fff85c608d/src/pentesting-cloud/aws-security/aws-privilege-escalation/aws-region-switch-privesc/README.md,Documented escalation primitive requiring target context or other capabilities
aws,artifact:GetReport,high,low,https://github.com/HackTricks-wiki/hacktricks-cloud/blob/45bcf7a7381a496d6dfd5b5d533681fff85c608d/src/pentesting-cloud/aws-security/aws-post-exploitation/aws-artifact-post-exploitation/README.md,Documented sensitive-data or credential access
aws,artifact:GetTermForReport,high,low,https://github.com/HackTricks-wiki/hacktricks-cloud/blob/45bcf7a7381a496d6dfd5b5d533681fff85c608d/src/pentesting-cloud/aws-security/aws-post-exploitation/aws-artifact-post-exploitation/README.md,Documented sensitive-data or credential access
aws,athena:CreateWorkGroup,high,medium,https://github.com/HackTricks-wiki/hacktricks-cloud/blob/45bcf7a7381a496d6dfd5b5d533681fff85c608d/src/pentesting-cloud/aws-security/aws-post-exploitation/aws-athena-post-exploitation/README.md,Documented sensitive-data or credential access
aws,athena:StartQueryExecution,high,medium,https://github.com/HackTricks-wiki/hacktricks-cloud/blob/45bcf7a7381a496d6dfd5b5d533681fff85c608d/src/pentesting-cloud/aws-security/aws-post-exploitation/aws-athena-post-exploitation/README.md,Documented sensitive-data or credential access
aws,athena:StartSession,high,medium,https://github.com/HackTricks-wiki/hacktricks-cloud/blob/45bcf7a7381a496d6dfd5b5d533681fff85c608d/src/pentesting-cloud/aws-security/aws-privilege-escalation/aws-athena-spark-role-privesc/README.md,Documented escalation primitive requiring target context or other capabilities
aws,athena:TerminateSession,medium,medium,https://github.com/HackTricks-wiki/hacktricks-cloud/blob/45bcf7a7381a496d6dfd5b5d533681fff85c608d/src/pentesting-cloud/aws-security/aws-privilege-escalation/aws-athena-spark-role-privesc/README.md,"Availability, integrity, telemetry or operational impact; no direct sensitive access or escalation"
aws,auditmanager:CreateAssessmentReport,high,medium,https://github.com/HackTricks-wiki/hacktricks-cloud/blob/45bcf7a7381a496d6dfd5b5d533681fff85c608d/src/pentesting-cloud/aws-security/aws-post-exploitation/aws-audit-manager-post-exploitation/README.md,Documented sensitive-data or credential access
aws,auditmanager:UpdateAssessment,high,medium,https://github.com/HackTricks-wiki/hacktricks-cloud/blob/45bcf7a7381a496d6dfd5b5d533681fff85c608d/src/pentesting-cloud/aws-security/aws-post-exploitation/aws-audit-manager-post-exploitation/README.md,Documented sensitive-data or credential access
aws,auditmanager:UpdateSettings,high,medium,https://github.com/HackTricks-wiki/hacktricks-cloud/blob/45bcf7a7381a496d6dfd5b5d533681fff85c608d/src/pentesting-cloud/aws-security/aws-post-exploitation/aws-audit-manager-post-exploitation/README.md,Documented sensitive-data or credential access
aws,autoscaling:SuspendProcesses,medium,medium,https://github.com/HackTricks-wiki/hacktricks-cloud/blob/45bcf7a7381a496d6dfd5b5d533681fff85c608d/src/pentesting-cloud/aws-security/aws-privilege-escalation/aws-elastic-beanstalk-privesc/README.md,"Availability, integrity, telemetry or operational impact; no direct sensitive access or escalation"
aws,autoscaling:UpdateAutoScalingGroup,high,medium,https://github.com/HackTricks-wiki/hacktricks-cloud/blob/45bcf7a7381a496d6dfd5b5d533681fff85c608d/src/pentesting-cloud/aws-security/aws-privilege-escalation/aws-ec2-privesc/README.md,Documented escalation primitive requiring target context or other capabilities
aws,aws-marketplace:BatchMeterUsage,medium,medium,https://github.com/HackTricks-wiki/hacktricks-cloud/blob/45bcf7a7381a496d6dfd5b5d533681fff85c608d/src/pentesting-cloud/aws-security/aws-post-exploitation/aws-marketplace-post-exploitation/README.md,"Availability, integrity or telemetry impact without standalone sensitive access"
aws,aws-marketplace:GetBuyerDashboard,high,low,https://github.com/HackTricks-wiki/hacktricks-cloud/blob/45bcf7a7381a496d6dfd5b5d533681fff85c608d/src/pentesting-cloud/aws-security/aws-post-exploitation/aws-marketplace-post-exploitation/README.md,Documented sensitive-data or credential access
aws,aws-marketplace:GetEntitlements,high,low,https://github.com/HackTricks-wiki/hacktricks-cloud/blob/45bcf7a7381a496d6dfd5b5d533681fff85c608d/src/pentesting-cloud/aws-security/aws-post-exploitation/aws-marketplace-post-exploitation/README.md,Documented sensitive-data or credential access
aws,aws-marketplace:PutDeploymentParameter,medium,medium,https://github.com/HackTricks-wiki/hacktricks-cloud/blob/45bcf7a7381a496d6dfd5b5d533681fff85c608d/src/pentesting-cloud/aws-security/aws-post-exploitation/aws-marketplace-post-exploitation/README.md,"Availability, integrity or telemetry impact without standalone sensitive access"
aws,aws-marketplace:PutResourcePolicy,high,high,https://github.com/HackTricks-wiki/hacktricks-cloud/blob/45bcf7a7381a496d6dfd5b5d533681fff85c608d/src/pentesting-cloud/aws-security/aws-persistence/aws-marketplace-persistence/README.md,Documented conditional persistence or retained access
aws,aws-marketplace:StartChangeSet,medium,medium,https://github.com/HackTricks-wiki/hacktricks-cloud/blob/45bcf7a7381a496d6dfd5b5d533681fff85c608d/src/pentesting-cloud/aws-security/aws-post-exploitation/aws-marketplace-post-exploitation/README.md,"Availability, integrity or telemetry impact without standalone sensitive access"
aws,backup-search:StartSearchResultExportJob,high,medium,https://github.com/HackTricks-wiki/hacktricks-cloud/blob/45bcf7a7381a496d6dfd5b5d533681fff85c608d/src/pentesting-cloud/aws-security/aws-post-exploitation/aws-backup-post-exploitation/README.md,Documented sensitive-data or credential access
aws,backup-search:TagResource,medium,medium,https://github.com/HackTricks-wiki/hacktricks-cloud/blob/45bcf7a7381a496d6dfd5b5d533681fff85c608d/src/pentesting-cloud/aws-security/aws-post-exploitation/aws-backup-post-exploitation/README.md,"Availability, integrity, telemetry or operational impact; no direct sensitive access or escalation"
aws,backup:StartRestoreJob,medium,medium,Existing bundled exact prerequisite control,Existing validated permission prerequisite or operational control
aws,batch:RegisterJobDefinition,high,medium,https://github.com/HackTricks-wiki/hacktricks-cloud/blob/45bcf7a7381a496d6dfd5b5d533681fff85c608d/src/pentesting-cloud/aws-security/aws-privilege-escalation/aws-batch-privesc/README.md,Documented escalation primitive requiring target context or other capabilities
aws,bcm-data-exports:CreateExport,high,medium,https://github.com/HackTricks-wiki/hacktricks-cloud/blob/45bcf7a7381a496d6dfd5b5d533681fff85c608d/src/pentesting-cloud/aws-security/aws-persistence/aws-invoicing-and-billing-persistence/README.md,Documented sensitive-data or credential access
aws,bcm-pricing-calculator:CreateBillEstimate,medium,medium,https://github.com/HackTricks-wiki/hacktricks-cloud/blob/45bcf7a7381a496d6dfd5b5d533681fff85c608d/src/pentesting-cloud/aws-security/aws-post-exploitation/aws-pricing-calculator-post-exploitation/README.md,"Availability, integrity, telemetry or operational impact; no direct sensitive access or escalation"
aws,bcm-pricing-calculator:CreateBillScenario,medium,medium,https://github.com/HackTricks-wiki/hacktricks-cloud/blob/45bcf7a7381a496d6dfd5b5d533681fff85c608d/src/pentesting-cloud/aws-security/aws-post-exploitation/aws-pricing-calculator-post-exploitation/README.md,"Availability, integrity, telemetry or operational impact; no direct sensitive access or escalation"
aws,bedrock-agentcore:CreateAgentRuntime,high,medium,https://github.com/HackTricks-wiki/hacktricks-cloud/blob/45bcf7a7381a496d6dfd5b5d533681fff85c608d/src/pentesting-cloud/aws-security/aws-privilege-escalation/aws-bedrock-agentcore-privesc/README.md,Documented escalation primitive requiring target context or other capabilities
aws,bedrock-agentcore:CreateAgentRuntimeEndpoint,high,medium,https://github.com/HackTricks-wiki/hacktricks-cloud/blob/45bcf7a7381a496d6dfd5b5d533681fff85c608d/src/pentesting-cloud/aws-security/aws-privilege-escalation/aws-bedrock-privesc/README.md,Documented escalation primitive requiring target context or other capabilities
aws,bedrock-agentcore:CreateCodeInterpreter,high,medium,https://github.com/HackTricks-wiki/hacktricks-cloud/blob/45bcf7a7381a496d6dfd5b5d533681fff85c608d/src/pentesting-cloud/aws-security/aws-privilege-escalation/aws-bedrock-agentcore-privesc/README.md,Documented escalation primitive requiring target context or other capabilities
aws,bedrock-agentcore:CreateGatewayTarget,high,medium,https://github.com/HackTricks-wiki/hacktricks-cloud/blob/45bcf7a7381a496d6dfd5b5d533681fff85c608d/src/pentesting-cloud/aws-security/aws-post-exploitation/aws-bedrock-post-exploitation/README.md,"Conditional access, interception, execution or security-boundary change"
aws,bedrock-agentcore:CreateHarness,high,medium,https://github.com/HackTricks-wiki/hacktricks-cloud/blob/45bcf7a7381a496d6dfd5b5d533681fff85c608d/src/pentesting-cloud/aws-security/aws-privilege-escalation/aws-bedrock-agentcore-privesc/README.md,Documented escalation primitive requiring target context or other capabilities
aws,bedrock-agentcore:InvokeCodeInterpreter,high,medium,https://github.com/HackTricks-wiki/hacktricks-cloud/blob/45bcf7a7381a496d6dfd5b5d533681fff85c608d/src/pentesting-cloud/aws-security/aws-privilege-escalation/aws-bedrock-privesc/README.md,Documented escalation primitive requiring target context or other capabilities
aws,bedrock-agentcore:StartCodeInterpreterSession,high,medium,https://github.com/HackTricks-wiki/hacktricks-cloud/blob/45bcf7a7381a496d6dfd5b5d533681fff85c608d/src/pentesting-cloud/aws-security/aws-privilege-escalation/aws-bedrock-privesc/README.md,Documented escalation primitive requiring target context or other capabilities
aws,bedrock-agentcore:UpdateAgentRuntime,high,medium,https://github.com/HackTricks-wiki/hacktricks-cloud/blob/45bcf7a7381a496d6dfd5b5d533681fff85c608d/src/pentesting-cloud/aws-security/aws-privilege-escalation/aws-bedrock-agentcore-privesc/README.md,Documented escalation primitive requiring target context or other capabilities
aws,bedrock:CopyBlueprintStage,high,medium,https://github.com/HackTricks-wiki/hacktricks-cloud/blob/45bcf7a7381a496d6dfd5b5d533681fff85c608d/src/pentesting-cloud/aws-security/aws-persistence/aws-bedrock-data-automation-persistence/README.md,Documented conditional persistence or retained access
aws,bedrock:CreateBlueprintVersion,high,medium,https://github.com/HackTricks-wiki/hacktricks-cloud/blob/45bcf7a7381a496d6dfd5b5d533681fff85c608d/src/pentesting-cloud/aws-security/aws-persistence/aws-bedrock-data-automation-persistence/README.md,Documented conditional persistence or retained access
aws,bedrock:DeleteModelInvocationLoggingConfiguration,medium,medium,https://github.com/HackTricks-wiki/hacktricks-cloud/blob/45bcf7a7381a496d6dfd5b5d533681fff85c608d/src/pentesting-cloud/aws-security/aws-post-exploitation/aws-bedrock-post-exploitation/README.md,"Availability or cleanup, not standalone escalation"
aws,bedrock:InvokeAgent,high,medium,https://github.com/HackTricks-wiki/hacktricks-cloud/blob/45bcf7a7381a496d6dfd5b5d533681fff85c608d/src/pentesting-cloud/aws-security/aws-privilege-escalation/aws-bedrock-privesc/README.md,Documented escalation primitive requiring target context or other capabilities
aws,bedrock:PutModelInvocationLoggingConfiguration,medium,medium,https://github.com/HackTricks-wiki/hacktricks-cloud/blob/45bcf7a7381a496d6dfd5b5d533681fff85c608d/src/pentesting-cloud/aws-security/aws-post-exploitation/aws-bedrock-post-exploitation/README.md,"Availability, integrity or telemetry impact without standalone sensitive access"
aws,bedrock:UpdateBlueprint,high,medium,https://github.com/HackTricks-wiki/hacktricks-cloud/blob/45bcf7a7381a496d6dfd5b5d533681fff85c608d/src/pentesting-cloud/aws-security/aws-persistence/aws-bedrock-data-automation-persistence/README.md,Documented conditional persistence or retained access
aws,bedrock:UpdateDataAutomationProject,high,medium,https://github.com/HackTricks-wiki/hacktricks-cloud/blob/45bcf7a7381a496d6dfd5b5d533681fff85c608d/src/pentesting-cloud/aws-security/aws-persistence/aws-bedrock-data-automation-persistence/README.md,Documented conditional persistence or retained access
aws,bedrock:UpdateGuardrail,high,medium,https://github.com/HackTricks-wiki/hacktricks-cloud/blob/45bcf7a7381a496d6dfd5b5d533681fff85c608d/src/pentesting-cloud/aws-security/aws-post-exploitation/aws-bedrock-post-exploitation/README.md,"Conditional access, interception, execution or security-boundary change"
aws,billing:PutResourcePolicy,high,high,https://github.com/HackTricks-wiki/hacktricks-cloud/blob/45bcf7a7381a496d6dfd5b5d533681fff85c608d/src/pentesting-cloud/aws-security/aws-post-exploitation/aws-invoicing-and-billing-post-exploitation/README.md,Documented sensitive-data or credential access
aws,billing:UpdateIAMAccessPreference,high,medium,https://github.com/HackTricks-wiki/hacktricks-cloud/blob/45bcf7a7381a496d6dfd5b5d533681fff85c608d/src/pentesting-cloud/aws-security/aws-privilege-escalation/aws-invoicing-and-billing-privesc/README.md,Documented escalation primitive requiring target context or other capabilities
aws,billing:UseSourceView,high,medium,https://github.com/HackTricks-wiki/hacktricks-cloud/blob/45bcf7a7381a496d6dfd5b5d533681fff85c608d/src/pentesting-cloud/aws-security/aws-post-exploitation/aws-invoicing-and-billing-post-exploitation/README.md,Documented sensitive-data or credential access
aws,braket:CreateJob,high,medium,https://github.com/HackTricks-wiki/hacktricks-cloud/blob/45bcf7a7381a496d6dfd5b5d533681fff85c608d/src/pentesting-cloud/aws-security/aws-privilege-escalation/aws-braket-privesc/README.md,Documented escalation primitive requiring target context or other capabilities
aws,budgets:CreateBudgetAction,high,medium,https://github.com/HackTricks-wiki/hacktricks-cloud/blob/45bcf7a7381a496d6dfd5b5d533681fff85c608d/src/pentesting-cloud/aws-security/aws-privilege-escalation/aws-budgets-privesc/README.md,Documented escalation primitive requiring target context or other capabilities
aws,budgets:DeleteBudgetAction,medium,medium,https://github.com/HackTricks-wiki/hacktricks-cloud/blob/45bcf7a7381a496d6dfd5b5d533681fff85c608d/src/pentesting-cloud/aws-security/aws-post-exploitation/aws-cost-explorer-post-exploitation/README.md,"Availability or cleanup, not standalone escalation"
aws,budgets:ExecuteBudgetAction,high,medium,https://github.com/HackTricks-wiki/hacktricks-cloud/blob/45bcf7a7381a496d6dfd5b5d533681fff85c608d/src/pentesting-cloud/aws-security/aws-privilege-escalation/aws-budgets-privesc/README.md,Documented escalation primitive requiring target context or other capabilities
aws,cases:TagResource,high,medium,https://github.com/HackTricks-wiki/hacktricks-cloud/blob/45bcf7a7381a496d6dfd5b5d533681fff85c608d/src/pentesting-cloud/aws-security/aws-privilege-escalation/aws-connect-cases-privesc/README.md,Documented escalation primitive requiring target context or other capabilities
aws,cases:UntagResource,high,medium,https://github.com/HackTricks-wiki/hacktricks-cloud/blob/45bcf7a7381a496d6dfd5b5d533681fff85c608d/src/pentesting-cloud/aws-security/aws-privilege-escalation/aws-connect-cases-privesc/README.md,Documented escalation primitive requiring target context or other capabilities
aws,cassandra:Modify,medium,medium,Existing bundled exact prerequisite control,Existing validated permission prerequisite or operational control
aws,ce:DeleteAnomalyMonitor,medium,medium,https://github.com/HackTricks-wiki/hacktricks-cloud/blob/45bcf7a7381a496d6dfd5b5d533681fff85c608d/src/pentesting-cloud/aws-security/aws-post-exploitation/aws-cost-explorer-post-exploitation/README.md,"Availability or cleanup, not standalone escalation"
aws,ce:DeleteAnomalySubscription,medium,medium,https://github.com/HackTricks-wiki/hacktricks-cloud/blob/45bcf7a7381a496d6dfd5b5d533681fff85c608d/src/pentesting-cloud/aws-security/aws-post-exploitation/aws-cost-explorer-post-exploitation/README.md,"Availability or cleanup, not standalone escalation"
aws,ce:UpdateAnomalyMonitor,medium,medium,https://github.com/HackTricks-wiki/hacktricks-cloud/blob/45bcf7a7381a496d6dfd5b5d533681fff85c608d/src/pentesting-cloud/aws-security/aws-post-exploitation/aws-cost-explorer-post-exploitation/README.md,"Availability, integrity or telemetry impact without standalone sensitive access"
aws,ce:UpdateAnomalySubscription,medium,medium,https://github.com/HackTricks-wiki/hacktricks-cloud/blob/45bcf7a7381a496d6dfd5b5d533681fff85c608d/src/pentesting-cloud/aws-security/aws-post-exploitation/aws-cost-explorer-post-exploitation/README.md,"Availability, integrity or telemetry impact without standalone sensitive access"
aws,chatbot:CreateSlackChannelConfiguration,high,medium,https://github.com/HackTricks-wiki/hacktricks-cloud/blob/45bcf7a7381a496d6dfd5b5d533681fff85c608d/src/pentesting-cloud/aws-security/aws-privilege-escalation/aws-chatbot-privesc/README.md,Documented escalation primitive requiring target context or other capabilities
aws,chime:AssociateChannelFlow,high,medium,https://github.com/HackTricks-wiki/hacktricks-cloud/blob/45bcf7a7381a496d6dfd5b5d533681fff85c608d/src/pentesting-cloud/aws-security/aws-persistence/aws-chime-sdk-persistence/README.md,Documented conditional persistence or retained access
aws,chime:CreateAppInstanceAdmin,high,medium,https://github.com/HackTricks-wiki/hacktricks-cloud/blob/45bcf7a7381a496d6dfd5b5d533681fff85c608d/src/pentesting-cloud/aws-security/aws-persistence/aws-chime-sdk-persistence/README.md,"Conditional access, interception, execution or security-boundary change"
aws,chime:CreateAppInstanceUser,high,medium,https://github.com/HackTricks-wiki/hacktricks-cloud/blob/45bcf7a7381a496d6dfd5b5d533681fff85c608d/src/pentesting-cloud/aws-security/aws-privilege-escalation/aws-chime-privesc/README.md,Documented escalation primitive requiring target context or other capabilities
aws,chime:CreateAttendee,high,medium,https://github.com/HackTricks-wiki/hacktricks-cloud/blob/45bcf7a7381a496d6dfd5b5d533681fff85c608d/src/pentesting-cloud/aws-security/aws-persistence/aws-chime-sdk-persistence/README.md,Documented conditional persistence or retained access
aws,chime:CreateChannelFlow,high,medium,https://github.com/HackTricks-wiki/hacktricks-cloud/blob/45bcf7a7381a496d6dfd5b5d533681fff85c608d/src/pentesting-cloud/aws-security/aws-persistence/aws-chime-sdk-persistence/README.md,Documented conditional persistence or retained access
aws,chime:CreateChannelMembership,high,medium,https://github.com/HackTricks-wiki/hacktricks-cloud/blob/45bcf7a7381a496d6dfd5b5d533681fff85c608d/src/pentesting-cloud/aws-security/aws-persistence/aws-chime-sdk-persistence/README.md,"Conditional access, interception, execution or security-boundary change"
aws,chime:CreateMediaCapturePipeline,high,medium,https://github.com/HackTricks-wiki/hacktricks-cloud/blob/45bcf7a7381a496d6dfd5b5d533681fff85c608d/src/pentesting-cloud/aws-security/aws-post-exploitation/aws-chime-sdk-post-exploitation/README.md,"Conditional access, interception, execution or security-boundary change"
aws,chime:CreateMediaInsightsPipeline,high,medium,https://github.com/HackTricks-wiki/hacktricks-cloud/blob/45bcf7a7381a496d6dfd5b5d533681fff85c608d/src/pentesting-cloud/aws-security/aws-privilege-escalation/aws-chime-privesc/README.md,Documented escalation primitive requiring target context or other capabilities
aws,chime:CreateMediaInsightsPipelineConfiguration,high,medium,https://github.com/HackTricks-wiki/hacktricks-cloud/blob/45bcf7a7381a496d6dfd5b5d533681fff85c608d/src/pentesting-cloud/aws-security/aws-privilege-escalation/aws-chime-privesc/README.md,Documented escalation primitive requiring target context or other capabilities
aws,chime:CreateMediaLiveConnectorPipeline,high,medium,https://github.com/HackTricks-wiki/hacktricks-cloud/blob/45bcf7a7381a496d6dfd5b5d533681fff85c608d/src/pentesting-cloud/aws-security/aws-post-exploitation/aws-chime-sdk-post-exploitation/README.md,"Conditional access, interception, execution or security-boundary change"
aws,chime:CreateSipRule,high,medium,https://github.com/HackTricks-wiki/hacktricks-cloud/blob/45bcf7a7381a496d6dfd5b5d533681fff85c608d/src/pentesting-cloud/aws-security/aws-persistence/aws-chime-sdk-persistence/README.md,"Conditional access, interception, execution or security-boundary change"
aws,chime:GetMediaPipeline,high,low,https://github.com/HackTricks-wiki/hacktricks-cloud/blob/45bcf7a7381a496d6dfd5b5d533681fff85c608d/src/pentesting-cloud/aws-security/aws-post-exploitation/aws-chime-sdk-post-exploitation/README.md,Documented sensitive-data or credential access
aws,chime:PutMessagingStreamingConfigurations,high,medium,https://github.com/HackTricks-wiki/hacktricks-cloud/blob/45bcf7a7381a496d6dfd5b5d533681fff85c608d/src/pentesting-cloud/aws-security/aws-persistence/aws-chime-sdk-persistence/README.md,Documented conditional persistence or retained access
aws,chime:PutVoiceConnectorOrigination,high,medium,https://github.com/HackTricks-wiki/hacktricks-cloud/blob/45bcf7a7381a496d6dfd5b5d533681fff85c608d/src/pentesting-cloud/aws-security/aws-persistence/aws-chime-sdk-persistence/README.md,"Conditional access, interception, execution or security-boundary change"
aws,chime:PutVoiceConnectorStreamingConfiguration,high,medium,https://github.com/HackTricks-wiki/hacktricks-cloud/blob/45bcf7a7381a496d6dfd5b5d533681fff85c608d/src/pentesting-cloud/aws-security/aws-persistence/aws-chime-sdk-persistence/README.md,"Conditional access, interception, execution or security-boundary change"
aws,chime:PutVoiceConnectorTermination,high,medium,https://github.com/HackTricks-wiki/hacktricks-cloud/blob/45bcf7a7381a496d6dfd5b5d533681fff85c608d/src/pentesting-cloud/aws-security/aws-persistence/aws-chime-sdk-persistence/README.md,"Conditional access, interception, execution or security-boundary change"
aws,chime:PutVoiceConnectorTerminationCredentials,high,medium,https://github.com/HackTricks-wiki/hacktricks-cloud/blob/45bcf7a7381a496d6dfd5b5d533681fff85c608d/src/pentesting-cloud/aws-security/aws-persistence/aws-chime-sdk-persistence/README.md,"Conditional access, interception, execution or security-boundary change"
aws,chime:SendChannelMessage,high,medium,https://github.com/HackTricks-wiki/hacktricks-cloud/blob/45bcf7a7381a496d6dfd5b5d533681fff85c608d/src/pentesting-cloud/aws-security/aws-post-exploitation/aws-chime-sdk-post-exploitation/README.md,Documented sensitive-data or credential access
aws,chime:UpdateAttendeeCapabilities,medium,medium,https://github.com/HackTricks-wiki/hacktricks-cloud/blob/45bcf7a7381a496d6dfd5b5d533681fff85c608d/src/pentesting-cloud/aws-security/aws-post-exploitation/aws-chime-sdk-post-exploitation/README.md,"Availability, integrity or telemetry impact without standalone sensitive access"
aws,chime:UpdateMediaInsightsPipelineConfiguration,high,medium,https://github.com/HackTricks-wiki/hacktricks-cloud/blob/45bcf7a7381a496d6dfd5b5d533681fff85c608d/src/pentesting-cloud/aws-security/aws-privilege-escalation/aws-chime-privesc/README.md,Documented escalation primitive requiring target context or other capabilities
aws,chime:UpdateSipMediaApplication,high,medium,https://github.com/HackTricks-wiki/hacktricks-cloud/blob/45bcf7a7381a496d6dfd5b5d533681fff85c608d/src/pentesting-cloud/aws-security/aws-persistence/aws-chime-sdk-persistence/README.md,"Conditional access, interception, execution or security-boundary change"
aws,chime:UpdateSipRule,high,medium,https://github.com/HackTricks-wiki/hacktricks-cloud/blob/45bcf7a7381a496d6dfd5b5d533681fff85c608d/src/pentesting-cloud/aws-security/aws-persistence/aws-chime-sdk-persistence/README.md,"Conditional access, interception, execution or security-boundary change"
aws,cleanrooms-ml:PutConfiguredAudienceModelPolicy,high,medium,https://github.com/HackTricks-wiki/hacktricks-cloud/blob/45bcf7a7381a496d6dfd5b5d533681fff85c608d/src/pentesting-cloud/aws-security/aws-persistence/aws-clean-rooms-persistence/README.md,"Conditional access, interception, execution or security-boundary change"
aws,cleanrooms-ml:PutMLConfiguration,high,medium,https://github.com/HackTricks-wiki/hacktricks-cloud/blob/45bcf7a7381a496d6dfd5b5d533681fff85c608d/src/pentesting-cloud/aws-security/aws-persistence/aws-clean-rooms-persistence/README.md,Documented conditional persistence or retained access
aws,cleanrooms:CreateCollaborationChangeRequest,high,medium,https://github.com/HackTricks-wiki/hacktricks-cloud/blob/45bcf7a7381a496d6dfd5b5d533681fff85c608d/src/pentesting-cloud/aws-security/aws-persistence/aws-clean-rooms-persistence/README.md,"Conditional access, interception, execution or security-boundary change"
aws,cleanrooms:CreateConfiguredTableAnalysisRule,high,medium,https://github.com/HackTricks-wiki/hacktricks-cloud/blob/45bcf7a7381a496d6dfd5b5d533681fff85c608d/src/pentesting-cloud/aws-security/aws-post-exploitation/aws-clean-rooms-post-exploitation/README.md,"Conditional access, interception, execution or security-boundary change"
aws,cleanrooms:CreateMembership,high,medium,https://github.com/HackTricks-wiki/hacktricks-cloud/blob/45bcf7a7381a496d6dfd5b5d533681fff85c608d/src/pentesting-cloud/aws-security/aws-persistence/aws-clean-rooms-persistence/README.md,"Conditional access, interception, execution or security-boundary change"
aws,cleanrooms:DeleteConfiguredTableAnalysisRule,medium,medium,https://github.com/HackTricks-wiki/hacktricks-cloud/blob/45bcf7a7381a496d6dfd5b5d533681fff85c608d/src/pentesting-cloud/aws-security/aws-post-exploitation/aws-clean-rooms-post-exploitation/README.md,"Availability or cleanup, not standalone escalation"
aws,cleanrooms:UpdateCollaborationChangeRequest,high,medium,https://github.com/HackTricks-wiki/hacktricks-cloud/blob/45bcf7a7381a496d6dfd5b5d533681fff85c608d/src/pentesting-cloud/aws-security/aws-persistence/aws-clean-rooms-persistence/README.md,"Conditional access, interception, execution or security-boundary change"
aws,cleanrooms:UpdateConfiguredTable,medium,medium,https://github.com/HackTricks-wiki/hacktricks-cloud/blob/45bcf7a7381a496d6dfd5b5d533681fff85c608d/src/pentesting-cloud/aws-security/aws-post-exploitation/aws-clean-rooms-post-exploitation/README.md,"Availability, integrity or telemetry impact without standalone sensitive access"
aws,cleanrooms:UpdateConfiguredTableAllowedColumns,medium,medium,https://github.com/HackTricks-wiki/hacktricks-cloud/blob/45bcf7a7381a496d6dfd5b5d533681fff85c608d/src/pentesting-cloud/aws-security/aws-post-exploitation/aws-clean-rooms-post-exploitation/README.md,"Availability, integrity or telemetry impact without standalone sensitive access"
aws,cleanrooms:UpdateConfiguredTableAnalysisRule,high,medium,https://github.com/HackTricks-wiki/hacktricks-cloud/blob/45bcf7a7381a496d6dfd5b5d533681fff85c608d/src/pentesting-cloud/aws-security/aws-post-exploitation/aws-clean-rooms-post-exploitation/README.md,"Conditional access, interception, execution or security-boundary change"
aws,cleanrooms:UpdateConfiguredTableAssociation,high,medium,https://github.com/HackTricks-wiki/hacktricks-cloud/blob/45bcf7a7381a496d6dfd5b5d533681fff85c608d/src/pentesting-cloud/aws-security/aws-persistence/aws-clean-rooms-persistence/README.md,Documented conditional persistence or retained access
aws,cleanrooms:UpdateConfiguredTableAssociationAnalysisRule,high,medium,https://github.com/HackTricks-wiki/hacktricks-cloud/blob/45bcf7a7381a496d6dfd5b5d533681fff85c608d/src/pentesting-cloud/aws-security/aws-post-exploitation/aws-clean-rooms-post-exploitation/README.md,"Conditional access, interception, execution or security-boundary change"
aws,cleanrooms:UpdateConfiguredTableReference,medium,medium,https://github.com/HackTricks-wiki/hacktricks-cloud/blob/45bcf7a7381a496d6dfd5b5d533681fff85c608d/src/pentesting-cloud/aws-security/aws-post-exploitation/aws-clean-rooms-post-exploitation/README.md,"Availability, integrity or telemetry impact without standalone sensitive access"
aws,cleanrooms:UpdateMembership,high,medium,https://github.com/HackTricks-wiki/hacktricks-cloud/blob/45bcf7a7381a496d6dfd5b5d533681fff85c608d/src/pentesting-cloud/aws-security/aws-persistence/aws-clean-rooms-persistence/README.md,Documented conditional persistence or retained access
aws,cleanrooms:UpdatePrivacyBudgetTemplate,high,medium,https://github.com/HackTricks-wiki/hacktricks-cloud/blob/45bcf7a7381a496d6dfd5b5d533681fff85c608d/src/pentesting-cloud/aws-security/aws-post-exploitation/aws-clean-rooms-post-exploitation/README.md,"Conditional access, interception, execution or security-boundary change"
aws,cloudformation:CreateResource,high,medium,https://github.com/HackTricks-wiki/hacktricks-cloud/blob/45bcf7a7381a496d6dfd5b5d533681fff85c608d/src/pentesting-cloud/aws-security/aws-privilege-escalation/aws-cloudcontrol-privesc/README.md,Documented escalation primitive requiring target context or other capabilities
aws,cloudformation:CreateStackInstances,high,medium,https://github.com/HackTricks-wiki/hacktricks-cloud/blob/45bcf7a7381a496d6dfd5b5d533681fff85c608d/src/pentesting-cloud/aws-security/aws-privilege-escalation/aws-cloudformation-privesc/README.md,Documented escalation primitive requiring target context or other capabilities
aws,cloudformation:CreateStackSet,high,medium,https://github.com/HackTricks-wiki/hacktricks-cloud/blob/45bcf7a7381a496d6dfd5b5d533681fff85c608d/src/pentesting-cloud/aws-security/aws-privilege-escalation/aws-cloudformation-privesc/README.md,Documented escalation primitive requiring target context or other capabilities
aws,cloudformation:RegisterType,high,medium,https://github.com/HackTricks-wiki/hacktricks-cloud/blob/45bcf7a7381a496d6dfd5b5d533681fff85c608d/src/pentesting-cloud/aws-security/aws-privilege-escalation/aws-cloudformation-privesc/README.md,Documented escalation primitive requiring target context or other capabilities
aws,cloudfront:CreateFunction,high,medium,https://github.com/HackTricks-wiki/hacktricks-cloud/blob/45bcf7a7381a496d6dfd5b5d533681fff85c608d/src/pentesting-cloud/aws-security/aws-privilege-escalation/aws-cloudfront-privesc/README.md,Documented escalation primitive requiring target context or other capabilities
aws,cloudfront:PublishFunction,high,medium,https://github.com/HackTricks-wiki/hacktricks-cloud/blob/45bcf7a7381a496d6dfd5b5d533681fff85c608d/src/pentesting-cloud/aws-security/aws-privilege-escalation/aws-cloudfront-privesc/README.md,Documented escalation primitive requiring target context or other capabilities
aws,cloudfront:UpdateDistribution,high,medium,https://github.com/HackTricks-wiki/hacktricks-cloud/blob/45bcf7a7381a496d6dfd5b5d533681fff85c608d/src/pentesting-cloud/aws-security/aws-post-exploitation/aws-cloudfront-post-exploitation/README.md,"Conditional access, interception, execution or security-boundary change"
aws,cloudtrail-data:PutAuditEvents,medium,medium,https://github.com/HackTricks-wiki/hacktricks-cloud/blob/45bcf7a7381a496d6dfd5b5d533681fff85c608d/src/pentesting-cloud/aws-security/aws-post-exploitation/aws-cloudtrail-post-exploitation/README.md,"Availability, integrity or telemetry impact without standalone sensitive access"
aws,cloudtrail:DeleteChannel,medium,medium,https://github.com/HackTricks-wiki/hacktricks-cloud/blob/45bcf7a7381a496d6dfd5b5d533681fff85c608d/src/pentesting-cloud/aws-security/aws-post-exploitation/aws-cloudtrail-post-exploitation/README.md,"Availability or cleanup, not standalone escalation"
aws,cloudtrail:DeleteEventDataStore,medium,medium,https://github.com/HackTricks-wiki/hacktricks-cloud/blob/45bcf7a7381a496d6dfd5b5d533681fff85c608d/src/pentesting-cloud/aws-security/aws-post-exploitation/aws-cloudtrail-post-exploitation/README.md,"Availability or cleanup, not standalone escalation"
aws,cloudtrail:DeleteTrail,medium,medium,https://github.com/HackTricks-wiki/hacktricks-cloud/blob/45bcf7a7381a496d6dfd5b5d533681fff85c608d/src/pentesting-cloud/aws-security/aws-post-exploitation/aws-cloudtrail-post-exploitation/README.md,"Availability or cleanup, not standalone escalation"
aws,cloudtrail:DisableFederation,medium,medium,https://github.com/HackTricks-wiki/hacktricks-cloud/blob/45bcf7a7381a496d6dfd5b5d533681fff85c608d/src/pentesting-cloud/aws-security/aws-post-exploitation/aws-cloudtrail-post-exploitation/README.md,"Availability, integrity or telemetry impact without standalone sensitive access"
aws,cloudtrail:PutEventSelectors,medium,medium,https://github.com/HackTricks-wiki/hacktricks-cloud/blob/45bcf7a7381a496d6dfd5b5d533681fff85c608d/src/pentesting-cloud/aws-security/aws-persistence/aws-cloudtrail-persistence/README.md,"Availability, integrity or telemetry impact without standalone sensitive access"
aws,cloudtrail:PutInsightSelectors,medium,medium,https://github.com/HackTricks-wiki/hacktricks-cloud/blob/45bcf7a7381a496d6dfd5b5d533681fff85c608d/src/pentesting-cloud/aws-security/aws-post-exploitation/aws-cloudtrail-post-exploitation/README.md,"Availability, integrity or telemetry impact without standalone sensitive access"
aws,cloudtrail:StopEventDataStoreIngestion,medium,medium,https://github.com/HackTricks-wiki/hacktricks-cloud/blob/45bcf7a7381a496d6dfd5b5d533681fff85c608d/src/pentesting-cloud/aws-security/aws-post-exploitation/aws-cloudtrail-post-exploitation/README.md,"Availability or cleanup, not standalone escalation"
aws,cloudtrail:StopLogging,medium,medium,https://github.com/HackTricks-wiki/hacktricks-cloud/blob/45bcf7a7381a496d6dfd5b5d533681fff85c608d/src/pentesting-cloud/aws-security/aws-post-exploitation/aws-cloudtrail-post-exploitation/README.md,"Availability or cleanup, not standalone escalation"
aws,cloudtrail:UpdateEventDataStore,medium,medium,https://github.com/HackTricks-wiki/hacktricks-cloud/blob/45bcf7a7381a496d6dfd5b5d533681fff85c608d/src/pentesting-cloud/aws-security/aws-post-exploitation/aws-cloudtrail-post-exploitation/README.md,"Availability, integrity or telemetry impact without standalone sensitive access"
aws,cloudwatch:CreateAccessGrant,critical,medium,https://github.com/HackTricks-wiki/hacktricks-cloud/blob/45bcf7a7381a496d6dfd5b5d533681fff85c608d/src/pentesting-cloud/aws-security/aws-persistence/aws-cloudwatch-omni-persistence/README.md,"Direct privilege grant, identity takeover or near-self-sufficient privileged execution documented by the source"
aws,cloudwatch:CreateAlert,high,medium,https://github.com/HackTricks-wiki/hacktricks-cloud/blob/45bcf7a7381a496d6dfd5b5d533681fff85c608d/src/pentesting-cloud/aws-security/aws-persistence/aws-cloudwatch-omni-persistence/README.md,Documented conditional persistence or retained access
aws,cloudwatch:CreateOneTimeDeepLinkCode,high,medium,https://github.com/HackTricks-wiki/hacktricks-cloud/blob/45bcf7a7381a496d6dfd5b5d533681fff85c608d/src/pentesting-cloud/aws-security/aws-post-exploitation/aws-cloudwatch-omni-post-exploitation/README.md,Documented sensitive-data or credential access
aws,cloudwatch:CreateView,high,medium,https://github.com/HackTricks-wiki/hacktricks-cloud/blob/45bcf7a7381a496d6dfd5b5d533681fff85c608d/src/pentesting-cloud/aws-security/aws-privilege-escalation/aws-cloudwatch-omni-privesc/README.md,Documented escalation primitive requiring target context or other capabilities
aws,cloudwatch:DeleteAlarms,medium,medium,https://github.com/HackTricks-wiki/hacktricks-cloud/blob/45bcf7a7381a496d6dfd5b5d533681fff85c608d/src/pentesting-cloud/aws-security/aws-post-exploitation/aws-cloudwatch-post-exploitation/README.md,"Availability or cleanup, not standalone escalation"
aws,cloudwatch:DeleteAnomalyDetector,medium,medium,https://github.com/HackTricks-wiki/hacktricks-cloud/blob/45bcf7a7381a496d6dfd5b5d533681fff85c608d/src/pentesting-cloud/aws-security/aws-post-exploitation/aws-cloudwatch-post-exploitation/README.md,"Availability or cleanup, not standalone escalation"
aws,cloudwatch:DeleteDashboards,medium,medium,https://github.com/HackTricks-wiki/hacktricks-cloud/blob/45bcf7a7381a496d6dfd5b5d533681fff85c608d/src/pentesting-cloud/aws-security/aws-post-exploitation/aws-cloudwatch-post-exploitation/README.md,"Availability or cleanup, not standalone escalation"
aws,cloudwatch:DeleteInsightRules,medium,medium,https://github.com/HackTricks-wiki/hacktricks-cloud/blob/45bcf7a7381a496d6dfd5b5d533681fff85c608d/src/pentesting-cloud/aws-security/aws-post-exploitation/aws-cloudwatch-post-exploitation/README.md,"Availability or cleanup, not standalone escalation"
aws,cloudwatch:DeleteMetricStream,medium,medium,https://github.com/HackTricks-wiki/hacktricks-cloud/blob/45bcf7a7381a496d6dfd5b5d533681fff85c608d/src/pentesting-cloud/aws-security/aws-post-exploitation/aws-cloudwatch-post-exploitation/README.md,"Availability or cleanup, not standalone escalation"
aws,cloudwatch:DisableAlarmActions,medium,medium,https://github.com/HackTricks-wiki/hacktricks-cloud/blob/45bcf7a7381a496d6dfd5b5d533681fff85c608d/src/pentesting-cloud/aws-security/aws-post-exploitation/aws-cloudwatch-post-exploitation/README.md,"Availability, integrity or telemetry impact without standalone sensitive access"
aws,cloudwatch:DisableInsightRules,medium,medium,https://github.com/HackTricks-wiki/hacktricks-cloud/blob/45bcf7a7381a496d6dfd5b5d533681fff85c608d/src/pentesting-cloud/aws-security/aws-post-exploitation/aws-cloudwatch-post-exploitation/README.md,"Availability, integrity or telemetry impact without standalone sensitive access"
aws,cloudwatch:EnableAlarmActions,medium,medium,https://github.com/HackTricks-wiki/hacktricks-cloud/blob/45bcf7a7381a496d6dfd5b5d533681fff85c608d/src/pentesting-cloud/aws-security/aws-post-exploitation/aws-cloudwatch-post-exploitation/README.md,"Availability, integrity or telemetry impact without standalone sensitive access"
aws,cloudwatch:EnableInsightRules,medium,medium,https://github.com/HackTricks-wiki/hacktricks-cloud/blob/45bcf7a7381a496d6dfd5b5d533681fff85c608d/src/pentesting-cloud/aws-security/aws-post-exploitation/aws-cloudwatch-post-exploitation/README.md,"Availability, integrity or telemetry impact without standalone sensitive access"
aws,cloudwatch:Link,high,medium,https://github.com/HackTricks-wiki/hacktricks-cloud/blob/45bcf7a7381a496d6dfd5b5d533681fff85c608d/src/pentesting-cloud/aws-security/aws-post-exploitation/aws-cloudwatch-post-exploitation/README.md,Documented sensitive-data or credential access
aws,cloudwatch:PutAnomalyDetector,medium,medium,https://github.com/HackTricks-wiki/hacktricks-cloud/blob/45bcf7a7381a496d6dfd5b5d533681fff85c608d/src/pentesting-cloud/aws-security/aws-post-exploitation/aws-cloudwatch-post-exploitation/README.md,"Availability, integrity or telemetry impact without standalone sensitive access"
aws,cloudwatch:PutCompositeAlarm,medium,medium,https://github.com/HackTricks-wiki/hacktricks-cloud/blob/45bcf7a7381a496d6dfd5b5d533681fff85c608d/src/pentesting-cloud/aws-security/aws-post-exploitation/aws-cloudwatch-post-exploitation/README.md,"Availability, integrity or telemetry impact without standalone sensitive access"
aws,cloudwatch:PutDashboard,medium,medium,https://github.com/HackTricks-wiki/hacktricks-cloud/blob/45bcf7a7381a496d6dfd5b5d533681fff85c608d/src/pentesting-cloud/aws-security/aws-post-exploitation/aws-cloudwatch-post-exploitation/README.md,"Availability, integrity or telemetry impact without standalone sensitive access"
aws,cloudwatch:PutInsightRule,medium,medium,https://github.com/HackTricks-wiki/hacktricks-cloud/blob/45bcf7a7381a496d6dfd5b5d533681fff85c608d/src/pentesting-cloud/aws-security/aws-post-exploitation/aws-cloudwatch-post-exploitation/README.md,"Availability, integrity or telemetry impact without standalone sensitive access"
aws,cloudwatch:PutManagedInsightRules,medium,medium,https://github.com/HackTricks-wiki/hacktricks-cloud/blob/45bcf7a7381a496d6dfd5b5d533681fff85c608d/src/pentesting-cloud/aws-security/aws-post-exploitation/aws-cloudwatch-post-exploitation/README.md,"Availability, integrity or telemetry impact without standalone sensitive access"
aws,cloudwatch:PutMetricAlarm,medium,medium,https://github.com/HackTricks-wiki/hacktricks-cloud/blob/45bcf7a7381a496d6dfd5b5d533681fff85c608d/src/pentesting-cloud/aws-security/aws-post-exploitation/aws-cloudwatch-post-exploitation/README.md,"Availability, integrity or telemetry impact without standalone sensitive access"
aws,cloudwatch:PutMetricData,medium,medium,https://github.com/HackTricks-wiki/hacktricks-cloud/blob/45bcf7a7381a496d6dfd5b5d533681fff85c608d/src/pentesting-cloud/aws-security/aws-post-exploitation/aws-cloudwatch-post-exploitation/README.md,"Availability, integrity or telemetry impact without standalone sensitive access"
aws,cloudwatch:PutMetricStream,medium,medium,https://github.com/HackTricks-wiki/hacktricks-cloud/blob/45bcf7a7381a496d6dfd5b5d533681fff85c608d/src/pentesting-cloud/aws-security/aws-post-exploitation/aws-cloudwatch-post-exploitation/README.md,"Availability, integrity or telemetry impact without standalone sensitive access"
aws,cloudwatch:PutPipelineRule,medium,medium,https://github.com/HackTricks-wiki/hacktricks-cloud/blob/45bcf7a7381a496d6dfd5b5d533681fff85c608d/src/pentesting-cloud/aws-security/aws-post-exploitation/aws-cloudwatch-post-exploitation/README.md,"Availability, integrity or telemetry impact without standalone sensitive access"
aws,cloudwatch:SetAlarmState,high,high,https://github.com/HackTricks-wiki/hacktricks-cloud/blob/45bcf7a7381a496d6dfd5b5d533681fff85c608d/src/pentesting-cloud/aws-security/aws-post-exploitation/aws-cloudwatch-post-exploitation/README.md,Existing source-validated code/configuration poisoning or privileged trigger; retain conditional impact
aws,cloudwatch:StartMetricStreams,medium,medium,https://github.com/HackTricks-wiki/hacktricks-cloud/blob/45bcf7a7381a496d6dfd5b5d533681fff85c608d/src/pentesting-cloud/aws-security/aws-post-exploitation/aws-cloudwatch-post-exploitation/README.md,"Availability, integrity or telemetry impact without standalone sensitive access"
aws,cloudwatch:StopMetricStreams,medium,medium,https://github.com/HackTricks-wiki/hacktricks-cloud/blob/45bcf7a7381a496d6dfd5b5d533681fff85c608d/src/pentesting-cloud/aws-security/aws-post-exploitation/aws-cloudwatch-post-exploitation/README.md,"Availability or cleanup, not standalone escalation"
aws,cloudwatch:UpdateAlert,medium,medium,https://github.com/HackTricks-wiki/hacktricks-cloud/blob/45bcf7a7381a496d6dfd5b5d533681fff85c608d/src/pentesting-cloud/aws-security/aws-post-exploitation/aws-cloudwatch-omni-post-exploitation/README.md,"Availability, integrity or telemetry impact without standalone sensitive access"
aws,cloudwatch:UpdateIntegration,medium,medium,https://github.com/HackTricks-wiki/hacktricks-cloud/blob/45bcf7a7381a496d6dfd5b5d533681fff85c608d/src/pentesting-cloud/aws-security/aws-post-exploitation/aws-cloudwatch-omni-post-exploitation/README.md,"Availability, integrity or telemetry impact without standalone sensitive access"
aws,codeartifact:PutRepositoryPermissionsPolicy,high,medium,https://github.com/HackTricks-wiki/hacktricks-cloud/blob/45bcf7a7381a496d6dfd5b5d533681fff85c608d/src/pentesting-cloud/aws-security/aws-persistence/aws-codeartifact-persistence/README.md,Documented conditional persistence or retained access
aws,codebuild:DeleteProject,medium,medium,https://github.com/HackTricks-wiki/hacktricks-cloud/blob/45bcf7a7381a496d6dfd5b5d533681fff85c608d/src/pentesting-cloud/aws-security/aws-post-exploitation/aws-codebuild-post-exploitation/README.md,"Availability or cleanup, not standalone escalation"
aws,codebuild:DeleteSourceCredentials,medium,medium,https://github.com/HackTricks-wiki/hacktricks-cloud/blob/45bcf7a7381a496d6dfd5b5d533681fff85c608d/src/pentesting-cloud/aws-security/aws-post-exploitation/aws-codebuild-post-exploitation/README.md,"Availability or cleanup, not standalone escalation"
aws,codebuild:StartSandboxConnection,critical,medium,https://github.com/HackTricks-wiki/hacktricks-cloud/blob/45bcf7a7381a496d6dfd5b5d533681fff85c608d/src/pentesting-cloud/aws-security/aws-privilege-escalation/aws-codebuild-privesc/README.md,"Direct privilege grant, identity takeover or near-self-sufficient privileged execution documented by the source"
aws,codebuild:UpdateProjectVisibility,high,medium,https://github.com/HackTricks-wiki/hacktricks-cloud/blob/45bcf7a7381a496d6dfd5b5d533681fff85c608d/src/pentesting-cloud/aws-security/aws-post-exploitation/aws-codebuild-post-exploitation/README.md,"Conditional access, interception, execution or security-boundary change"
aws,codeconnections:CreateSyncConfiguration,high,medium,https://github.com/HackTricks-wiki/hacktricks-cloud/blob/45bcf7a7381a496d6dfd5b5d533681fff85c608d/src/pentesting-cloud/aws-security/aws-privilege-escalation/aws-codeconnections-privesc/README.md,Documented escalation primitive requiring target context or other capabilities
aws,codeconnections:PassRepository,high,medium,https://github.com/HackTricks-wiki/hacktricks-cloud/blob/45bcf7a7381a496d6dfd5b5d533681fff85c608d/src/pentesting-cloud/aws-security/aws-privilege-escalation/aws-codeconnections-privesc/README.md,Documented escalation primitive requiring target context or other capabilities
aws,codeconnections:UpdateSyncConfiguration,high,medium,https://github.com/HackTricks-wiki/hacktricks-cloud/blob/45bcf7a7381a496d6dfd5b5d533681fff85c608d/src/pentesting-cloud/aws-security/aws-privilege-escalation/aws-codeconnections-privesc/README.md,Documented escalation primitive requiring target context or other capabilities
aws,codedeploy:CreateDeployment,medium,medium,Existing bundled exact prerequisite control,Existing validated permission prerequisite or operational control
aws,codedeploy:RegisterApplicationRevision,medium,medium,Existing bundled exact prerequisite control,Existing validated permission prerequisite or operational control
aws,codeguru-profiler:GetProfile,high,low,https://github.com/HackTricks-wiki/hacktricks-cloud/blob/45bcf7a7381a496d6dfd5b5d533681fff85c608d/src/pentesting-cloud/aws-security/aws-post-exploitation/aws-codeguru-profiler-post-exploitation/README.md,Documented sensitive-data or credential access
aws,codeguru-profiler:PostAgentProfile,medium,medium,https://github.com/HackTricks-wiki/hacktricks-cloud/blob/45bcf7a7381a496d6dfd5b5d533681fff85c608d/src/pentesting-cloud/aws-security/aws-post-exploitation/aws-codeguru-profiler-post-exploitation/README.md,"Availability, integrity or telemetry impact without standalone sensitive access"
aws,codeguru-profiler:PutPermission,high,medium,https://github.com/HackTricks-wiki/hacktricks-cloud/blob/45bcf7a7381a496d6dfd5b5d533681fff85c608d/src/pentesting-cloud/aws-security/aws-persistence/aws-codeguru-profiler-persistence/README.md,Documented conditional persistence or retained access
aws,codepipeline:UpdatePipeline,high,medium,https://github.com/HackTricks-wiki/hacktricks-cloud/blob/45bcf7a7381a496d6dfd5b5d533681fff85c608d/src/pentesting-cloud/aws-security/aws-privilege-escalation/aws-codepipeline-privesc/README.md,Documented escalation primitive requiring target context or other capabilities
aws,codestar:AssociateTeamMember,high,medium,https://github.com/HackTricks-wiki/hacktricks-cloud/blob/45bcf7a7381a496d6dfd5b5d533681fff85c608d/src/pentesting-cloud/aws-security/aws-privilege-escalation/aws-codestar-privesc/README.md,Documented escalation primitive requiring target context or other capabilities
aws,codestar:CreateProjectFromTemplate,high,medium,https://github.com/HackTricks-wiki/hacktricks-cloud/blob/45bcf7a7381a496d6dfd5b5d533681fff85c608d/src/pentesting-cloud/aws-security/aws-privilege-escalation/aws-codestar-privesc/README.md,Documented escalation primitive requiring target context or other capabilities
aws,cognito-identity:SetPrincipalTagAttributeMap,high,medium,https://github.com/HackTricks-wiki/hacktricks-cloud/blob/45bcf7a7381a496d6dfd5b5d533681fff85c608d/src/pentesting-cloud/aws-security/aws-privilege-escalation/aws-cognito-privesc/README.md,Documented escalation primitive requiring target context or other capabilities
aws,cognito-idp:AdminGetUserAuthFactors,medium,medium,https://github.com/HackTricks-wiki/hacktricks-cloud/blob/45bcf7a7381a496d6dfd5b5d533681fff85c608d/src/pentesting-cloud/aws-security/aws-privilege-escalation/aws-cognito-privesc/README.md,"Availability, integrity, telemetry or operational impact; no direct sensitive access or escalation"
aws,cognito-idp:AdminLinkProviderForUser,critical,medium,https://github.com/HackTricks-wiki/hacktricks-cloud/blob/45bcf7a7381a496d6dfd5b5d533681fff85c608d/src/pentesting-cloud/aws-security/aws-privilege-escalation/aws-cognito-privesc/README.md,"Direct privilege grant, identity takeover or near-self-sufficient privileged execution documented by the source"
aws,cognito-idp:DeleteUserPool,medium,medium,https://github.com/HackTricks-wiki/hacktricks-cloud/blob/45bcf7a7381a496d6dfd5b5d533681fff85c608d/src/pentesting-cloud/aws-security/aws-post-exploitation/aws-cognito-post-exploitation/README.md,"Availability or cleanup, not standalone escalation"
aws,cognito-idp:DeleteUserPoolDomain,medium,medium,https://github.com/HackTricks-wiki/hacktricks-cloud/blob/45bcf7a7381a496d6dfd5b5d533681fff85c608d/src/pentesting-cloud/aws-security/aws-post-exploitation/aws-cognito-post-exploitation/README.md,"Availability or cleanup, not standalone escalation"
aws,cognito-idp:DeleteUserPoolReplica,medium,medium,https://github.com/HackTricks-wiki/hacktricks-cloud/blob/45bcf7a7381a496d6dfd5b5d533681fff85c608d/src/pentesting-cloud/aws-security/aws-post-exploitation/aws-cognito-user-pools-post-exploitation/README.md,"Availability or cleanup, not standalone escalation"
aws,cognito-idp:SetLogDeliveryConfiguration,medium,medium,https://github.com/HackTricks-wiki/hacktricks-cloud/blob/45bcf7a7381a496d6dfd5b5d533681fff85c608d/src/pentesting-cloud/aws-security/aws-post-exploitation/aws-cognito-post-exploitation/README.md,"Availability, integrity or telemetry impact without standalone sensitive access"
aws,cognito-idp:SetRiskConfiguration,high,medium,https://github.com/HackTricks-wiki/hacktricks-cloud/blob/45bcf7a7381a496d6dfd5b5d533681fff85c608d/src/pentesting-cloud/aws-security/aws-persistence/aws-cognito-persistence/README.md,Documented conditional persistence or retained access
aws,cognito-idp:UpdateProvisionedLimit,medium,medium,https://github.com/HackTricks-wiki/hacktricks-cloud/blob/45bcf7a7381a496d6dfd5b5d533681fff85c608d/src/pentesting-cloud/aws-security/aws-post-exploitation/aws-cognito-user-pools-post-exploitation/README.md,"Availability, integrity or telemetry impact without standalone sensitive access"
aws,cognito-idp:UpdateUserPoolReplica,medium,medium,https://github.com/HackTricks-wiki/hacktricks-cloud/blob/45bcf7a7381a496d6dfd5b5d533681fff85c608d/src/pentesting-cloud/aws-security/aws-post-exploitation/aws-cognito-user-pools-post-exploitation/README.md,"Availability, integrity or telemetry impact without standalone sensitive access"
aws,config:DeleteEvaluationResults,medium,medium,https://github.com/HackTricks-wiki/hacktricks-cloud/blob/45bcf7a7381a496d6dfd5b5d533681fff85c608d/src/pentesting-cloud/aws-security/aws-post-exploitation/aws-config-post-exploitation/README.md,"Availability or cleanup, not standalone escalation"
aws,config:DeliverConfigSnapshot,medium,medium,https://github.com/HackTricks-wiki/hacktricks-cloud/blob/45bcf7a7381a496d6dfd5b5d533681fff85c608d/src/pentesting-cloud/aws-security/aws-post-exploitation/aws-config-post-exploitation/README.md,"Availability, integrity, telemetry or operational impact; no direct sensitive access or escalation"
aws,config:PutConfigRule,medium,medium,https://github.com/HackTricks-wiki/hacktricks-cloud/blob/45bcf7a7381a496d6dfd5b5d533681fff85c608d/src/pentesting-cloud/aws-security/aws-post-exploitation/aws-config-post-exploitation/README.md,"Availability, integrity or telemetry impact without standalone sensitive access"
aws,config:PutConfigurationRecorder,medium,medium,https://github.com/HackTricks-wiki/hacktricks-cloud/blob/45bcf7a7381a496d6dfd5b5d533681fff85c608d/src/pentesting-cloud/aws-security/aws-post-exploitation/aws-config-post-exploitation/README.md,"Availability, integrity or telemetry impact without standalone sensitive access"
aws,config:PutRemediationConfigurations,high,medium,https://github.com/HackTricks-wiki/hacktricks-cloud/blob/45bcf7a7381a496d6dfd5b5d533681fff85c608d/src/pentesting-cloud/aws-security/aws-privilege-escalation/aws-config-privesc/README.md,Documented escalation primitive requiring target context or other capabilities
aws,config:PutRetentionConfiguration,medium,medium,https://github.com/HackTricks-wiki/hacktricks-cloud/blob/45bcf7a7381a496d6dfd5b5d533681fff85c608d/src/pentesting-cloud/aws-security/aws-post-exploitation/aws-config-post-exploitation/README.md,"Availability, integrity or telemetry impact without standalone sensitive access"
aws,config:SelectAggregateResourceConfig,medium,medium,https://github.com/HackTricks-wiki/hacktricks-cloud/blob/45bcf7a7381a496d6dfd5b5d533681fff85c608d/src/pentesting-cloud/aws-security/aws-post-exploitation/aws-config-post-exploitation/README.md,"Availability, integrity, telemetry or operational impact; no direct sensitive access or escalation"
aws,config:SelectResourceConfig,medium,medium,https://github.com/HackTricks-wiki/hacktricks-cloud/blob/45bcf7a7381a496d6dfd5b5d533681fff85c608d/src/pentesting-cloud/aws-security/aws-post-exploitation/aws-config-post-exploitation/README.md,"Availability, integrity, telemetry or operational impact; no direct sensitive access or escalation"
aws,config:StartConfigRulesEvaluation,high,high,https://github.com/HackTricks-wiki/hacktricks-cloud/blob/45bcf7a7381a496d6dfd5b5d533681fff85c608d/src/pentesting-cloud/aws-security/aws-post-exploitation/aws-config-post-exploitation/README.md,Existing source-validated code/configuration poisoning or privileged trigger; retain conditional impact
aws,config:StopConfigurationRecorder,medium,medium,https://github.com/HackTricks-wiki/hacktricks-cloud/blob/45bcf7a7381a496d6dfd5b5d533681fff85c608d/src/pentesting-cloud/aws-security/aws-post-exploitation/aws-config-post-exploitation/README.md,"Availability or cleanup, not standalone escalation"
aws,connect-campaigns:PutConnectInstanceIntegration,high,medium,https://github.com/HackTricks-wiki/hacktricks-cloud/blob/45bcf7a7381a496d6dfd5b5d533681fff85c608d/src/pentesting-cloud/aws-security/aws-persistence/aws-connect-campaigns-persistence/README.md,Documented conditional persistence or retained access
aws,connect-campaigns:PutOutboundRequestBatch,medium,medium,https://github.com/HackTricks-wiki/hacktricks-cloud/blob/45bcf7a7381a496d6dfd5b5d533681fff85c608d/src/pentesting-cloud/aws-security/aws-post-exploitation/aws-connect-campaigns-post-exploitation/README.md,"Availability, integrity or telemetry impact without standalone sensitive access"
aws,connect-campaigns:UpdateCampaignFlowAssociation,high,medium,https://github.com/HackTricks-wiki/hacktricks-cloud/blob/45bcf7a7381a496d6dfd5b5d533681fff85c608d/src/pentesting-cloud/aws-security/aws-persistence/aws-connect-campaigns-persistence/README.md,Documented conditional persistence or retained access
aws,connect:AssociateAnalyticsDataSet,high,medium,https://github.com/HackTricks-wiki/hacktricks-cloud/blob/45bcf7a7381a496d6dfd5b5d533681fff85c608d/src/pentesting-cloud/aws-security/aws-persistence/aws-connect-persistence/README.md,"Conditional access, interception, execution or security-boundary change"
aws,connect:AssociateLambdaFunction,high,medium,https://github.com/HackTricks-wiki/hacktricks-cloud/blob/45bcf7a7381a496d6dfd5b5d533681fff85c608d/src/pentesting-cloud/aws-security/aws-persistence/aws-connect-persistence/README.md,Documented conditional persistence or retained access
aws,connect:AssociatePhoneNumberContactFlow,high,medium,https://github.com/HackTricks-wiki/hacktricks-cloud/blob/45bcf7a7381a496d6dfd5b5d533681fff85c608d/src/pentesting-cloud/aws-security/aws-persistence/aws-connect-persistence/README.md,Documented conditional persistence or retained access
aws,connect:BatchAssociateAnalyticsDataSet,high,medium,https://github.com/HackTricks-wiki/hacktricks-cloud/blob/45bcf7a7381a496d6dfd5b5d533681fff85c608d/src/pentesting-cloud/aws-security/aws-persistence/aws-connect-persistence/README.md,"Conditional access, interception, execution or security-boundary change"
aws,connect:CreateIntegrationAssociation,high,medium,https://github.com/HackTricks-wiki/hacktricks-cloud/blob/45bcf7a7381a496d6dfd5b5d533681fff85c608d/src/pentesting-cloud/aws-security/aws-post-exploitation/aws-connect-post-exploitation/README.md,"Conditional access, interception, execution or security-boundary change"
aws,connect:CreateParticipant,high,medium,https://github.com/HackTricks-wiki/hacktricks-cloud/blob/45bcf7a7381a496d6dfd5b5d533681fff85c608d/src/pentesting-cloud/aws-security/aws-post-exploitation/aws-connect-post-exploitation/README.md,Documented sensitive-data or credential access
aws,connect:CreateUser,high,medium,https://github.com/HackTricks-wiki/hacktricks-cloud/blob/45bcf7a7381a496d6dfd5b5d533681fff85c608d/src/pentesting-cloud/aws-security/aws-persistence/aws-connect-persistence/README.md,"Conditional access, interception, execution or security-boundary change"
aws,connect:MonitorContact,high,medium,https://github.com/HackTricks-wiki/hacktricks-cloud/blob/45bcf7a7381a496d6dfd5b5d533681fff85c608d/src/pentesting-cloud/aws-security/aws-post-exploitation/aws-connect-post-exploitation/README.md,"Conditional access, interception, execution or security-boundary change"
aws,connect:StartContactMediaProcessing,high,medium,https://github.com/HackTricks-wiki/hacktricks-cloud/blob/45bcf7a7381a496d6dfd5b5d533681fff85c608d/src/pentesting-cloud/aws-security/aws-post-exploitation/aws-connect-post-exploitation/README.md,"Conditional access, interception, execution or security-boundary change"
aws,connect:StartContactStreaming,high,medium,https://github.com/HackTricks-wiki/hacktricks-cloud/blob/45bcf7a7381a496d6dfd5b5d533681fff85c608d/src/pentesting-cloud/aws-security/aws-post-exploitation/aws-connect-post-exploitation/README.md,"Conditional access, interception, execution or security-boundary change"
aws,connect:UpdateContactFlowContent,high,medium,https://github.com/HackTricks-wiki/hacktricks-cloud/blob/45bcf7a7381a496d6dfd5b5d533681fff85c608d/src/pentesting-cloud/aws-security/aws-persistence/aws-connect-persistence/README.md,Documented conditional persistence or retained access
aws,connect:UpdateInstanceAttribute,medium,medium,https://github.com/HackTricks-wiki/hacktricks-cloud/blob/45bcf7a7381a496d6dfd5b5d533681fff85c608d/src/pentesting-cloud/aws-security/aws-post-exploitation/aws-connect-post-exploitation/README.md,"Availability, integrity or telemetry impact without standalone sensitive access"
aws,connect:UpdateInstanceStorageConfig,high,medium,https://github.com/HackTricks-wiki/hacktricks-cloud/blob/45bcf7a7381a496d6dfd5b5d533681fff85c608d/src/pentesting-cloud/aws-security/aws-persistence/aws-connect-persistence/README.md,Documented conditional persistence or retained access
aws,connect:UpdateSecurityProfile,critical,medium,https://github.com/HackTricks-wiki/hacktricks-cloud/blob/45bcf7a7381a496d6dfd5b5d533681fff85c608d/src/pentesting-cloud/aws-security/aws-privilege-escalation/aws-connect-privesc/README.md,"Direct privilege grant, identity takeover or near-self-sufficient privileged execution documented by the source"
aws,connect:UpdateUserIdentityInfo,high,medium,https://github.com/HackTricks-wiki/hacktricks-cloud/blob/45bcf7a7381a496d6dfd5b5d533681fff85c608d/src/pentesting-cloud/aws-security/aws-privilege-escalation/aws-connect-privesc/README.md,Documented escalation primitive requiring target context or other capabilities
aws,connect:UpdateUserSecurityProfiles,critical,medium,https://github.com/HackTricks-wiki/hacktricks-cloud/blob/45bcf7a7381a496d6dfd5b5d533681fff85c608d/src/pentesting-cloud/aws-security/aws-privilege-escalation/aws-connect-privesc/README.md,"Direct privilege grant, identity takeover or near-self-sufficient privileged execution documented by the source"
aws,cur:PutReportDefinition,high,medium,https://github.com/HackTricks-wiki/hacktricks-cloud/blob/45bcf7a7381a496d6dfd5b5d533681fff85c608d/src/pentesting-cloud/aws-security/aws-persistence/aws-invoicing-and-billing-persistence/README.md,Documented sensitive-data or credential access
aws,dataexchange:CreateDataGrant,high,medium,https://github.com/HackTricks-wiki/hacktricks-cloud/blob/45bcf7a7381a496d6dfd5b5d533681fff85c608d/src/pentesting-cloud/aws-security/aws-post-exploitation/aws-data-exchange-post-exploitation/README.md,Documented sensitive-data or credential access
aws,dataexchange:CreateJob,high,medium,https://github.com/HackTricks-wiki/hacktricks-cloud/blob/45bcf7a7381a496d6dfd5b5d533681fff85c608d/src/pentesting-cloud/aws-security/aws-post-exploitation/aws-data-exchange-post-exploitation/README.md,Documented sensitive-data or credential access
aws,dataexchange:PublishToDataGrant,high,medium,https://github.com/HackTricks-wiki/hacktricks-cloud/blob/45bcf7a7381a496d6dfd5b5d533681fff85c608d/src/pentesting-cloud/aws-security/aws-post-exploitation/aws-data-exchange-post-exploitation/README.md,Documented sensitive-data or credential access
aws,dataexchange:StartJob,high,medium,https://github.com/HackTricks-wiki/hacktricks-cloud/blob/45bcf7a7381a496d6dfd5b5d533681fff85c608d/src/pentesting-cloud/aws-security/aws-post-exploitation/aws-data-exchange-post-exploitation/README.md,Documented sensitive-data or credential access
aws,datasync:CreateLocationS3,high,medium,https://github.com/HackTricks-wiki/hacktricks-cloud/blob/45bcf7a7381a496d6dfd5b5d533681fff85c608d/src/pentesting-cloud/aws-security/aws-privilege-escalation/aws-datasync-privesc/README.md,Documented escalation primitive requiring target context or other capabilities
aws,datasync:CreateTask,high,medium,https://github.com/HackTricks-wiki/hacktricks-cloud/blob/45bcf7a7381a496d6dfd5b5d533681fff85c608d/src/pentesting-cloud/aws-security/aws-privilege-escalation/aws-datasync-privesc/README.md,Documented escalation primitive requiring target context or other capabilities
aws,datasync:UpdateLocationS3,high,medium,https://github.com/HackTricks-wiki/hacktricks-cloud/blob/45bcf7a7381a496d6dfd5b5d533681fff85c608d/src/pentesting-cloud/aws-security/aws-post-exploitation/aws-datasync-delegated-copy-post-exploitation/README.md,Documented sensitive-data or credential access
aws,datasync:UpdateTask,high,medium,https://github.com/HackTricks-wiki/hacktricks-cloud/blob/45bcf7a7381a496d6dfd5b5d533681fff85c608d/src/pentesting-cloud/aws-security/aws-persistence/aws-datasync-persistence/README.md,Documented conditional persistence or retained access
aws,datazone:AssociateEnvironmentRole,high,medium,https://github.com/HackTricks-wiki/hacktricks-cloud/blob/45bcf7a7381a496d6dfd5b5d533681fff85c608d/src/pentesting-cloud/aws-security/aws-privilege-escalation/aws-datazone-privesc/README.md,Documented escalation primitive requiring target context or other capabilities
aws,datazone:CreateUserProfile,high,medium,https://github.com/HackTricks-wiki/hacktricks-cloud/blob/45bcf7a7381a496d6dfd5b5d533681fff85c608d/src/pentesting-cloud/aws-security/aws-privilege-escalation/aws-sagemaker-privesc/README.md,Documented escalation primitive requiring target context or other capabilities
aws,deadline:AssumeFleetRoleForWorker,high,medium,https://github.com/HackTricks-wiki/hacktricks-cloud/blob/45bcf7a7381a496d6dfd5b5d533681fff85c608d/src/pentesting-cloud/aws-security/aws-privilege-escalation/aws-deadline-cloud-privesc/README.md,Documented escalation primitive requiring target context or other capabilities
aws,deadline:CreateFleet,high,medium,https://github.com/HackTricks-wiki/hacktricks-cloud/blob/45bcf7a7381a496d6dfd5b5d533681fff85c608d/src/pentesting-cloud/aws-security/aws-privilege-escalation/aws-deadline-cloud-privesc/README.md,Documented escalation primitive requiring target context or other capabilities
aws,deadline:CreateQueue,high,medium,https://github.com/HackTricks-wiki/hacktricks-cloud/blob/45bcf7a7381a496d6dfd5b5d533681fff85c608d/src/pentesting-cloud/aws-security/aws-privilege-escalation/aws-deadline-cloud-privesc/README.md,Documented escalation primitive requiring target context or other capabilities
aws,deadline:CreateWorker,high,medium,https://github.com/HackTricks-wiki/hacktricks-cloud/blob/45bcf7a7381a496d6dfd5b5d533681fff85c608d/src/pentesting-cloud/aws-security/aws-privilege-escalation/aws-deadline-cloud-privesc/README.md,Documented escalation primitive requiring target context or other capabilities
aws,detective:DeleteGraph,medium,medium,https://github.com/HackTricks-wiki/hacktricks-cloud/blob/45bcf7a7381a496d6dfd5b5d533681fff85c608d/src/pentesting-cloud/aws-security/aws-post-exploitation/aws-detective-post-exploitation/README.md,"Availability or cleanup, not standalone escalation"
aws,detective:DeleteMembers,medium,medium,https://github.com/HackTricks-wiki/hacktricks-cloud/blob/45bcf7a7381a496d6dfd5b5d533681fff85c608d/src/pentesting-cloud/aws-security/aws-post-exploitation/aws-detective-post-exploitation/README.md,"Availability or cleanup, not standalone escalation"
aws,detective:DisableOrganizationAdminAccount,medium,medium,https://github.com/HackTricks-wiki/hacktricks-cloud/blob/45bcf7a7381a496d6dfd5b5d533681fff85c608d/src/pentesting-cloud/aws-security/aws-post-exploitation/aws-detective-post-exploitation/README.md,"Availability, integrity or telemetry impact without standalone sensitive access"
aws,detective:DisassociateMembership,medium,medium,https://github.com/HackTricks-wiki/hacktricks-cloud/blob/45bcf7a7381a496d6dfd5b5d533681fff85c608d/src/pentesting-cloud/aws-security/aws-post-exploitation/aws-detective-post-exploitation/README.md,"Availability, integrity or telemetry impact without standalone sensitive access"
aws,detective:UpdateDatasourcePackages,medium,medium,https://github.com/HackTricks-wiki/hacktricks-cloud/blob/45bcf7a7381a496d6dfd5b5d533681fff85c608d/src/pentesting-cloud/aws-security/aws-post-exploitation/aws-detective-post-exploitation/README.md,"Availability, integrity or telemetry impact without standalone sensitive access"
aws,devicefarm:CreateProject,high,medium,https://github.com/HackTricks-wiki/hacktricks-cloud/blob/45bcf7a7381a496d6dfd5b5d533681fff85c608d/src/pentesting-cloud/aws-security/aws-privilege-escalation/aws-device-farm-privesc/README.md,Documented escalation primitive requiring target context or other capabilities
aws,directconnect:AcceptDirectConnectGatewayAssociationProposal,high,medium,https://github.com/HackTricks-wiki/hacktricks-cloud/blob/45bcf7a7381a496d6dfd5b5d533681fff85c608d/src/pentesting-cloud/aws-security/aws-post-exploitation/aws-direct-connect-post-exploitation/README.md,"Conditional access, interception, execution or security-boundary change"
aws,directconnect:AssociateMacSecKey,high,medium,https://github.com/HackTricks-wiki/hacktricks-cloud/blob/45bcf7a7381a496d6dfd5b5d533681fff85c608d/src/pentesting-cloud/aws-security/aws-post-exploitation/aws-direct-connect-post-exploitation/README.md,"Conditional access, interception, execution or security-boundary change"
aws,directconnect:CreateDirectConnectGatewayAssociationProposal,high,medium,https://github.com/HackTricks-wiki/hacktricks-cloud/blob/45bcf7a7381a496d6dfd5b5d533681fff85c608d/src/pentesting-cloud/aws-security/aws-persistence/aws-direct-connect-persistence/README.md,Documented conditional persistence or retained access
aws,directconnect:DescribeVirtualInterfaces,high,low,https://github.com/HackTricks-wiki/hacktricks-cloud/blob/45bcf7a7381a496d6dfd5b5d533681fff85c608d/src/pentesting-cloud/aws-security/aws-post-exploitation/aws-direct-connect-post-exploitation/README.md,Documented sensitive-data or credential access
aws,directconnect:UpdateConnection,high,medium,https://github.com/HackTricks-wiki/hacktricks-cloud/blob/45bcf7a7381a496d6dfd5b5d533681fff85c608d/src/pentesting-cloud/aws-security/aws-post-exploitation/aws-direct-connect-post-exploitation/README.md,"Conditional access, interception, execution or security-boundary change"
aws,discovery:StartExportTask,high,medium,https://github.com/HackTricks-wiki/hacktricks-cloud/blob/45bcf7a7381a496d6dfd5b5d533681fff85c608d/src/pentesting-cloud/aws-security/aws-post-exploitation/aws-application-discovery-post-exploitation/README.md,Documented sensitive-data or credential access
aws,dlm:CreateLifecyclePolicy,medium,medium,https://github.com/HackTricks-wiki/hacktricks-cloud/blob/45bcf7a7381a496d6dfd5b5d533681fff85c608d/src/pentesting-cloud/aws-security/aws-post-exploitation/aws-dlm-post-exploitation/README.md,Existing validated permission prerequisite or operational control
aws,dlm:UpdateLifecyclePolicy,high,medium,https://github.com/HackTricks-wiki/hacktricks-cloud/blob/45bcf7a7381a496d6dfd5b5d533681fff85c608d/src/pentesting-cloud/aws-security/aws-post-exploitation/aws-dlm-post-exploitation/README.md,Documented sensitive-data or credential access
aws,drs:StartRecovery,high,medium,https://github.com/HackTricks-wiki/hacktricks-cloud/blob/45bcf7a7381a496d6dfd5b5d533681fff85c608d/src/pentesting-cloud/aws-security/aws-post-exploitation/aws-drs-mgn-post-exploitation/README.md,Documented sensitive-data or credential access
aws,drs:UpdateLaunchConfiguration,high,medium,https://github.com/HackTricks-wiki/hacktricks-cloud/blob/45bcf7a7381a496d6dfd5b5d533681fff85c608d/src/pentesting-cloud/aws-security/aws-post-exploitation/aws-drs-mgn-post-exploitation/README.md,Documented sensitive-data or credential access
aws,dynamodb:BatchWriteItem,medium,medium,https://github.com/HackTricks-wiki/hacktricks-cloud/blob/45bcf7a7381a496d6dfd5b5d533681fff85c608d/src/pentesting-cloud/aws-security/aws-post-exploitation/aws-dynamodb-post-exploitation/README.md,"Availability, integrity, telemetry or operational impact; no direct sensitive access or escalation"
aws,dynamodb:CreateBackup,high,medium,https://github.com/HackTricks-wiki/hacktricks-cloud/blob/45bcf7a7381a496d6dfd5b5d533681fff85c608d/src/pentesting-cloud/aws-security/aws-post-exploitation/aws-dynamodb-post-exploitation/README.md,Documented sensitive-data or credential access
aws,dynamodb:CreateTable,high,medium,https://github.com/HackTricks-wiki/hacktricks-cloud/blob/45bcf7a7381a496d6dfd5b5d533681fff85c608d/src/pentesting-cloud/aws-security/aws-post-exploitation/aws-dynamodb-post-exploitation/README.md,Documented sensitive-data or credential access
aws,dynamodb:CreateTableReplica,high,medium,https://github.com/HackTricks-wiki/hacktricks-cloud/blob/45bcf7a7381a496d6dfd5b5d533681fff85c608d/src/pentesting-cloud/aws-security/aws-post-exploitation/aws-dynamodb-post-exploitation/README.md,Documented sensitive-data or credential access
aws,dynamodb:DeleteBackup,medium,medium,https://github.com/HackTricks-wiki/hacktricks-cloud/blob/45bcf7a7381a496d6dfd5b5d533681fff85c608d/src/pentesting-cloud/aws-security/aws-post-exploitation/aws-dynamodb-post-exploitation/README.md,"Availability or cleanup, not standalone escalation"
aws,dynamodb:DeleteItem,medium,medium,https://github.com/HackTricks-wiki/hacktricks-cloud/blob/45bcf7a7381a496d6dfd5b5d533681fff85c608d/src/pentesting-cloud/aws-security/aws-post-exploitation/aws-dynamodb-post-exploitation/README.md,"Availability, integrity, telemetry or operational impact; no direct sensitive access or escalation"
aws,dynamodb:DeleteTable,medium,medium,https://github.com/HackTricks-wiki/hacktricks-cloud/blob/45bcf7a7381a496d6dfd5b5d533681fff85c608d/src/pentesting-cloud/aws-security/aws-post-exploitation/aws-dynamodb-post-exploitation/README.md,"Availability or cleanup, not standalone escalation"
aws,dynamodb:EnableKinesisStreamingDestination,high,medium,https://github.com/HackTricks-wiki/hacktricks-cloud/blob/45bcf7a7381a496d6dfd5b5d533681fff85c608d/src/pentesting-cloud/aws-security/aws-post-exploitation/aws-dynamodb-post-exploitation/README.md,Documented sensitive-data or credential access
aws,dynamodb:RestoreTableFromAwsBackup,high,medium,https://github.com/HackTricks-wiki/hacktricks-cloud/blob/45bcf7a7381a496d6dfd5b5d533681fff85c608d/src/pentesting-cloud/aws-security/aws-post-exploitation/aws-dynamodb-post-exploitation/README.md,Documented sensitive-data or credential access
aws,dynamodb:RestoreTableToPointInTime,high,medium,https://github.com/HackTricks-wiki/hacktricks-cloud/blob/45bcf7a7381a496d6dfd5b5d533681fff85c608d/src/pentesting-cloud/aws-security/aws-post-exploitation/aws-dynamodb-post-exploitation/README.md,Documented sensitive-data or credential access
aws,dynamodb:UpdateContinuousBackups,high,medium,https://github.com/HackTricks-wiki/hacktricks-cloud/blob/45bcf7a7381a496d6dfd5b5d533681fff85c608d/src/pentesting-cloud/aws-security/aws-post-exploitation/aws-dynamodb-post-exploitation/README.md,Documented sensitive-data or credential access
aws,dynamodb:UpdateTimeToLive,medium,medium,https://github.com/HackTricks-wiki/hacktricks-cloud/blob/45bcf7a7381a496d6dfd5b5d533681fff85c608d/src/pentesting-cloud/aws-security/aws-post-exploitation/aws-dynamodb-post-exploitation/README.md,"Availability, integrity or telemetry impact without standalone sensitive access"
aws,ec2:ApplySecurityGroupsToClientVpnTargetNetwork,high,medium,https://github.com/HackTricks-wiki/hacktricks-cloud/blob/45bcf7a7381a496d6dfd5b5d533681fff85c608d/src/pentesting-cloud/aws-security/aws-post-exploitation/aws-vpn-post-exploitation/README.md,"Conditional access, interception, execution or security-boundary change"
aws,ec2:AssociateClientVpnTargetNetwork,high,medium,https://github.com/HackTricks-wiki/hacktricks-cloud/blob/45bcf7a7381a496d6dfd5b5d533681fff85c608d/src/pentesting-cloud/aws-security/aws-post-exploitation/aws-vpn-post-exploitation/README.md,"Conditional access, interception, execution or security-boundary change"
aws,ec2:AssociateDhcpOptions,medium,medium,https://github.com/HackTricks-wiki/hacktricks-cloud/blob/45bcf7a7381a496d6dfd5b5d533681fff85c608d/src/pentesting-cloud/aws-security/aws-post-exploitation/aws-ec2-ebs-ssm-and-vpc-post-exploitation/README.md,"Availability, integrity or telemetry impact without standalone sensitive access"
aws,ec2:AttachVolume,high,medium,https://github.com/HackTricks-wiki/hacktricks-cloud/blob/45bcf7a7381a496d6dfd5b5d533681fff85c608d/src/pentesting-cloud/aws-security/aws-post-exploitation/aws-ec2-ebs-ssm-and-vpc-post-exploitation/aws-ebs-multi-attach-data-theft.md,Documented sensitive-data or credential access
aws,ec2:AuthorizeClientVpnIngress,high,medium,https://github.com/HackTricks-wiki/hacktricks-cloud/blob/45bcf7a7381a496d6dfd5b5d533681fff85c608d/src/pentesting-cloud/aws-security/aws-post-exploitation/aws-vpn-post-exploitation/README.md,"Conditional access, interception, execution or security-boundary change"
aws,ec2:CreateClientVpnRoute,high,medium,https://github.com/HackTricks-wiki/hacktricks-cloud/blob/45bcf7a7381a496d6dfd5b5d533681fff85c608d/src/pentesting-cloud/aws-security/aws-post-exploitation/aws-vpn-post-exploitation/README.md,"Conditional access, interception, execution or security-boundary change"
aws,ec2:CreateDhcpOptions,medium,medium,https://github.com/HackTricks-wiki/hacktricks-cloud/blob/45bcf7a7381a496d6dfd5b5d533681fff85c608d/src/pentesting-cloud/aws-security/aws-post-exploitation/aws-ec2-ebs-ssm-and-vpc-post-exploitation/README.md,"Availability, integrity or telemetry impact without standalone sensitive access"
aws,ec2:CreateRoute,medium,medium,https://github.com/HackTricks-wiki/hacktricks-cloud/blob/45bcf7a7381a496d6dfd5b5d533681fff85c608d/src/pentesting-cloud/aws-security/aws-post-exploitation/aws-ec2-ebs-ssm-and-vpc-post-exploitation/README.md,"Availability, integrity or telemetry impact without standalone sensitive access"
aws,ec2:CreateTags,high,medium,https://github.com/HackTricks-wiki/hacktricks-cloud/blob/45bcf7a7381a496d6dfd5b5d533681fff85c608d/src/pentesting-cloud/aws-security/aws-post-exploitation/aws-dlm-post-exploitation/README.md,Documented sensitive-data or credential access
aws,ec2:CreateVolume,high,medium,https://github.com/HackTricks-wiki/hacktricks-cloud/blob/45bcf7a7381a496d6dfd5b5d533681fff85c608d/src/pentesting-cloud/aws-security/aws-post-exploitation/aws-ec2-ebs-ssm-and-vpc-post-exploitation/aws-ebs-multi-attach-data-theft.md,Documented sensitive-data or credential access
aws,ec2:DeleteNetworkInterface,medium,medium,https://github.com/HackTricks-wiki/hacktricks-cloud/blob/45bcf7a7381a496d6dfd5b5d533681fff85c608d/src/pentesting-cloud/aws-security/aws-post-exploitation/aws-efs-post-exploitation/README.md,"Availability or cleanup, not standalone escalation"
aws,ec2:DisableImageBlockPublicAccess,high,medium,https://github.com/HackTricks-wiki/hacktricks-cloud/blob/45bcf7a7381a496d6dfd5b5d533681fff85c608d/src/pentesting-cloud/aws-security/aws-post-exploitation/aws-ec2-ebs-ssm-and-vpc-post-exploitation/README.md,"Conditional access, interception, execution or security-boundary change"
aws,ec2:DisassociateIamInstanceProfile,medium,medium,https://github.com/HackTricks-wiki/hacktricks-cloud/blob/45bcf7a7381a496d6dfd5b5d533681fff85c608d/src/pentesting-cloud/aws-security/aws-privilege-escalation/aws-ec2-privesc/README.md,"Availability, integrity, telemetry or operational impact; no direct sensitive access or escalation"
aws,ec2:EnableAddressTransfer,high,medium,https://github.com/HackTricks-wiki/hacktricks-cloud/blob/45bcf7a7381a496d6dfd5b5d533681fff85c608d/src/pentesting-cloud/aws-security/aws-post-exploitation/aws-ec2-ebs-ssm-and-vpc-post-exploitation/README.md,"Conditional access, interception, execution or security-boundary change"
aws,ec2:EnableAllowedImagesSettings,high,medium,https://github.com/HackTricks-wiki/hacktricks-cloud/blob/45bcf7a7381a496d6dfd5b5d533681fff85c608d/src/pentesting-cloud/aws-security/aws-post-exploitation/aws-ec2-ebs-ssm-and-vpc-post-exploitation/README.md,"Conditional access, interception, execution or security-boundary change"
aws,ec2:EnableEbsEncryptionByDefault,medium,medium,https://github.com/HackTricks-wiki/hacktricks-cloud/blob/45bcf7a7381a496d6dfd5b5d533681fff85c608d/src/pentesting-cloud/aws-security/aws-post-exploitation/aws-ec2-ebs-ssm-and-vpc-post-exploitation/README.md,"Availability, integrity or telemetry impact without standalone sensitive access"
aws,ec2:EnableSerialConsoleAccess,high,medium,https://github.com/HackTricks-wiki/hacktricks-cloud/blob/45bcf7a7381a496d6dfd5b5d533681fff85c608d/src/pentesting-cloud/aws-security/aws-privilege-escalation/aws-ec2-privesc/README.md,Documented escalation primitive requiring target context or other capabilities
aws,ec2:EnableSnapshotBlockPublicAccess,medium,medium,https://github.com/HackTricks-wiki/hacktricks-cloud/blob/45bcf7a7381a496d6dfd5b5d533681fff85c608d/src/pentesting-cloud/aws-security/aws-post-exploitation/aws-ec2-ebs-ssm-and-vpc-post-exploitation/README.md,"Availability, integrity, telemetry or operational impact; no direct sensitive access or escalation"
aws,ec2:GetVpnConnectionDeviceSampleConfiguration,high,low,https://github.com/HackTricks-wiki/hacktricks-cloud/blob/45bcf7a7381a496d6dfd5b5d533681fff85c608d/src/pentesting-cloud/aws-security/aws-post-exploitation/aws-vpn-post-exploitation/README.md,Documented sensitive-data or credential access
aws,ec2:ModifyClientVpnEndpoint,medium,medium,https://github.com/HackTricks-wiki/hacktricks-cloud/blob/45bcf7a7381a496d6dfd5b5d533681fff85c608d/src/pentesting-cloud/aws-security/aws-post-exploitation/aws-vpn-post-exploitation/README.md,"Availability, integrity or telemetry impact without standalone sensitive access"
aws,ec2:ModifyEbsDefaultKmsKeyId,medium,medium,https://github.com/HackTricks-wiki/hacktricks-cloud/blob/45bcf7a7381a496d6dfd5b5d533681fff85c608d/src/pentesting-cloud/aws-security/aws-post-exploitation/aws-ec2-ebs-ssm-and-vpc-post-exploitation/README.md,"Availability, integrity or telemetry impact without standalone sensitive access"
aws,ec2:ModifyImageAttribute,high,medium,https://github.com/HackTricks-wiki/hacktricks-cloud/blob/45bcf7a7381a496d6dfd5b5d533681fff85c608d/src/pentesting-cloud/aws-security/aws-privilege-escalation/aws-ec2-privesc/README.md,Documented escalation primitive requiring target context or other capabilities
aws,ec2:ModifyInstanceMetadataDefaults,high,medium,https://github.com/HackTricks-wiki/hacktricks-cloud/blob/45bcf7a7381a496d6dfd5b5d533681fff85c608d/src/pentesting-cloud/aws-security/aws-privilege-escalation/aws-ec2-privesc/README.md,Documented escalation primitive requiring target context or other capabilities
aws,ec2:ModifyInstanceMetadataOptions,high,medium,https://github.com/HackTricks-wiki/hacktricks-cloud/blob/45bcf7a7381a496d6dfd5b5d533681fff85c608d/src/pentesting-cloud/aws-security/aws-privilege-escalation/aws-ec2-privesc/README.md,Documented escalation primitive requiring target context or other capabilities
aws,ec2:ModifySecurityGroupRules,high,medium,https://github.com/HackTricks-wiki/hacktricks-cloud/blob/45bcf7a7381a496d6dfd5b5d533681fff85c608d/src/pentesting-cloud/aws-security/aws-post-exploitation/aws-ec2-ebs-ssm-and-vpc-post-exploitation/README.md,"Conditional access, interception, execution or security-boundary change"
aws,ec2:ModifySnapshotAttribute,high,medium,https://github.com/HackTricks-wiki/hacktricks-cloud/blob/45bcf7a7381a496d6dfd5b5d533681fff85c608d/src/pentesting-cloud/aws-security/aws-privilege-escalation/aws-ec2-privesc/README.md,Documented escalation primitive requiring target context or other capabilities
aws,ec2:ModifyVpcEndpoint,high,medium,https://github.com/HackTricks-wiki/hacktricks-cloud/blob/45bcf7a7381a496d6dfd5b5d533681fff85c608d/src/pentesting-cloud/aws-security/aws-post-exploitation/aws-ec2-ebs-ssm-and-vpc-post-exploitation/README.md,"Conditional access, interception, execution or security-boundary change"
aws,ec2:ModifyVpnConnection,high,medium,https://github.com/HackTricks-wiki/hacktricks-cloud/blob/45bcf7a7381a496d6dfd5b5d533681fff85c608d/src/pentesting-cloud/aws-security/aws-post-exploitation/aws-vpn-post-exploitation/README.md,"Conditional access, interception, execution or security-boundary change"
aws,ec2:ModifyVpnTunnelOptions,high,medium,https://github.com/HackTricks-wiki/hacktricks-cloud/blob/45bcf7a7381a496d6dfd5b5d533681fff85c608d/src/pentesting-cloud/aws-security/aws-post-exploitation/aws-vpn-post-exploitation/README.md,"Conditional access, interception, execution or security-boundary change"
aws,ec2:ReplaceImageCriteriaInAllowedImagesSettings,high,medium,https://github.com/HackTricks-wiki/hacktricks-cloud/blob/45bcf7a7381a496d6dfd5b5d533681fff85c608d/src/pentesting-cloud/aws-security/aws-post-exploitation/aws-ec2-ebs-ssm-and-vpc-post-exploitation/README.md,"Conditional access, interception, execution or security-boundary change"
aws,ec2:ReplaceNetworkAclEntry,high,medium,https://github.com/HackTricks-wiki/hacktricks-cloud/blob/45bcf7a7381a496d6dfd5b5d533681fff85c608d/src/pentesting-cloud/aws-security/aws-post-exploitation/aws-ec2-ebs-ssm-and-vpc-post-exploitation/README.md,"Conditional access, interception, execution or security-boundary change"
aws,ec2:ReplaceRoute,medium,medium,https://github.com/HackTricks-wiki/hacktricks-cloud/blob/45bcf7a7381a496d6dfd5b5d533681fff85c608d/src/pentesting-cloud/aws-security/aws-post-exploitation/aws-ec2-ebs-ssm-and-vpc-post-exploitation/README.md,"Availability, integrity or telemetry impact without standalone sensitive access"
aws,ec2:RequestSpotInstances,high,medium,https://github.com/HackTricks-wiki/hacktricks-cloud/blob/45bcf7a7381a496d6dfd5b5d533681fff85c608d/src/pentesting-cloud/aws-security/aws-privilege-escalation/aws-ec2-privesc/README.md,Documented escalation primitive requiring target context or other capabilities
aws,ec2:StopInstances,medium,medium,https://github.com/HackTricks-wiki/hacktricks-cloud/blob/45bcf7a7381a496d6dfd5b5d533681fff85c608d/src/pentesting-cloud/aws-security/aws-post-exploitation/aws-systems-manager-for-sap-post-exploitation/README.md,"Availability or cleanup, not standalone escalation"
aws,ecr-public:BatchDeleteImage,medium,medium,https://github.com/HackTricks-wiki/hacktricks-cloud/blob/45bcf7a7381a496d6dfd5b5d533681fff85c608d/src/pentesting-cloud/aws-security/aws-post-exploitation/aws-ecr-post-exploitation/README.md,"Availability, integrity or telemetry impact without standalone sensitive access"
aws,ecr-public:DeleteRepository,medium,medium,https://github.com/HackTricks-wiki/hacktricks-cloud/blob/45bcf7a7381a496d6dfd5b5d533681fff85c608d/src/pentesting-cloud/aws-security/aws-post-exploitation/aws-ecr-post-exploitation/README.md,"Availability or cleanup, not standalone escalation"
aws,ecr-public:GetAuthorizationToken,medium,medium,Existing bundled exact prerequisite control,Existing validated permission prerequisite or operational control
aws,ecr:BatchDeleteImage,medium,medium,https://github.com/HackTricks-wiki/hacktricks-cloud/blob/45bcf7a7381a496d6dfd5b5d533681fff85c608d/src/pentesting-cloud/aws-security/aws-post-exploitation/aws-ecr-post-exploitation/README.md,"Availability, integrity or telemetry impact without standalone sensitive access"
aws,ecr:BatchImportUpstreamImage,high,medium,https://github.com/HackTricks-wiki/hacktricks-cloud/blob/45bcf7a7381a496d6dfd5b5d533681fff85c608d/src/pentesting-cloud/aws-security/aws-privilege-escalation/aws-ecr-privesc/README.md,Documented escalation primitive requiring target context or other capabilities
aws,ecr:CreatePullThroughCacheRule,high,medium,https://github.com/HackTricks-wiki/hacktricks-cloud/blob/45bcf7a7381a496d6dfd5b5d533681fff85c608d/src/pentesting-cloud/aws-security/aws-privilege-escalation/aws-ecr-privesc/README.md,Documented escalation primitive requiring target context or other capabilities
aws,ecr:CreateRepository,high,medium,https://github.com/HackTricks-wiki/hacktricks-cloud/blob/45bcf7a7381a496d6dfd5b5d533681fff85c608d/src/pentesting-cloud/aws-security/aws-persistence/aws-ecr-persistence/README.md,"Conditional access, interception, execution or security-boundary change"
aws,ecr:CreateRepositoryCreationTemplate,high,medium,https://github.com/HackTricks-wiki/hacktricks-cloud/blob/45bcf7a7381a496d6dfd5b5d533681fff85c608d/src/pentesting-cloud/aws-security/aws-persistence/aws-ecr-persistence/README.md,"Conditional access, interception, execution or security-boundary change"
aws,ecr:DeletePullThroughCacheRule,medium,medium,https://github.com/HackTricks-wiki/hacktricks-cloud/blob/45bcf7a7381a496d6dfd5b5d533681fff85c608d/src/pentesting-cloud/aws-security/aws-privilege-escalation/aws-ecr-privesc/README.md,"Availability, integrity, telemetry or operational impact; no direct sensitive access or escalation"
aws,ecr:DeleteRepository,medium,medium,https://github.com/HackTricks-wiki/hacktricks-cloud/blob/45bcf7a7381a496d6dfd5b5d533681fff85c608d/src/pentesting-cloud/aws-security/aws-post-exploitation/aws-ecr-post-exploitation/README.md,"Availability or cleanup, not standalone escalation"
aws,ecr:DeleteRepositoryCreationTemplate,medium,medium,https://github.com/HackTricks-wiki/hacktricks-cloud/blob/45bcf7a7381a496d6dfd5b5d533681fff85c608d/src/pentesting-cloud/aws-security/aws-persistence/aws-ecr-persistence/README.md,"Availability, integrity, telemetry or operational impact; no direct sensitive access or escalation"
aws,ecr:DeleteSigningConfiguration,high,medium,https://github.com/HackTricks-wiki/hacktricks-cloud/blob/45bcf7a7381a496d6dfd5b5d533681fff85c608d/src/pentesting-cloud/aws-security/aws-post-exploitation/aws-ecr-post-exploitation/README.md,"Conditional access, interception, execution or security-boundary change"
aws,ecr:GetAuthorizationToken,medium,medium,Existing bundled exact prerequisite control,Existing validated permission prerequisite or operational control
aws,ecr:PutAccountSetting,high,medium,https://github.com/HackTricks-wiki/hacktricks-cloud/blob/45bcf7a7381a496d6dfd5b5d533681fff85c608d/src/pentesting-cloud/aws-security/aws-privilege-escalation/aws-ecr-privesc/README.md,Documented escalation primitive requiring target context or other capabilities
aws,ecr:PutImageTagMutability,high,medium,https://github.com/HackTricks-wiki/hacktricks-cloud/blob/45bcf7a7381a496d6dfd5b5d533681fff85c608d/src/pentesting-cloud/aws-security/aws-privilege-escalation/aws-ecr-privesc/README.md,Documented escalation primitive requiring target context or other capabilities
aws,ecr:PutLifecyclePolicy,medium,medium,https://github.com/HackTricks-wiki/hacktricks-cloud/blob/45bcf7a7381a496d6dfd5b5d533681fff85c608d/src/pentesting-cloud/aws-security/aws-persistence/aws-ecr-persistence/README.md,"Availability, integrity, telemetry or operational impact; no direct sensitive access or escalation"
aws,ecr:PutRegistryScanningConfiguration,medium,medium,https://github.com/HackTricks-wiki/hacktricks-cloud/blob/45bcf7a7381a496d6dfd5b5d533681fff85c608d/src/pentesting-cloud/aws-security/aws-post-exploitation/aws-ecr-post-exploitation/README.md,"Availability, integrity or telemetry impact without standalone sensitive access"
aws,ecr:PutReplicationConfiguration,high,medium,https://github.com/HackTricks-wiki/hacktricks-cloud/blob/45bcf7a7381a496d6dfd5b5d533681fff85c608d/src/pentesting-cloud/aws-security/aws-persistence/aws-ecr-persistence/README.md,Documented conditional persistence or retained access
aws,ecr:PutSigningConfiguration,high,medium,https://github.com/HackTricks-wiki/hacktricks-cloud/blob/45bcf7a7381a496d6dfd5b5d533681fff85c608d/src/pentesting-cloud/aws-security/aws-post-exploitation/aws-ecr-post-exploitation/README.md,"Conditional access, interception, execution or security-boundary change"
aws,ecr:UpdateRepositoryCreationTemplate,high,medium,https://github.com/HackTricks-wiki/hacktricks-cloud/blob/45bcf7a7381a496d6dfd5b5d533681fff85c608d/src/pentesting-cloud/aws-security/aws-persistence/aws-ecr-persistence/README.md,"Conditional access, interception, execution or security-boundary change"
aws,ecs-mcp:InvokeReadOnlyTools,medium,medium,Existing bundled exact prerequisite control,Existing validated permission prerequisite or operational control
aws,ecs-mcp:UseMcp,medium,medium,Existing bundled exact prerequisite control,Existing validated permission prerequisite or operational control
aws,ecs:DeregisterContainerInstance,high,medium,https://github.com/HackTricks-wiki/hacktricks-cloud/blob/45bcf7a7381a496d6dfd5b5d533681fff85c608d/src/pentesting-cloud/aws-security/aws-post-exploitation/aws-ecs-post-exploitation/README.md,Documented sensitive-data or credential access
aws,ecs:DiscoverPollEndpoint,high,medium,https://github.com/HackTricks-wiki/hacktricks-cloud/blob/45bcf7a7381a496d6dfd5b5d533681fff85c608d/src/pentesting-cloud/aws-security/aws-privilege-escalation/aws-ecs-privesc/aws-ecscape-privesc.md,Documented escalation primitive requiring target context or other capabilities
aws,ecs:Poll,high,medium,https://github.com/HackTricks-wiki/hacktricks-cloud/blob/45bcf7a7381a496d6dfd5b5d533681fff85c608d/src/pentesting-cloud/aws-security/aws-privilege-escalation/aws-ecs-privesc/aws-ecscape-privesc.md,Documented escalation primitive requiring target context or other capabilities
aws,ecs:PutAccountSettingDefault,medium,medium,https://github.com/HackTricks-wiki/hacktricks-cloud/blob/45bcf7a7381a496d6dfd5b5d533681fff85c608d/src/pentesting-cloud/aws-security/aws-post-exploitation/aws-ecs-post-exploitation/README.md,"Availability, integrity or telemetry impact without standalone sensitive access"
aws,ecs:RegisterContainerInstance,high,medium,https://github.com/HackTricks-wiki/hacktricks-cloud/blob/45bcf7a7381a496d6dfd5b5d533681fff85c608d/src/pentesting-cloud/aws-security/aws-post-exploitation/aws-ecs-post-exploitation/README.md,Documented sensitive-data or credential access
aws,ecs:UpdateClusterSettings,medium,medium,https://github.com/HackTricks-wiki/hacktricks-cloud/blob/45bcf7a7381a496d6dfd5b5d533681fff85c608d/src/pentesting-cloud/aws-security/aws-post-exploitation/aws-ecs-post-exploitation/README.md,"Availability, integrity or telemetry impact without standalone sensitive access"
aws,ecs:UpdateContainerInstancesState,high,medium,https://github.com/HackTricks-wiki/hacktricks-cloud/blob/45bcf7a7381a496d6dfd5b5d533681fff85c608d/src/pentesting-cloud/aws-security/aws-post-exploitation/aws-ecs-post-exploitation/README.md,Documented sensitive-data or credential access
aws,eks-mcp:CallPrivilegedTool,medium,medium,Existing bundled exact prerequisite control,Existing validated permission prerequisite or operational control
aws,eks-mcp:CallReadOnlyTool,medium,medium,Existing bundled exact prerequisite control,Existing validated permission prerequisite or operational control
aws,eks-mcp:InvokeMcp,medium,medium,Existing bundled exact prerequisite control,Existing validated permission prerequisite or operational control
aws,eks:AccessKubernetesApi,high,medium,https://github.com/HackTricks-wiki/hacktricks-cloud/blob/45bcf7a7381a496d6dfd5b5d533681fff85c608d/src/pentesting-cloud/aws-security/aws-post-exploitation/aws-eks-post-exploitation/README.md,Documented sensitive-data or credential access
aws,eks:AssociateAccessPolicy,critical,medium,https://github.com/HackTricks-wiki/hacktricks-cloud/blob/45bcf7a7381a496d6dfd5b5d533681fff85c608d/src/pentesting-cloud/aws-security/aws-persistence/aws-eks-persistence/README.md,"Direct privilege grant, identity takeover or near-self-sufficient privileged execution documented by the source"
aws,eks:CreateFargateProfile,high,medium,https://github.com/HackTricks-wiki/hacktricks-cloud/blob/45bcf7a7381a496d6dfd5b5d533681fff85c608d/src/pentesting-cloud/aws-security/aws-privilege-escalation/aws-eks-privesc/README.md,Documented escalation primitive requiring target context or other capabilities
aws,eks:CreateNodegroup,high,medium,https://github.com/HackTricks-wiki/hacktricks-cloud/blob/45bcf7a7381a496d6dfd5b5d533681fff85c608d/src/pentesting-cloud/aws-security/aws-privilege-escalation/aws-eks-privesc/README.md,Documented escalation primitive requiring target context or other capabilities
aws,eks:CreatePodIdentityAssociation,high,medium,https://github.com/HackTricks-wiki/hacktricks-cloud/blob/45bcf7a7381a496d6dfd5b5d533681fff85c608d/src/pentesting-cloud/aws-security/aws-privilege-escalation/aws-eks-privesc/README.md,Documented escalation primitive requiring target context or other capabilities
aws,eks:UpdateAccessEntry,critical,medium,https://github.com/HackTricks-wiki/hacktricks-cloud/blob/45bcf7a7381a496d6dfd5b5d533681fff85c608d/src/pentesting-cloud/aws-security/aws-privilege-escalation/aws-eks-privesc/README.md,"Direct privilege grant, identity takeover or near-self-sufficient privileged execution documented by the source"
aws,eks:UpdateClusterConfig,high,medium,https://github.com/HackTricks-wiki/hacktricks-cloud/blob/45bcf7a7381a496d6dfd5b5d533681fff85c608d/src/pentesting-cloud/aws-security/aws-privilege-escalation/aws-eks-privesc/README.md,Documented escalation primitive requiring target context or other capabilities
aws,eks:UpdatePodIdentityAssociation,high,medium,https://github.com/HackTricks-wiki/hacktricks-cloud/blob/45bcf7a7381a496d6dfd5b5d533681fff85c608d/src/pentesting-cloud/aws-security/aws-privilege-escalation/aws-eks-privesc/README.md,Documented escalation primitive requiring target context or other capabilities
aws,elasticache:CopySnapshot,high,medium,https://github.com/HackTricks-wiki/hacktricks-cloud/blob/45bcf7a7381a496d6dfd5b5d533681fff85c608d/src/pentesting-cloud/aws-security/aws-post-exploitation/aws-elasticache-post-exploitation/README.md,Documented sensitive-data or credential access
aws,elasticache:CreateServerlessCacheSnapshot,high,medium,https://github.com/HackTricks-wiki/hacktricks-cloud/blob/45bcf7a7381a496d6dfd5b5d533681fff85c608d/src/pentesting-cloud/aws-security/aws-post-exploitation/aws-elasticache-post-exploitation/README.md,Documented sensitive-data or credential access
aws,elasticache:CreateSnapshot,high,medium,https://github.com/HackTricks-wiki/hacktricks-cloud/blob/45bcf7a7381a496d6dfd5b5d533681fff85c608d/src/pentesting-cloud/aws-security/aws-post-exploitation/aws-elasticache-post-exploitation/README.md,Documented sensitive-data or credential access
aws,elasticache:CreateUser,high,medium,https://github.com/HackTricks-wiki/hacktricks-cloud/blob/45bcf7a7381a496d6dfd5b5d533681fff85c608d/src/pentesting-cloud/aws-security/aws-persistence/aws-elasticache-persistence/README.md,Documented sensitive-data or credential access
aws,elasticache:CreateUserGroup,high,medium,https://github.com/HackTricks-wiki/hacktricks-cloud/blob/45bcf7a7381a496d6dfd5b5d533681fff85c608d/src/pentesting-cloud/aws-security/aws-persistence/aws-elasticache-persistence/README.md,Documented sensitive-data or credential access
aws,elasticache:ExportServerlessCacheSnapshot,high,medium,https://github.com/HackTricks-wiki/hacktricks-cloud/blob/45bcf7a7381a496d6dfd5b5d533681fff85c608d/src/pentesting-cloud/aws-security/aws-post-exploitation/aws-elasticache-post-exploitation/README.md,Documented sensitive-data or credential access
aws,elasticache:ModifyReplicationGroup,critical,medium,https://github.com/HackTricks-wiki/hacktricks-cloud/blob/45bcf7a7381a496d6dfd5b5d533681fff85c608d/src/pentesting-cloud/aws-security/aws-post-exploitation/aws-elasticache-post-exploitation/README.md,"Direct privilege grant, identity takeover or near-self-sufficient privileged execution documented by the source"
aws,elasticache:ModifyUser,critical,high,https://github.com/HackTricks-wiki/hacktricks-cloud/blob/45bcf7a7381a496d6dfd5b5d533681fff85c608d/src/pentesting-cloud/aws-security/aws-persistence/aws-elasticache-persistence/README.md,"Direct privilege grant, identity takeover or near-self-sufficient privileged execution documented by the source"
aws,elasticache:ModifyUserGroup,high,medium,https://github.com/HackTricks-wiki/hacktricks-cloud/blob/45bcf7a7381a496d6dfd5b5d533681fff85c608d/src/pentesting-cloud/aws-security/aws-persistence/aws-elasticache-persistence/README.md,Documented sensitive-data or credential access
aws,elasticbeanstalk:AddTags,medium,medium,https://github.com/HackTricks-wiki/hacktricks-cloud/blob/45bcf7a7381a496d6dfd5b5d533681fff85c608d/src/pentesting-cloud/aws-security/aws-post-exploitation/aws-elastic-beanstalk-post-exploitation/README.md,"Availability, integrity or telemetry impact without standalone sensitive access"
aws,elasticbeanstalk:CreateApplication,high,medium,https://github.com/HackTricks-wiki/hacktricks-cloud/blob/45bcf7a7381a496d6dfd5b5d533681fff85c608d/src/pentesting-cloud/aws-security/aws-privilege-escalation/aws-elastic-beanstalk-privesc/README.md,Documented escalation primitive requiring target context or other capabilities
aws,elasticbeanstalk:CreateApplicationVersion,high,medium,https://github.com/HackTricks-wiki/hacktricks-cloud/blob/45bcf7a7381a496d6dfd5b5d533681fff85c608d/src/pentesting-cloud/aws-security/aws-privilege-escalation/aws-elastic-beanstalk-privesc/README.md,Documented escalation primitive requiring target context or other capabilities
aws,elasticbeanstalk:CreateEnvironment,high,medium,https://github.com/HackTricks-wiki/hacktricks-cloud/blob/45bcf7a7381a496d6dfd5b5d533681fff85c608d/src/pentesting-cloud/aws-security/aws-privilege-escalation/aws-elastic-beanstalk-privesc/README.md,Documented escalation primitive requiring target context or other capabilities
aws,elasticbeanstalk:DeleteApplication,medium,medium,https://github.com/HackTricks-wiki/hacktricks-cloud/blob/45bcf7a7381a496d6dfd5b5d533681fff85c608d/src/pentesting-cloud/aws-security/aws-post-exploitation/aws-elastic-beanstalk-post-exploitation/README.md,"Availability or cleanup, not standalone escalation"
aws,elasticbeanstalk:DeleteApplicationVersion,medium,medium,https://github.com/HackTricks-wiki/hacktricks-cloud/blob/45bcf7a7381a496d6dfd5b5d533681fff85c608d/src/pentesting-cloud/aws-security/aws-post-exploitation/aws-elastic-beanstalk-post-exploitation/README.md,"Availability or cleanup, not standalone escalation"
aws,elasticbeanstalk:RemoveTags,medium,medium,https://github.com/HackTricks-wiki/hacktricks-cloud/blob/45bcf7a7381a496d6dfd5b5d533681fff85c608d/src/pentesting-cloud/aws-security/aws-post-exploitation/aws-elastic-beanstalk-post-exploitation/README.md,"Availability, integrity or telemetry impact without standalone sensitive access"
aws,elasticbeanstalk:SwapEnvironmentCNAMEs,high,medium,https://github.com/HackTricks-wiki/hacktricks-cloud/blob/45bcf7a7381a496d6dfd5b5d533681fff85c608d/src/pentesting-cloud/aws-security/aws-post-exploitation/aws-elastic-beanstalk-post-exploitation/README.md,"Conditional access, interception, execution or security-boundary change"
aws,elasticbeanstalk:TerminateEnvironment,medium,medium,https://github.com/HackTricks-wiki/hacktricks-cloud/blob/45bcf7a7381a496d6dfd5b5d533681fff85c608d/src/pentesting-cloud/aws-security/aws-post-exploitation/aws-elastic-beanstalk-post-exploitation/README.md,"Availability or cleanup, not standalone escalation"
aws,elasticbeanstalk:UpdateEnvironment,high,medium,https://github.com/HackTricks-wiki/hacktricks-cloud/blob/45bcf7a7381a496d6dfd5b5d533681fff85c608d/src/pentesting-cloud/aws-security/aws-privilege-escalation/aws-elastic-beanstalk-privesc/README.md,Documented escalation primitive requiring target context or other capabilities
aws,elasticfilesystem:ClientRootAccess,medium,medium,Existing bundled exact prerequisite control,Existing validated permission prerequisite or operational control
aws,elasticfilesystem:ClientWrite,medium,medium,Existing bundled exact prerequisite control,Existing validated permission prerequisite or operational control
aws,elasticfilesystem:CreateAccessPoint,medium,medium,Existing bundled exact prerequisite control,Existing validated permission prerequisite or operational control
aws,elasticfilesystem:CreateMountTarget,medium,medium,https://github.com/HackTricks-wiki/hacktricks-cloud/blob/45bcf7a7381a496d6dfd5b5d533681fff85c608d/src/pentesting-cloud/aws-security/aws-privilege-escalation/aws-efs-privesc/README.md,Existing validated permission prerequisite or operational control
aws,elasticfilesystem:CreateReplicationConfiguration,high,medium,https://github.com/HackTricks-wiki/hacktricks-cloud/blob/45bcf7a7381a496d6dfd5b5d533681fff85c608d/src/pentesting-cloud/aws-security/aws-post-exploitation/aws-efs-post-exploitation/README.md,Documented sensitive-data or credential access
aws,elasticfilesystem:DeleteAccessPoint,medium,medium,https://github.com/HackTricks-wiki/hacktricks-cloud/blob/45bcf7a7381a496d6dfd5b5d533681fff85c608d/src/pentesting-cloud/aws-security/aws-post-exploitation/aws-efs-post-exploitation/README.md,"Availability or cleanup, not standalone escalation"
aws,elasticfilesystem:DeleteFileSystem,medium,medium,https://github.com/HackTricks-wiki/hacktricks-cloud/blob/45bcf7a7381a496d6dfd5b5d533681fff85c608d/src/pentesting-cloud/aws-security/aws-post-exploitation/aws-efs-post-exploitation/README.md,"Availability or cleanup, not standalone escalation"
aws,elasticfilesystem:DeleteMountTarget,medium,medium,https://github.com/HackTricks-wiki/hacktricks-cloud/blob/45bcf7a7381a496d6dfd5b5d533681fff85c608d/src/pentesting-cloud/aws-security/aws-post-exploitation/aws-efs-post-exploitation/README.md,"Availability or cleanup, not standalone escalation"
aws,elasticfilesystem:DeleteReplicationConfiguration,medium,medium,https://github.com/HackTricks-wiki/hacktricks-cloud/blob/45bcf7a7381a496d6dfd5b5d533681fff85c608d/src/pentesting-cloud/aws-security/aws-post-exploitation/aws-efs-post-exploitation/README.md,"Availability or cleanup, not standalone escalation"
aws,elasticfilesystem:ModifyMountTargetSecurityGroups,medium,medium,https://github.com/HackTricks-wiki/hacktricks-cloud/blob/45bcf7a7381a496d6dfd5b5d533681fff85c608d/src/pentesting-cloud/aws-security/aws-privilege-escalation/aws-efs-privesc/README.md,Existing validated permission prerequisite or operational control
aws,elasticfilesystem:ReplicationRead,high,medium,https://github.com/HackTricks-wiki/hacktricks-cloud/blob/45bcf7a7381a496d6dfd5b5d533681fff85c608d/src/pentesting-cloud/aws-security/aws-post-exploitation/aws-efs-post-exploitation/README.md,Documented sensitive-data or credential access
aws,elasticfilesystem:ReplicationWrite,high,medium,https://github.com/HackTricks-wiki/hacktricks-cloud/blob/45bcf7a7381a496d6dfd5b5d533681fff85c608d/src/pentesting-cloud/aws-security/aws-post-exploitation/aws-efs-post-exploitation/README.md,Documented sensitive-data or credential access
aws,elasticfilesystem:UpdateFileSystem,medium,medium,https://github.com/HackTricks-wiki/hacktricks-cloud/blob/45bcf7a7381a496d6dfd5b5d533681fff85c608d/src/pentesting-cloud/aws-security/aws-post-exploitation/aws-efs-post-exploitation/README.md,"Availability, integrity or telemetry impact without standalone sensitive access"
aws,elasticloadbalancing:ModifyLoadBalancerAttributes,high,medium,https://github.com/HackTricks-wiki/hacktricks-cloud/blob/45bcf7a7381a496d6dfd5b5d533681fff85c608d/src/pentesting-cloud/aws-security/aws-privilege-escalation/aws-elastic-beanstalk-privesc/README.md,Documented escalation primitive requiring target context or other capabilities
aws,elasticmapreduce:CreateEditor,high,medium,https://github.com/HackTricks-wiki/hacktricks-cloud/blob/45bcf7a7381a496d6dfd5b5d533681fff85c608d/src/pentesting-cloud/aws-security/aws-privilege-escalation/aws-emr-privesc/README.md,Documented escalation primitive requiring target context or other capabilities
aws,elasticmapreduce:OpenEditorInConsole,medium,medium,https://github.com/HackTricks-wiki/hacktricks-cloud/blob/45bcf7a7381a496d6dfd5b5d533681fff85c608d/src/pentesting-cloud/aws-security/aws-privilege-escalation/aws-emr-privesc/README.md,"Availability, integrity, telemetry or operational impact; no direct sensitive access or escalation"
aws,elasticmapreduce:PutBlockPublicAccessConfiguration,high,medium,https://github.com/HackTricks-wiki/hacktricks-cloud/blob/45bcf7a7381a496d6dfd5b5d533681fff85c608d/src/pentesting-cloud/aws-security/aws-post-exploitation/aws-emr-post-exploitation/README.md,"Conditional access, interception, execution or security-boundary change"
aws,elasticmapreduce:RunJobFlow,medium,medium,https://github.com/HackTricks-wiki/hacktricks-cloud/blob/45bcf7a7381a496d6dfd5b5d533681fff85c608d/src/pentesting-cloud/aws-security/aws-privilege-escalation/aws-emr-privesc/README.md,Existing validated permission prerequisite or operational control
aws,elasticmapreduce:SetTerminationProtection,medium,medium,https://github.com/HackTricks-wiki/hacktricks-cloud/blob/45bcf7a7381a496d6dfd5b5d533681fff85c608d/src/pentesting-cloud/aws-security/aws-post-exploitation/aws-emr-post-exploitation/README.md,"Availability, integrity or telemetry impact without standalone sensitive access"
aws,elasticmapreduce:TerminateJobFlows,medium,medium,https://github.com/HackTricks-wiki/hacktricks-cloud/blob/45bcf7a7381a496d6dfd5b5d533681fff85c608d/src/pentesting-cloud/aws-security/aws-post-exploitation/aws-emr-post-exploitation/README.md,"Availability or cleanup, not standalone escalation"
aws,elemental-inference:PutFeedPolicy,high,medium,https://github.com/HackTricks-wiki/hacktricks-cloud/blob/45bcf7a7381a496d6dfd5b5d533681fff85c608d/src/pentesting-cloud/aws-security/aws-persistence/aws-elemental-inference-persistence/README.md,Documented conditional persistence or retained access
aws,elemental-inference:PutMedia,medium,medium,Existing bundled exact prerequisite control,Existing validated permission prerequisite or operational control
aws,elemental-inference:UpdateDictionary,medium,medium,Existing bundled exact prerequisite control,Existing validated permission prerequisite or operational control
aws,elemental-inference:UpdateFeed,medium,medium,https://github.com/HackTricks-wiki/hacktricks-cloud/blob/45bcf7a7381a496d6dfd5b5d533681fff85c608d/src/pentesting-cloud/aws-security/aws-post-exploitation/aws-elemental-inference-post-exploitation/README.md,"Availability, integrity or telemetry impact without standalone sensitive access"
aws,emr-containers:StartJobRun,high,medium,https://github.com/HackTricks-wiki/hacktricks-cloud/blob/45bcf7a7381a496d6dfd5b5d533681fff85c608d/src/pentesting-cloud/aws-security/aws-privilege-escalation/aws-emr-serverless-privesc/README.md,Documented escalation primitive requiring target context or other capabilities
aws,emr-serverless:StartJobRun,high,medium,https://github.com/HackTricks-wiki/hacktricks-cloud/blob/45bcf7a7381a496d6dfd5b5d533681fff85c608d/src/pentesting-cloud/aws-security/aws-privilege-escalation/aws-emr-serverless-privesc/README.md,Documented escalation primitive requiring target context or other capabilities
aws,emr-serverless:StopApplication,medium,medium,https://github.com/HackTricks-wiki/hacktricks-cloud/blob/45bcf7a7381a496d6dfd5b5d533681fff85c608d/src/pentesting-cloud/aws-security/aws-privilege-escalation/aws-emr-serverless-privesc/README.md,"Availability, integrity, telemetry or operational impact; no direct sensitive access or escalation"
aws,emr-serverless:UpdateApplication,high,medium,https://github.com/HackTricks-wiki/hacktricks-cloud/blob/45bcf7a7381a496d6dfd5b5d533681fff85c608d/src/pentesting-cloud/aws-security/aws-privilege-escalation/aws-emr-serverless-privesc/README.md,Documented escalation primitive requiring target context or other capabilities
aws,entityresolution:AddPolicyStatement,high,medium,https://github.com/HackTricks-wiki/hacktricks-cloud/blob/45bcf7a7381a496d6dfd5b5d533681fff85c608d/src/pentesting-cloud/aws-security/aws-persistence/aws-entity-resolution-persistence/README.md,Documented conditional persistence or retained access
aws,entityresolution:StartIdMappingJob,high,medium,https://github.com/HackTricks-wiki/hacktricks-cloud/blob/45bcf7a7381a496d6dfd5b5d533681fff85c608d/src/pentesting-cloud/aws-security/aws-post-exploitation/aws-entity-resolution-post-exploitation/README.md,Documented sensitive-data or credential access
aws,entityresolution:StartMatchingJob,high,medium,https://github.com/HackTricks-wiki/hacktricks-cloud/blob/45bcf7a7381a496d6dfd5b5d533681fff85c608d/src/pentesting-cloud/aws-security/aws-post-exploitation/aws-entity-resolution-post-exploitation/README.md,Documented sensitive-data or credential access
aws,entityresolution:UpdateMatchingWorkflow,medium,medium,https://github.com/HackTricks-wiki/hacktricks-cloud/blob/45bcf7a7381a496d6dfd5b5d533681fff85c608d/src/pentesting-cloud/aws-security/aws-post-exploitation/aws-entity-resolution-post-exploitation/README.md,"Availability, integrity or telemetry impact without standalone sensitive access"
aws,entityresolution:UpdateSchemaMapping,medium,medium,https://github.com/HackTricks-wiki/hacktricks-cloud/blob/45bcf7a7381a496d6dfd5b5d533681fff85c608d/src/pentesting-cloud/aws-security/aws-post-exploitation/aws-entity-resolution-post-exploitation/README.md,"Availability, integrity or telemetry impact without standalone sensitive access"
aws,es:AuthorizeVpcEndpointAccess,high,medium,https://github.com/HackTricks-wiki/hacktricks-cloud/blob/45bcf7a7381a496d6dfd5b5d533681fff85c608d/src/pentesting-cloud/aws-security/aws-post-exploitation/aws-opensearch-cross-account-post-exploitation/README.md,Documented sensitive-data or credential access
aws,es:CreateOutboundConnection,high,medium,https://github.com/HackTricks-wiki/hacktricks-cloud/blob/45bcf7a7381a496d6dfd5b5d533681fff85c608d/src/pentesting-cloud/aws-security/aws-post-exploitation/aws-opensearch-cross-account-post-exploitation/README.md,Documented sensitive-data or credential access
aws,es:ESHttpDelete,high,medium,https://github.com/HackTricks-wiki/hacktricks-cloud/blob/45bcf7a7381a496d6dfd5b5d533681fff85c608d/src/pentesting-cloud/aws-security/aws-persistence/aws-opensearch-access-policy-persistence/README.md,Documented conditional persistence or retained access
aws,es:ESHttpPut,high,medium,https://github.com/HackTricks-wiki/hacktricks-cloud/blob/45bcf7a7381a496d6dfd5b5d533681fff85c608d/src/pentesting-cloud/aws-security/aws-persistence/aws-opensearch-access-policy-persistence/README.md,Documented conditional persistence or retained access
aws,events:CreateApiDestination,high,medium,https://github.com/HackTricks-wiki/hacktricks-cloud/blob/45bcf7a7381a496d6dfd5b5d533681fff85c608d/src/pentesting-cloud/aws-security/aws-post-exploitation/aws-eventbridge-post-exploitation/README.md,"Conditional access, interception, execution or security-boundary change"
aws,events:CreateConnection,high,medium,https://github.com/HackTricks-wiki/hacktricks-cloud/blob/45bcf7a7381a496d6dfd5b5d533681fff85c608d/src/pentesting-cloud/aws-security/aws-post-exploitation/aws-eventbridge-post-exploitation/README.md,"Conditional access, interception, execution or security-boundary change"
aws,events:CreateSubscriber,high,medium,https://github.com/HackTricks-wiki/hacktricks-cloud/blob/45bcf7a7381a496d6dfd5b5d533681fff85c608d/src/pentesting-cloud/aws-security/aws-post-exploitation/aws-eventbridge-post-exploitation/README.md,Documented sensitive-data or credential access
aws,events:DeleteRule,medium,medium,https://github.com/HackTricks-wiki/hacktricks-cloud/blob/45bcf7a7381a496d6dfd5b5d533681fff85c608d/src/pentesting-cloud/aws-security/aws-post-exploitation/aws-security-hub-post-exploitation/README.md,"Availability or cleanup, not standalone escalation"
aws,events:DisableRule,medium,medium,https://github.com/HackTricks-wiki/hacktricks-cloud/blob/45bcf7a7381a496d6dfd5b5d533681fff85c608d/src/pentesting-cloud/aws-security/aws-post-exploitation/aws-eventbridge-post-exploitation/README.md,"Availability, integrity or telemetry impact without standalone sensitive access"
aws,events:InvokeApiDestination,high,medium,https://github.com/HackTricks-wiki/hacktricks-cloud/blob/45bcf7a7381a496d6dfd5b5d533681fff85c608d/src/pentesting-cloud/aws-security/aws-post-exploitation/aws-eventbridge-post-exploitation/README.md,"Conditional access, interception, execution or security-boundary change"
aws,events:PutEvents,medium,medium,Existing bundled exact prerequisite control,Existing validated permission prerequisite or operational control
aws,events:PutResourcePolicy,high,high,https://github.com/HackTricks-wiki/hacktricks-cloud/blob/45bcf7a7381a496d6dfd5b5d533681fff85c608d/src/pentesting-cloud/aws-security/aws-persistence/aws-eventbridge-persistence/README.md,"Conditional access, interception, execution or security-boundary change"
aws,events:PutTargets,medium,medium,Existing bundled exact prerequisite control,Existing validated permission prerequisite or operational control
aws,events:RemoveTargets,medium,medium,https://github.com/HackTricks-wiki/hacktricks-cloud/blob/45bcf7a7381a496d6dfd5b5d533681fff85c608d/src/pentesting-cloud/aws-security/aws-post-exploitation/aws-eventbridge-post-exploitation/README.md,"Availability, integrity or telemetry impact without standalone sensitive access"
aws,events:RetrieveConnectionCredentials,medium,medium,Existing bundled exact prerequisite control,Existing validated permission prerequisite or operational control
aws,events:UpdateConnection,medium,medium,https://github.com/HackTricks-wiki/hacktricks-cloud/blob/45bcf7a7381a496d6dfd5b5d533681fff85c608d/src/pentesting-cloud/aws-security/aws-post-exploitation/aws-eventbridge-post-exploitation/README.md,"Availability, integrity or telemetry impact without standalone sensitive access"
aws,events:UpdateEventBus,medium,medium,https://github.com/HackTricks-wiki/hacktricks-cloud/blob/45bcf7a7381a496d6dfd5b5d533681fff85c608d/src/pentesting-cloud/aws-security/aws-post-exploitation/aws-eventbridge-post-exploitation/README.md,"Availability, integrity or telemetry impact without standalone sensitive access"
aws,events:UpdateSubscriber,medium,medium,https://github.com/HackTricks-wiki/hacktricks-cloud/blob/45bcf7a7381a496d6dfd5b5d533681fff85c608d/src/pentesting-cloud/aws-security/aws-post-exploitation/aws-eventbridge-post-exploitation/README.md,"Availability, integrity or telemetry impact without standalone sensitive access"
aws,firehose:CreateDeliveryStream,high,medium,https://github.com/HackTricks-wiki/hacktricks-cloud/blob/45bcf7a7381a496d6dfd5b5d533681fff85c608d/src/pentesting-cloud/aws-security/aws-post-exploitation/aws-sns-post-exploitation/aws-sns-firehose-exfil.md,"Conditional access, interception, execution or security-boundary change"
aws,fis:StartExperiment,medium,medium,Existing bundled exact prerequisite control,Existing validated permission prerequisite or operational control
aws,fis:UpdateExperimentTemplate,medium,medium,Existing bundled exact prerequisite control,Existing validated permission prerequisite or operational control
aws,fms:AssociateAdminAccount,high,medium,https://github.com/HackTricks-wiki/hacktricks-cloud/blob/45bcf7a7381a496d6dfd5b5d533681fff85c608d/src/pentesting-cloud/aws-security/aws-post-exploitation/aws-firewall-manager-post-exploitation/README.md,"Conditional access, interception, execution or security-boundary change"
aws,fms:AssociateThirdPartyFirewall,high,medium,https://github.com/HackTricks-wiki/hacktricks-cloud/blob/45bcf7a7381a496d6dfd5b5d533681fff85c608d/src/pentesting-cloud/aws-security/aws-post-exploitation/aws-firewall-manager-post-exploitation/README.md,"Conditional access, interception, execution or security-boundary change"
aws,fms:BatchAssociateResource,medium,medium,https://github.com/HackTricks-wiki/hacktricks-cloud/blob/45bcf7a7381a496d6dfd5b5d533681fff85c608d/src/pentesting-cloud/aws-security/aws-post-exploitation/aws-firewall-manager-post-exploitation/README.md,"Availability, integrity or telemetry impact without standalone sensitive access"
aws,fms:BatchDisassociateResource,medium,medium,https://github.com/HackTricks-wiki/hacktricks-cloud/blob/45bcf7a7381a496d6dfd5b5d533681fff85c608d/src/pentesting-cloud/aws-security/aws-post-exploitation/aws-firewall-manager-post-exploitation/README.md,"Availability, integrity or telemetry impact without standalone sensitive access"
aws,fms:DeleteAppsList,medium,medium,https://github.com/HackTricks-wiki/hacktricks-cloud/blob/45bcf7a7381a496d6dfd5b5d533681fff85c608d/src/pentesting-cloud/aws-security/aws-post-exploitation/aws-firewall-manager-post-exploitation/README.md,"Availability or cleanup, not standalone escalation"
aws,fms:DeleteNotificationChannel,medium,medium,https://github.com/HackTricks-wiki/hacktricks-cloud/blob/45bcf7a7381a496d6dfd5b5d533681fff85c608d/src/pentesting-cloud/aws-security/aws-post-exploitation/aws-firewall-manager-post-exploitation/README.md,"Availability or cleanup, not standalone escalation"
aws,fms:DeletePolicy,medium,medium,https://github.com/HackTricks-wiki/hacktricks-cloud/blob/45bcf7a7381a496d6dfd5b5d533681fff85c608d/src/pentesting-cloud/aws-security/aws-post-exploitation/aws-firewall-manager-post-exploitation/README.md,"Availability or cleanup, not standalone escalation"
aws,fms:DeleteProtocolsList,medium,medium,https://github.com/HackTricks-wiki/hacktricks-cloud/blob/45bcf7a7381a496d6dfd5b5d533681fff85c608d/src/pentesting-cloud/aws-security/aws-post-exploitation/aws-firewall-manager-post-exploitation/README.md,"Availability or cleanup, not standalone escalation"
aws,fms:DeleteResourceSet,medium,medium,https://github.com/HackTricks-wiki/hacktricks-cloud/blob/45bcf7a7381a496d6dfd5b5d533681fff85c608d/src/pentesting-cloud/aws-security/aws-post-exploitation/aws-firewall-manager-post-exploitation/README.md,"Availability or cleanup, not standalone escalation"
aws,fms:DisassociateAdminAccount,high,medium,https://github.com/HackTricks-wiki/hacktricks-cloud/blob/45bcf7a7381a496d6dfd5b5d533681fff85c608d/src/pentesting-cloud/aws-security/aws-post-exploitation/aws-firewall-manager-post-exploitation/README.md,"Conditional access, interception, execution or security-boundary change"
aws,fms:DisassociateThirdPartyFirewall,high,medium,https://github.com/HackTricks-wiki/hacktricks-cloud/blob/45bcf7a7381a496d6dfd5b5d533681fff85c608d/src/pentesting-cloud/aws-security/aws-post-exploitation/aws-firewall-manager-post-exploitation/README.md,"Conditional access, interception, execution or security-boundary change"
aws,fms:PutAdminAccount,high,medium,https://github.com/HackTricks-wiki/hacktricks-cloud/blob/45bcf7a7381a496d6dfd5b5d533681fff85c608d/src/pentesting-cloud/aws-security/aws-post-exploitation/aws-firewall-manager-post-exploitation/README.md,"Conditional access, interception, execution or security-boundary change"
aws,fms:PutAppsList,medium,medium,https://github.com/HackTricks-wiki/hacktricks-cloud/blob/45bcf7a7381a496d6dfd5b5d533681fff85c608d/src/pentesting-cloud/aws-security/aws-post-exploitation/aws-firewall-manager-post-exploitation/README.md,"Availability, integrity or telemetry impact without standalone sensitive access"
aws,fms:PutNotificationChannel,medium,medium,https://github.com/HackTricks-wiki/hacktricks-cloud/blob/45bcf7a7381a496d6dfd5b5d533681fff85c608d/src/pentesting-cloud/aws-security/aws-post-exploitation/aws-firewall-manager-post-exploitation/README.md,"Availability, integrity or telemetry impact without standalone sensitive access"
aws,fms:PutPolicy,high,medium,https://github.com/HackTricks-wiki/hacktricks-cloud/blob/45bcf7a7381a496d6dfd5b5d533681fff85c608d/src/pentesting-cloud/aws-security/aws-post-exploitation/aws-firewall-manager-post-exploitation/README.md,"Conditional access, interception, execution or security-boundary change"
aws,fms:PutProtocolsList,medium,medium,https://github.com/HackTricks-wiki/hacktricks-cloud/blob/45bcf7a7381a496d6dfd5b5d533681fff85c608d/src/pentesting-cloud/aws-security/aws-post-exploitation/aws-firewall-manager-post-exploitation/README.md,"Availability, integrity or telemetry impact without standalone sensitive access"
aws,fms:PutResourceSet,medium,medium,https://github.com/HackTricks-wiki/hacktricks-cloud/blob/45bcf7a7381a496d6dfd5b5d533681fff85c608d/src/pentesting-cloud/aws-security/aws-post-exploitation/aws-firewall-manager-post-exploitation/README.md,"Availability, integrity or telemetry impact without standalone sensitive access"
aws,frauddetector:SendEvent,medium,medium,https://github.com/HackTricks-wiki/hacktricks-cloud/blob/45bcf7a7381a496d6dfd5b5d533681fff85c608d/src/pentesting-cloud/aws-security/aws-post-exploitation/aws-fraud-detector-post-exploitation/README.md,"Availability, integrity or telemetry impact without standalone sensitive access"
aws,frauddetector:UpdateEventLabel,medium,medium,https://github.com/HackTricks-wiki/hacktricks-cloud/blob/45bcf7a7381a496d6dfd5b5d533681fff85c608d/src/pentesting-cloud/aws-security/aws-post-exploitation/aws-fraud-detector-post-exploitation/README.md,"Availability, integrity or telemetry impact without standalone sensitive access"
aws,fsx:CreateFileSystemFromBackup,high,medium,https://github.com/HackTricks-wiki/hacktricks-cloud/blob/45bcf7a7381a496d6dfd5b5d533681fff85c608d/src/pentesting-cloud/aws-security/aws-post-exploitation/aws-fsx-post-exploitation/README.md,Documented sensitive-data or credential access
aws,fsx:CreateVolumeFromBackup,high,medium,https://github.com/HackTricks-wiki/hacktricks-cloud/blob/45bcf7a7381a496d6dfd5b5d533681fff85c608d/src/pentesting-cloud/aws-security/aws-post-exploitation/aws-fsx-post-exploitation/README.md,Documented sensitive-data or credential access
aws,gamelift:CreateBuild,high,medium,https://github.com/HackTricks-wiki/hacktricks-cloud/blob/45bcf7a7381a496d6dfd5b5d533681fff85c608d/src/pentesting-cloud/aws-security/aws-privilege-escalation/aws-gamelift/README.md,Documented escalation primitive requiring target context or other capabilities
aws,gamelift:CreateFleet,high,medium,https://github.com/HackTricks-wiki/hacktricks-cloud/blob/45bcf7a7381a496d6dfd5b5d533681fff85c608d/src/pentesting-cloud/aws-security/aws-privilege-escalation/aws-gamelift/README.md,Documented escalation primitive requiring target context or other capabilities
aws,gamelift:RequestUploadCredentials,medium,medium,https://github.com/HackTricks-wiki/hacktricks-cloud/blob/45bcf7a7381a496d6dfd5b5d533681fff85c608d/src/pentesting-cloud/aws-security/aws-privilege-escalation/aws-gamelift/README.md,Existing validated permission prerequisite or operational control
aws,gameliftstreams:StartStreamSession,medium,medium,https://github.com/HackTricks-wiki/hacktricks-cloud/blob/45bcf7a7381a496d6dfd5b5d533681fff85c608d/src/pentesting-cloud/aws-security/aws-privilege-escalation/aws-gamelift-streams-privesc/README.md,Existing validated permission prerequisite or operational control
aws,geo:CreateKey,high,medium,https://github.com/HackTricks-wiki/hacktricks-cloud/blob/45bcf7a7381a496d6dfd5b5d533681fff85c608d/src/pentesting-cloud/aws-security/aws-persistence/aws-location-service-persistence/README.md,Documented conditional persistence or retained access
aws,globalaccelerator:UpdateAcceleratorAttributes,medium,medium,https://github.com/HackTricks-wiki/hacktricks-cloud/blob/45bcf7a7381a496d6dfd5b5d533681fff85c608d/src/pentesting-cloud/aws-security/aws-post-exploitation/aws-global-accelerator-post-exploitation/README.md,"Availability, integrity or telemetry impact without standalone sensitive access"
aws,globalaccelerator:UpdateListener,medium,medium,https://github.com/HackTricks-wiki/hacktricks-cloud/blob/45bcf7a7381a496d6dfd5b5d533681fff85c608d/src/pentesting-cloud/aws-security/aws-post-exploitation/aws-global-accelerator-post-exploitation/README.md,"Availability, integrity or telemetry impact without standalone sensitive access"
aws,glue:CreateSession,high,medium,https://github.com/HackTricks-wiki/hacktricks-cloud/blob/45bcf7a7381a496d6dfd5b5d533681fff85c608d/src/pentesting-cloud/aws-security/aws-privilege-escalation/aws-glue-privesc/README.md,Documented escalation primitive requiring target context or other capabilities
aws,glue:PassConnection,high,medium,https://github.com/HackTricks-wiki/hacktricks-cloud/blob/45bcf7a7381a496d6dfd5b5d533681fff85c608d/src/pentesting-cloud/aws-security/aws-post-exploitation/aws-glue-post-exploitation/README.md,Documented sensitive-data or credential access
aws,glue:PutResourcePolicy,high,high,https://github.com/HackTricks-wiki/hacktricks-cloud/blob/45bcf7a7381a496d6dfd5b5d533681fff85c608d/src/pentesting-cloud/aws-security/aws-persistence/aws-glue-persistence/README.md,Documented conditional persistence or retained access
aws,glue:StartTrigger,high,medium,https://github.com/HackTricks-wiki/hacktricks-cloud/blob/45bcf7a7381a496d6dfd5b5d533681fff85c608d/src/pentesting-cloud/aws-security/aws-persistence/aws-glue-persistence/README.md,Documented conditional persistence or retained access
aws,glue:UpdateTable,high,high,https://github.com/HackTricks-wiki/hacktricks-cloud/blob/45bcf7a7381a496d6dfd5b5d533681fff85c608d/src/pentesting-cloud/aws-security/aws-post-exploitation/aws-glue-post-exploitation/README.md,Existing source-validated code/configuration poisoning or privileged trigger; retain conditional impact
aws,grafana:CreateWorkspaceServiceAccount,high,medium,https://github.com/HackTricks-wiki/hacktricks-cloud/blob/45bcf7a7381a496d6dfd5b5d533681fff85c608d/src/pentesting-cloud/aws-security/aws-privilege-escalation/aws-managed-grafana-privesc/README.md,Documented escalation primitive requiring target context or other capabilities
aws,grafana:UpdatePermissions,critical,medium,https://github.com/HackTricks-wiki/hacktricks-cloud/blob/45bcf7a7381a496d6dfd5b5d533681fff85c608d/src/pentesting-cloud/aws-security/aws-persistence/aws-managed-grafana-persistence/README.md,"Direct privilege grant, identity takeover or near-self-sufficient privileged execution documented by the source"
aws,grafana:UpdateWorkspace,high,medium,https://github.com/HackTricks-wiki/hacktricks-cloud/blob/45bcf7a7381a496d6dfd5b5d533681fff85c608d/src/pentesting-cloud/aws-security/aws-privilege-escalation/aws-managed-grafana-privesc/README.md,Documented escalation primitive requiring target context or other capabilities
aws,grafana:UpdateWorkspaceAuthentication,high,medium,https://github.com/HackTricks-wiki/hacktricks-cloud/blob/45bcf7a7381a496d6dfd5b5d533681fff85c608d/src/pentesting-cloud/aws-security/aws-persistence/aws-managed-grafana-persistence/README.md,"Conditional access, interception, execution or security-boundary change"
aws,greengrass:UpdateConnectivityInfo,high,medium,https://github.com/HackTricks-wiki/hacktricks-cloud/blob/45bcf7a7381a496d6dfd5b5d533681fff85c608d/src/pentesting-cloud/aws-security/aws-post-exploitation/aws-greengrass-post-exploitation/README.md,"Conditional access, interception, execution or security-boundary change"
aws,groundstation:CancelContact,medium,medium,https://github.com/HackTricks-wiki/hacktricks-cloud/blob/45bcf7a7381a496d6dfd5b5d533681fff85c608d/src/pentesting-cloud/aws-security/aws-post-exploitation/aws-ground-station-post-exploitation/README.md,"Availability, integrity or telemetry impact without standalone sensitive access"
aws,groundstation:CreateEphemeris,medium,medium,https://github.com/HackTricks-wiki/hacktricks-cloud/blob/45bcf7a7381a496d6dfd5b5d533681fff85c608d/src/pentesting-cloud/aws-security/aws-persistence/aws-ground-station-persistence/README.md,Durable disruption or operational state
aws,groundstation:UpdateConfig,medium,medium,https://github.com/HackTricks-wiki/hacktricks-cloud/blob/45bcf7a7381a496d6dfd5b5d533681fff85c608d/src/pentesting-cloud/aws-security/aws-persistence/aws-ground-station-persistence/README.md,"Availability, integrity, telemetry or operational impact; no direct sensitive access or escalation"
aws,groundstation:UpdateContact,medium,medium,https://github.com/HackTricks-wiki/hacktricks-cloud/blob/45bcf7a7381a496d6dfd5b5d533681fff85c608d/src/pentesting-cloud/aws-security/aws-post-exploitation/aws-ground-station-post-exploitation/README.md,"Availability, integrity or telemetry impact without standalone sensitive access"
aws,groundstation:UpdateEphemeris,medium,medium,https://github.com/HackTricks-wiki/hacktricks-cloud/blob/45bcf7a7381a496d6dfd5b5d533681fff85c608d/src/pentesting-cloud/aws-security/aws-persistence/aws-ground-station-persistence/README.md,Durable disruption or operational state
aws,groundstation:UpdateMissionProfile,medium,medium,https://github.com/HackTricks-wiki/hacktricks-cloud/blob/45bcf7a7381a496d6dfd5b5d533681fff85c608d/src/pentesting-cloud/aws-security/aws-persistence/aws-ground-station-persistence/README.md,"Availability, integrity, telemetry or operational impact; no direct sensitive access or escalation"
aws,guardduty:CreateFilter,medium,medium,https://github.com/HackTricks-wiki/hacktricks-cloud/blob/45bcf7a7381a496d6dfd5b5d533681fff85c608d/src/pentesting-cloud/aws-security/aws-persistence/aws-guardduty-persistence/README.md,"Availability, integrity or telemetry impact without standalone sensitive access"
aws,guardduty:CreateIPSet,medium,medium,https://github.com/HackTricks-wiki/hacktricks-cloud/blob/45bcf7a7381a496d6dfd5b5d533681fff85c608d/src/pentesting-cloud/aws-security/aws-post-exploitation/aws-guardduty-post-exploitation/README.md,"Availability, integrity or telemetry impact without standalone sensitive access"
aws,guardduty:DeleteDetector,medium,medium,https://github.com/HackTricks-wiki/hacktricks-cloud/blob/45bcf7a7381a496d6dfd5b5d533681fff85c608d/src/pentesting-cloud/aws-security/aws-post-exploitation/aws-guardduty-post-exploitation/README.md,"Availability or cleanup, not standalone escalation"
aws,guardduty:DeleteMembers,medium,medium,https://github.com/HackTricks-wiki/hacktricks-cloud/blob/45bcf7a7381a496d6dfd5b5d533681fff85c608d/src/pentesting-cloud/aws-security/aws-post-exploitation/aws-guardduty-post-exploitation/README.md,"Availability or cleanup, not standalone escalation"
aws,guardduty:DeletePublishingDestination,medium,medium,https://github.com/HackTricks-wiki/hacktricks-cloud/blob/45bcf7a7381a496d6dfd5b5d533681fff85c608d/src/pentesting-cloud/aws-security/aws-post-exploitation/aws-guardduty-post-exploitation/README.md,"Availability or cleanup, not standalone escalation"
aws,guardduty:DisassociateFromAdministratorAccount,medium,medium,https://github.com/HackTricks-wiki/hacktricks-cloud/blob/45bcf7a7381a496d6dfd5b5d533681fff85c608d/src/pentesting-cloud/aws-security/aws-post-exploitation/aws-guardduty-post-exploitation/README.md,"Availability, integrity or telemetry impact without standalone sensitive access"
aws,guardduty:DisassociateFromMasterAccount,medium,medium,https://github.com/HackTricks-wiki/hacktricks-cloud/blob/45bcf7a7381a496d6dfd5b5d533681fff85c608d/src/pentesting-cloud/aws-security/aws-post-exploitation/aws-guardduty-post-exploitation/README.md,"Availability, integrity or telemetry impact without standalone sensitive access"
aws,guardduty:DisassociateMembers,medium,medium,https://github.com/HackTricks-wiki/hacktricks-cloud/blob/45bcf7a7381a496d6dfd5b5d533681fff85c608d/src/pentesting-cloud/aws-security/aws-post-exploitation/aws-guardduty-post-exploitation/README.md,"Availability, integrity or telemetry impact without standalone sensitive access"
aws,guardduty:UpdateCustomDetectionRuleAssociation,medium,medium,https://github.com/HackTricks-wiki/hacktricks-cloud/blob/45bcf7a7381a496d6dfd5b5d533681fff85c608d/src/pentesting-cloud/aws-security/aws-post-exploitation/aws-guardduty-post-exploitation/README.md,"Availability, integrity or telemetry impact without standalone sensitive access"
aws,guardduty:UpdateDetector,medium,medium,https://github.com/HackTricks-wiki/hacktricks-cloud/blob/45bcf7a7381a496d6dfd5b5d533681fff85c608d/src/pentesting-cloud/aws-security/aws-persistence/aws-guardduty-persistence/README.md,"Availability, integrity or telemetry impact without standalone sensitive access"
aws,guardduty:UpdateIPSet,medium,medium,https://github.com/HackTricks-wiki/hacktricks-cloud/blob/45bcf7a7381a496d6dfd5b5d533681fff85c608d/src/pentesting-cloud/aws-security/aws-post-exploitation/aws-guardduty-post-exploitation/README.md,"Availability, integrity or telemetry impact without standalone sensitive access"
aws,guardduty:UpdateMemberDetectors,medium,medium,https://github.com/HackTricks-wiki/hacktricks-cloud/blob/45bcf7a7381a496d6dfd5b5d533681fff85c608d/src/pentesting-cloud/aws-security/aws-post-exploitation/aws-guardduty-post-exploitation/README.md,"Availability, integrity or telemetry impact without standalone sensitive access"
aws,health-agent:GetPatientInsightsJob,high,low,https://github.com/HackTricks-wiki/hacktricks-cloud/blob/45bcf7a7381a496d6dfd5b5d533681fff85c608d/src/pentesting-cloud/aws-security/aws-post-exploitation/aws-connect-health-post-exploitation/README.md,Documented sensitive-data or credential access
aws,iam:AcceptDelegationRequest,high,medium,https://github.com/HackTricks-wiki/hacktricks-cloud/blob/45bcf7a7381a496d6dfd5b5d533681fff85c608d/src/pentesting-cloud/aws-security/aws-privilege-escalation/aws-iam-privesc/README.md,Documented escalation primitive requiring target context or other capabilities
aws,iam:AddClientIDToOpenIDConnectProvider,high,medium,https://github.com/HackTricks-wiki/hacktricks-cloud/blob/45bcf7a7381a496d6dfd5b5d533681fff85c608d/src/pentesting-cloud/aws-security/aws-privilege-escalation/aws-iam-privesc/README.md,Documented escalation primitive requiring target context or other capabilities
aws,iam:AssociateDelegationRequest,high,medium,https://github.com/HackTricks-wiki/hacktricks-cloud/blob/45bcf7a7381a496d6dfd5b5d533681fff85c608d/src/pentesting-cloud/aws-security/aws-privilege-escalation/aws-iam-privesc/README.md,Documented escalation primitive requiring target context or other capabilities
aws,iam:CreateOpenIDConnectProvider,high,medium,https://github.com/HackTricks-wiki/hacktricks-cloud/blob/45bcf7a7381a496d6dfd5b5d533681fff85c608d/src/pentesting-cloud/aws-security/aws-privilege-escalation/aws-iam-privesc/README.md,Documented escalation primitive requiring target context or other capabilities
aws,iam:CreateRole,high,medium,https://github.com/HackTricks-wiki/hacktricks-cloud/blob/45bcf7a7381a496d6dfd5b5d533681fff85c608d/src/pentesting-cloud/aws-security/aws-persistence/aws-secrets-manager-persistence/README.md,"Conditional access, interception, execution or security-boundary change"
aws,iam:CreateSAMLProvider,high,medium,https://github.com/HackTricks-wiki/hacktricks-cloud/blob/45bcf7a7381a496d6dfd5b5d533681fff85c608d/src/pentesting-cloud/aws-security/aws-privilege-escalation/aws-iam-privesc/README.md,Documented escalation primitive requiring target context or other capabilities
aws,iam:CreateServiceLinkedRole,medium,medium,https://github.com/HackTricks-wiki/hacktricks-cloud/blob/45bcf7a7381a496d6dfd5b5d533681fff85c608d/src/pentesting-cloud/aws-security/aws-persistence/aws-ecr-persistence/README.md,"Availability, integrity, telemetry or operational impact; no direct sensitive access or escalation"
aws,iam:CreateVirtualMFADevice,high,medium,https://github.com/HackTricks-wiki/hacktricks-cloud/blob/45bcf7a7381a496d6dfd5b5d533681fff85c608d/src/pentesting-cloud/aws-security/aws-privilege-escalation/aws-iam-privesc/README.md,Documented escalation primitive requiring target context or other capabilities
aws,iam:DeleteAccessKey,medium,medium,https://github.com/HackTricks-wiki/hacktricks-cloud/blob/45bcf7a7381a496d6dfd5b5d533681fff85c608d/src/pentesting-cloud/aws-security/aws-post-exploitation/aws-iam-post-exploitation/README.md,"Availability, integrity, telemetry or operational impact; no direct sensitive access or escalation"
aws,iam:EnableMFADevice,high,medium,https://github.com/HackTricks-wiki/hacktricks-cloud/blob/45bcf7a7381a496d6dfd5b5d533681fff85c608d/src/pentesting-cloud/aws-security/aws-privilege-escalation/aws-iam-privesc/README.md,Documented escalation primitive requiring target context or other capabilities
aws,iam:EnableOrganizationsRootCredentialsManagement,high,medium,https://github.com/HackTricks-wiki/hacktricks-cloud/blob/45bcf7a7381a496d6dfd5b5d533681fff85c608d/src/pentesting-cloud/aws-security/aws-persistence/aws-sts-persistence/README.md,Documented conditional persistence or retained access
aws,iam:EnableOrganizationsRootSessions,high,medium,https://github.com/HackTricks-wiki/hacktricks-cloud/blob/45bcf7a7381a496d6dfd5b5d533681fff85c608d/src/pentesting-cloud/aws-security/aws-persistence/aws-sts-persistence/README.md,Documented conditional persistence or retained access
aws,iam:GetRequestAuthorizationDetails,low,low,https://github.com/HackTricks-wiki/hacktricks-cloud/blob/45bcf7a7381a496d6dfd5b5d533681fff85c608d/src/pentesting-cloud/aws-security/aws-post-exploitation/aws-iam-post-exploitation/README.md,Discovery or prerequisite only; does not itself disclose protected content
aws,iam:PassRole,critical,critical,https://github.com/HackTricks-wiki/hacktricks-cloud/blob/45bcf7a7381a496d6dfd5b5d533681fff85c608d/src/pentesting-cloud/aws-security/aws-persistence/aws-acm-persistence/README.md,"Direct privilege grant, identity takeover or near-self-sufficient privileged execution documented by the source"
aws,iam:SendDelegationToken,high,medium,https://github.com/HackTricks-wiki/hacktricks-cloud/blob/45bcf7a7381a496d6dfd5b5d533681fff85c608d/src/pentesting-cloud/aws-security/aws-privilege-escalation/aws-iam-privesc/README.md,Documented escalation primitive requiring target context or other capabilities
aws,iam:UpdateAccountEmailAddress,high,medium,https://github.com/HackTricks-wiki/hacktricks-cloud/blob/45bcf7a7381a496d6dfd5b5d533681fff85c608d/src/pentesting-cloud/aws-security/aws-privilege-escalation/aws-account-management-privesc/README.md,Documented escalation primitive requiring target context or other capabilities
aws,iam:UpdateGroup,high,medium,https://github.com/HackTricks-wiki/hacktricks-cloud/blob/45bcf7a7381a496d6dfd5b5d533681fff85c608d/src/pentesting-cloud/aws-security/aws-privilege-escalation/aws-iam-privesc/README.md,Documented escalation primitive requiring target context or other capabilities
aws,iam:UpdateRole,medium,medium,https://github.com/HackTricks-wiki/hacktricks-cloud/blob/45bcf7a7381a496d6dfd5b5d533681fff85c608d/src/pentesting-cloud/aws-security/aws-persistence/aws-iam-persistence/README.md,"Availability, integrity, telemetry or operational impact; no direct sensitive access or escalation"
aws,iam:UpdateUser,high,medium,https://github.com/HackTricks-wiki/hacktricks-cloud/blob/45bcf7a7381a496d6dfd5b5d533681fff85c608d/src/pentesting-cloud/aws-security/aws-privilege-escalation/aws-iam-privesc/README.md,Documented escalation primitive requiring target context or other capabilities
aws,iam:UploadSigningCertificate,critical,medium,https://github.com/HackTricks-wiki/hacktricks-cloud/blob/45bcf7a7381a496d6dfd5b5d533681fff85c608d/src/pentesting-cloud/aws-security/aws-privilege-escalation/aws-iam-privesc/README.md,"Direct privilege grant, identity takeover or near-self-sufficient privileged execution documented by the source"
aws,identitystore:CreateUser,high,medium,https://github.com/HackTricks-wiki/hacktricks-cloud/blob/45bcf7a7381a496d6dfd5b5d533681fff85c608d/src/pentesting-cloud/aws-security/aws-privilege-escalation/aws-sso-and-identitystore-privesc/README.md,Documented escalation primitive requiring target context or other capabilities
aws,imagebuilder:CreateComponent,medium,medium,Existing bundled exact prerequisite control,Existing validated permission prerequisite or operational control
aws,imagebuilder:StartImagePipelineExecution,medium,medium,Existing bundled exact prerequisite control,Existing validated permission prerequisite or operational control
aws,inspector2:AssociateMember,medium,medium,https://github.com/HackTricks-wiki/hacktricks-cloud/blob/45bcf7a7381a496d6dfd5b5d533681fff85c608d/src/pentesting-cloud/aws-security/aws-post-exploitation/aws-inspector-post-exploitation/README.md,"Availability, integrity or telemetry impact without standalone sensitive access"
aws,inspector2:CancelFindingsReport,medium,medium,https://github.com/HackTricks-wiki/hacktricks-cloud/blob/45bcf7a7381a496d6dfd5b5d533681fff85c608d/src/pentesting-cloud/aws-security/aws-post-exploitation/aws-inspector-post-exploitation/README.md,"Availability, integrity or telemetry impact without standalone sensitive access"
aws,inspector2:CancelSbomExport,medium,medium,https://github.com/HackTricks-wiki/hacktricks-cloud/blob/45bcf7a7381a496d6dfd5b5d533681fff85c608d/src/pentesting-cloud/aws-security/aws-post-exploitation/aws-inspector-post-exploitation/README.md,"Availability, integrity or telemetry impact without standalone sensitive access"
aws,inspector2:CreateFilter,medium,medium,https://github.com/HackTricks-wiki/hacktricks-cloud/blob/45bcf7a7381a496d6dfd5b5d533681fff85c608d/src/pentesting-cloud/aws-security/aws-post-exploitation/aws-inspector-post-exploitation/README.md,"Availability, integrity or telemetry impact without standalone sensitive access"
aws,inspector2:CreateFindingsReport,high,medium,https://github.com/HackTricks-wiki/hacktricks-cloud/blob/45bcf7a7381a496d6dfd5b5d533681fff85c608d/src/pentesting-cloud/aws-security/aws-post-exploitation/aws-inspector-post-exploitation/README.md,Documented sensitive-data or credential access
aws,inspector2:CreateSbomExport,high,medium,https://github.com/HackTricks-wiki/hacktricks-cloud/blob/45bcf7a7381a496d6dfd5b5d533681fff85c608d/src/pentesting-cloud/aws-security/aws-post-exploitation/aws-inspector-post-exploitation/README.md,Documented sensitive-data or credential access
aws,inspector2:DeleteFilter,medium,medium,https://github.com/HackTricks-wiki/hacktricks-cloud/blob/45bcf7a7381a496d6dfd5b5d533681fff85c608d/src/pentesting-cloud/aws-security/aws-post-exploitation/aws-inspector-post-exploitation/README.md,"Availability or cleanup, not standalone escalation"
aws,inspector2:Disable,medium,medium,https://github.com/HackTricks-wiki/hacktricks-cloud/blob/45bcf7a7381a496d6dfd5b5d533681fff85c608d/src/pentesting-cloud/aws-security/aws-post-exploitation/aws-inspector-post-exploitation/README.md,"Availability, integrity or telemetry impact without standalone sensitive access"
aws,inspector2:DisableDelegatedAdminAccount,medium,medium,https://github.com/HackTricks-wiki/hacktricks-cloud/blob/45bcf7a7381a496d6dfd5b5d533681fff85c608d/src/pentesting-cloud/aws-security/aws-post-exploitation/aws-inspector-post-exploitation/README.md,"Availability, integrity or telemetry impact without standalone sensitive access"
aws,inspector2:DisassociateMember,medium,medium,https://github.com/HackTricks-wiki/hacktricks-cloud/blob/45bcf7a7381a496d6dfd5b5d533681fff85c608d/src/pentesting-cloud/aws-security/aws-post-exploitation/aws-inspector-post-exploitation/README.md,"Availability, integrity or telemetry impact without standalone sensitive access"
aws,inspector2:Enable,medium,medium,https://github.com/HackTricks-wiki/hacktricks-cloud/blob/45bcf7a7381a496d6dfd5b5d533681fff85c608d/src/pentesting-cloud/aws-security/aws-post-exploitation/aws-inspector-post-exploitation/README.md,"Availability, integrity or telemetry impact without standalone sensitive access"
aws,inspector2:EnableDelegatedAdminAccount,medium,medium,https://github.com/HackTricks-wiki/hacktricks-cloud/blob/45bcf7a7381a496d6dfd5b5d533681fff85c608d/src/pentesting-cloud/aws-security/aws-post-exploitation/aws-inspector-post-exploitation/README.md,"Availability, integrity or telemetry impact without standalone sensitive access"
aws,inspector2:UpdateFilter,medium,medium,https://github.com/HackTricks-wiki/hacktricks-cloud/blob/45bcf7a7381a496d6dfd5b5d533681fff85c608d/src/pentesting-cloud/aws-security/aws-post-exploitation/aws-inspector-post-exploitation/README.md,"Availability, integrity or telemetry impact without standalone sensitive access"
aws,inspector2:UpdateOrganizationConfiguration,medium,medium,https://github.com/HackTricks-wiki/hacktricks-cloud/blob/45bcf7a7381a496d6dfd5b5d533681fff85c608d/src/pentesting-cloud/aws-security/aws-post-exploitation/aws-inspector-post-exploitation/README.md,"Availability, integrity or telemetry impact without standalone sensitive access"
aws,interconnect:GetConnection,high,low,https://github.com/HackTricks-wiki/hacktricks-cloud/blob/45bcf7a7381a496d6dfd5b5d533681fff85c608d/src/pentesting-cloud/aws-security/aws-post-exploitation/aws-interconnect-post-exploitation/README.md,Documented sensitive-data or credential access
aws,invoicing:CreateInvoiceUnit,high,medium,https://github.com/HackTricks-wiki/hacktricks-cloud/blob/45bcf7a7381a496d6dfd5b5d533681fff85c608d/src/pentesting-cloud/aws-security/aws-privilege-escalation/aws-invoicing-and-billing-privesc/README.md,Documented escalation primitive requiring target context or other capabilities
aws,invoicing:DeleteInvoiceUnit,medium,medium,https://github.com/HackTricks-wiki/hacktricks-cloud/blob/45bcf7a7381a496d6dfd5b5d533681fff85c608d/src/pentesting-cloud/aws-security/aws-post-exploitation/aws-invoicing-and-billing-post-exploitation/README.md,"Availability, integrity, telemetry or operational impact; no direct sensitive access or escalation"
aws,invoicing:UpdateInvoiceUnit,medium,medium,https://github.com/HackTricks-wiki/hacktricks-cloud/blob/45bcf7a7381a496d6dfd5b5d533681fff85c608d/src/pentesting-cloud/aws-security/aws-post-exploitation/aws-invoicing-and-billing-post-exploitation/README.md,"Availability, integrity or telemetry impact without standalone sensitive access"
aws,iot:AssumeRoleWithCertificate,high,medium,https://github.com/HackTricks-wiki/hacktricks-cloud/blob/45bcf7a7381a496d6dfd5b5d533681fff85c608d/src/pentesting-cloud/aws-security/aws-privilege-escalation/aws-iot-core-privesc/README.md,Documented escalation primitive requiring target context or other capabilities
aws,iot:AttachPolicy,high,medium,https://github.com/HackTricks-wiki/hacktricks-cloud/blob/45bcf7a7381a496d6dfd5b5d533681fff85c608d/src/pentesting-cloud/aws-security/aws-privilege-escalation/aws-iot-core-privesc/README.md,Documented escalation primitive requiring target context or other capabilities
aws,iot:CreateKeysAndCertificate,high,medium,https://github.com/HackTricks-wiki/hacktricks-cloud/blob/45bcf7a7381a496d6dfd5b5d533681fff85c608d/src/pentesting-cloud/aws-security/aws-privilege-escalation/aws-iot-core-privesc/README.md,Documented escalation primitive requiring target context or other capabilities
aws,iot:CreatePolicy,high,medium,https://github.com/HackTricks-wiki/hacktricks-cloud/blob/45bcf7a7381a496d6dfd5b5d533681fff85c608d/src/pentesting-cloud/aws-security/aws-privilege-escalation/aws-iot-core-privesc/README.md,Documented escalation primitive requiring target context or other capabilities
aws,iot:CreateProvisioningClaim,high,medium,https://github.com/HackTricks-wiki/hacktricks-cloud/blob/45bcf7a7381a496d6dfd5b5d533681fff85c608d/src/pentesting-cloud/aws-security/aws-privilege-escalation/aws-iot-privesc/README.md,Documented escalation primitive requiring target context or other capabilities
aws,iot:CreateProvisioningTemplate,high,medium,https://github.com/HackTricks-wiki/hacktricks-cloud/blob/45bcf7a7381a496d6dfd5b5d533681fff85c608d/src/pentesting-cloud/aws-security/aws-privilege-escalation/aws-iot-privesc/README.md,Documented escalation primitive requiring target context or other capabilities
aws,iot:CreateRoleAlias,high,medium,https://github.com/HackTricks-wiki/hacktricks-cloud/blob/45bcf7a7381a496d6dfd5b5d533681fff85c608d/src/pentesting-cloud/aws-security/aws-privilege-escalation/aws-iot-core-privesc/README.md,Documented escalation primitive requiring target context or other capabilities
aws,iot:CreateTopicRule,high,medium,https://github.com/HackTricks-wiki/hacktricks-cloud/blob/45bcf7a7381a496d6dfd5b5d533681fff85c608d/src/pentesting-cloud/aws-security/aws-post-exploitation/aws-iot-core-post-exploitation/README.md,"Conditional access, interception, execution or security-boundary change"
aws,iot:RegisterCertificateWithoutCA,high,medium,https://github.com/HackTricks-wiki/hacktricks-cloud/blob/45bcf7a7381a496d6dfd5b5d533681fff85c608d/src/pentesting-cloud/aws-security/aws-privilege-escalation/aws-iot-privesc/README.md,Documented escalation primitive requiring target context or other capabilities
aws,iot:UpdateRoleAlias,high,medium,https://github.com/HackTricks-wiki/hacktricks-cloud/blob/45bcf7a7381a496d6dfd5b5d533681fff85c608d/src/pentesting-cloud/aws-security/aws-privilege-escalation/aws-iot-core-privesc/README.md,Documented escalation primitive requiring target context or other capabilities
aws,iotjobsdata:GetPendingJobExecutions,medium,medium,Existing bundled exact prerequisite control,Existing validated permission prerequisite or operational control
aws,ivs:ImportPlaybackKeyPair,high,medium,https://github.com/HackTricks-wiki/hacktricks-cloud/blob/45bcf7a7381a496d6dfd5b5d533681fff85c608d/src/pentesting-cloud/aws-security/aws-privilege-escalation/aws-ivs-privesc/README.md,Documented escalation primitive requiring target context or other capabilities
aws,ivs:ImportPublicKey,high,medium,https://github.com/HackTricks-wiki/hacktricks-cloud/blob/45bcf7a7381a496d6dfd5b5d533681fff85c608d/src/pentesting-cloud/aws-security/aws-privilege-escalation/aws-ivs-privesc/README.md,Documented escalation primitive requiring target context or other capabilities
aws,ivs:ListStreamKeys,medium,medium,Existing bundled exact prerequisite control,Existing validated permission prerequisite or operational control
aws,ivs:StartComposition,high,medium,https://github.com/HackTricks-wiki/hacktricks-cloud/blob/45bcf7a7381a496d6dfd5b5d533681fff85c608d/src/pentesting-cloud/aws-security/aws-privilege-escalation/aws-ivs-privesc/README.md,Documented escalation primitive requiring target context or other capabilities
aws,kafka:PutClusterPolicy,high,medium,https://github.com/HackTricks-wiki/hacktricks-cloud/blob/45bcf7a7381a496d6dfd5b5d533681fff85c608d/src/pentesting-cloud/aws-security/aws-persistence/aws-msk-policy-persistence/README.md,Documented conditional persistence or retained access
aws,kendra:BatchPutDocument,medium,medium,https://github.com/HackTricks-wiki/hacktricks-cloud/blob/45bcf7a7381a496d6dfd5b5d533681fff85c608d/src/pentesting-cloud/aws-security/aws-post-exploitation/aws-kendra-post-exploitation/README.md,"Availability, integrity or telemetry impact without standalone sensitive access"
aws,kendra:CreateDataSource,medium,medium,https://github.com/HackTricks-wiki/hacktricks-cloud/blob/45bcf7a7381a496d6dfd5b5d533681fff85c608d/src/pentesting-cloud/aws-security/aws-post-exploitation/aws-kendra-post-exploitation/README.md,"Availability, integrity or telemetry impact without standalone sensitive access"
aws,kendra:PutPrincipalMapping,high,medium,https://github.com/HackTricks-wiki/hacktricks-cloud/blob/45bcf7a7381a496d6dfd5b5d533681fff85c608d/src/pentesting-cloud/aws-security/aws-post-exploitation/aws-kendra-post-exploitation/README.md,"Conditional access, interception, execution or security-boundary change"
aws,kendra:Query,high,medium,https://github.com/HackTricks-wiki/hacktricks-cloud/blob/45bcf7a7381a496d6dfd5b5d533681fff85c608d/src/pentesting-cloud/aws-security/aws-post-exploitation/aws-kendra-post-exploitation/README.md,"Conditional access, interception, execution or security-boundary change"
aws,kendra:Retrieve,high,medium,https://github.com/HackTricks-wiki/hacktricks-cloud/blob/45bcf7a7381a496d6dfd5b5d533681fff85c608d/src/pentesting-cloud/aws-security/aws-post-exploitation/aws-kendra-post-exploitation/README.md,"Conditional access, interception, execution or security-boundary change"
aws,kendra:StartDataSourceSyncJob,medium,medium,https://github.com/HackTricks-wiki/hacktricks-cloud/blob/45bcf7a7381a496d6dfd5b5d533681fff85c608d/src/pentesting-cloud/aws-security/aws-post-exploitation/aws-kendra-post-exploitation/README.md,"Availability, integrity or telemetry impact without standalone sensitive access"
aws,kendra:UpdateDataSource,medium,medium,https://github.com/HackTricks-wiki/hacktricks-cloud/blob/45bcf7a7381a496d6dfd5b5d533681fff85c608d/src/pentesting-cloud/aws-security/aws-post-exploitation/aws-kendra-post-exploitation/README.md,"Availability, integrity or telemetry impact without standalone sensitive access"
aws,kinesis:PutRecord,medium,medium,https://github.com/HackTricks-wiki/hacktricks-cloud/blob/45bcf7a7381a496d6dfd5b5d533681fff85c608d/src/pentesting-cloud/aws-security/aws-post-exploitation/aws-kinesis-data-streams-post-exploitation/README.md,"Availability, integrity or telemetry impact without standalone sensitive access"
aws,kinesis:PutRecords,medium,medium,https://github.com/HackTricks-wiki/hacktricks-cloud/blob/45bcf7a7381a496d6dfd5b5d533681fff85c608d/src/pentesting-cloud/aws-security/aws-post-exploitation/aws-kinesis-data-streams-post-exploitation/README.md,"Availability, integrity or telemetry impact without standalone sensitive access"
aws,kinesisanalytics:CreateApplication,high,medium,https://github.com/HackTricks-wiki/hacktricks-cloud/blob/45bcf7a7381a496d6dfd5b5d533681fff85c608d/src/pentesting-cloud/aws-security/aws-privilege-escalation/aws-managed-flink-privesc/README.md,Documented escalation primitive requiring target context or other capabilities
aws,kms:Decrypt,high,critical,https://github.com/HackTricks-wiki/hacktricks-cloud/blob/45bcf7a7381a496d6dfd5b5d533681fff85c608d/src/pentesting-cloud/aws-security/aws-persistence/aws-healthomics-persistence/README.md,Read/export sensitive information or stored credentials; no standalone privilege grant
aws,kms:DeleteImportedKeyMaterial,medium,medium,https://github.com/HackTricks-wiki/hacktricks-cloud/blob/45bcf7a7381a496d6dfd5b5d533681fff85c608d/src/pentesting-cloud/aws-security/aws-post-exploitation/aws-kms-post-exploitation/README.md,"Availability or cleanup, not standalone escalation"
aws,kms:DisableKey,medium,medium,https://github.com/HackTricks-wiki/hacktricks-cloud/blob/45bcf7a7381a496d6dfd5b5d533681fff85c608d/src/pentesting-cloud/aws-security/aws-post-exploitation/aws-cloudtrail-post-exploitation/README.md,"Availability, integrity or telemetry impact without standalone sensitive access"
aws,kms:GenerateDataKey,high,medium,https://github.com/HackTricks-wiki/hacktricks-cloud/blob/45bcf7a7381a496d6dfd5b5d533681fff85c608d/src/pentesting-cloud/aws-security/aws-persistence/aws-chime-sdk-persistence/README.md,Documented conditional persistence or retained access
aws,kms:Sign,high,medium,https://github.com/HackTricks-wiki/hacktricks-cloud/blob/45bcf7a7381a496d6dfd5b5d533681fff85c608d/src/pentesting-cloud/aws-security/aws-post-exploitation/aws-kms-post-exploitation/README.md,"Conditional access, interception, execution or security-boundary change"
aws,lakeformation:BatchGrantPermissions,critical,medium,https://github.com/HackTricks-wiki/hacktricks-cloud/blob/45bcf7a7381a496d6dfd5b5d533681fff85c608d/src/pentesting-cloud/aws-security/aws-privilege-escalation/aws-lake-formation-grants-privesc/README.md,"Direct privilege grant, identity takeover or near-self-sufficient privileged execution documented by the source"
aws,lakeformation:GetDataAccess,high,low,https://github.com/HackTricks-wiki/hacktricks-cloud/blob/45bcf7a7381a496d6dfd5b5d533681fff85c608d/src/pentesting-cloud/aws-security/aws-post-exploitation/aws-lakeformation-post-exploitation/README.md,Documented sensitive-data or credential access
aws,lakeformation:GrantPermissions,critical,medium,https://github.com/HackTricks-wiki/hacktricks-cloud/blob/45bcf7a7381a496d6dfd5b5d533681fff85c608d/src/pentesting-cloud/aws-security/aws-post-exploitation/aws-lakeformation-post-exploitation/README.md,"Direct privilege grant, identity takeover or near-self-sufficient privileged execution documented by the source"
aws,lakeformation:RegisterResource,high,medium,https://github.com/HackTricks-wiki/hacktricks-cloud/blob/45bcf7a7381a496d6dfd5b5d533681fff85c608d/src/pentesting-cloud/aws-security/aws-privilege-escalation/aws-lake-formation-grants-privesc/README.md,Documented escalation primitive requiring target context or other capabilities
aws,lakeformation:UpdateLFTagExpression,high,medium,https://github.com/HackTricks-wiki/hacktricks-cloud/blob/45bcf7a7381a496d6dfd5b5d533681fff85c608d/src/pentesting-cloud/aws-security/aws-post-exploitation/aws-lakeformation-post-exploitation/README.md,"Conditional access, interception, execution or security-boundary change"
aws,lambda:CreateFunctionUrlConfig,high,medium,https://github.com/HackTricks-wiki/hacktricks-cloud/blob/45bcf7a7381a496d6dfd5b5d533681fff85c608d/src/pentesting-cloud/aws-security/aws-privilege-escalation/aws-lambda-privesc/README.md,Documented escalation primitive requiring target context or other capabilities
aws,lambda:CreateMicrovmAuthToken,high,medium,https://github.com/HackTricks-wiki/hacktricks-cloud/blob/45bcf7a7381a496d6dfd5b5d533681fff85c608d/src/pentesting-cloud/aws-security/aws-post-exploitation/aws-lambda-post-exploitation/README.md,Documented sensitive-data or credential access
aws,lambda:CreateMicrovmShellAuthToken,critical,medium,https://github.com/HackTricks-wiki/hacktricks-cloud/blob/45bcf7a7381a496d6dfd5b5d533681fff85c608d/src/pentesting-cloud/aws-security/aws-privilege-escalation/aws-lambda-privesc/README.md,"Direct privilege grant, identity takeover or near-self-sufficient privileged execution documented by the source"
aws,lambda:DeleteFunctionCodeSigningConfig,high,medium,https://github.com/HackTricks-wiki/hacktricks-cloud/blob/45bcf7a7381a496d6dfd5b5d533681fff85c608d/src/pentesting-cloud/aws-security/aws-privilege-escalation/aws-lambda-privesc/README.md,Documented escalation primitive requiring target context or other capabilities
aws,lambda:GetDurableExecutionHistory,high,low,https://github.com/HackTricks-wiki/hacktricks-cloud/blob/45bcf7a7381a496d6dfd5b5d533681fff85c608d/src/pentesting-cloud/aws-security/aws-post-exploitation/aws-lambda-post-exploitation/README.md,Documented sensitive-data or credential access
aws,lambda:PassNetworkConnector,high,medium,https://github.com/HackTricks-wiki/hacktricks-cloud/blob/45bcf7a7381a496d6dfd5b5d533681fff85c608d/src/pentesting-cloud/aws-security/aws-post-exploitation/aws-lambda-post-exploitation/README.md,Documented sensitive-data or credential access
aws,lambda:PutFunctionCodeSigningConfig,high,medium,https://github.com/HackTricks-wiki/hacktricks-cloud/blob/45bcf7a7381a496d6dfd5b5d533681fff85c608d/src/pentesting-cloud/aws-security/aws-privilege-escalation/aws-lambda-privesc/README.md,Documented escalation primitive requiring target context or other capabilities
aws,lambda:PutFunctionConcurrency,medium,medium,https://github.com/HackTricks-wiki/hacktricks-cloud/blob/45bcf7a7381a496d6dfd5b5d533681fff85c608d/src/pentesting-cloud/aws-security/aws-post-exploitation/aws-lambda-post-exploitation/README.md,"Availability, integrity or telemetry impact without standalone sensitive access"
aws,lambda:PutFunctionRecursionConfig,medium,medium,https://github.com/HackTricks-wiki/hacktricks-cloud/blob/45bcf7a7381a496d6dfd5b5d533681fff85c608d/src/pentesting-cloud/aws-security/aws-persistence/aws-lambda-persistence/README.md,"Availability, integrity, telemetry or operational impact; no direct sensitive access or escalation"
aws,lambda:PutResourcePolicy,high,high,https://github.com/HackTricks-wiki/hacktricks-cloud/blob/45bcf7a7381a496d6dfd5b5d533681fff85c608d/src/pentesting-cloud/aws-security/aws-privilege-escalation/aws-lambda-privesc/README.md,Documented escalation primitive requiring target context or other capabilities
aws,lambda:RemovePermission,high,medium,https://github.com/HackTricks-wiki/hacktricks-cloud/blob/45bcf7a7381a496d6dfd5b5d533681fff85c608d/src/pentesting-cloud/aws-security/aws-privilege-escalation/aws-lambda-privesc/README.md,Documented escalation primitive requiring target context or other capabilities
aws,lambda:RunMicrovm,high,medium,https://github.com/HackTricks-wiki/hacktricks-cloud/blob/45bcf7a7381a496d6dfd5b5d533681fff85c608d/src/pentesting-cloud/aws-security/aws-post-exploitation/aws-lambda-post-exploitation/README.md,Documented sensitive-data or credential access
aws,lambda:SendDurableExecutionCallbackFailure,medium,medium,https://github.com/HackTricks-wiki/hacktricks-cloud/blob/45bcf7a7381a496d6dfd5b5d533681fff85c608d/src/pentesting-cloud/aws-security/aws-post-exploitation/aws-lambda-post-exploitation/README.md,"Availability, integrity or telemetry impact without standalone sensitive access"
aws,lambda:SendDurableExecutionCallbackSuccess,medium,medium,https://github.com/HackTricks-wiki/hacktricks-cloud/blob/45bcf7a7381a496d6dfd5b5d533681fff85c608d/src/pentesting-cloud/aws-security/aws-post-exploitation/aws-lambda-post-exploitation/README.md,"Availability, integrity or telemetry impact without standalone sensitive access"
aws,lambda:UpdateNetworkConnector,high,medium,https://github.com/HackTricks-wiki/hacktricks-cloud/blob/45bcf7a7381a496d6dfd5b5d533681fff85c608d/src/pentesting-cloud/aws-security/aws-post-exploitation/aws-lambda-post-exploitation/README.md,"Conditional access, interception, execution or security-boundary change"
aws,launchwizard:CreateDeployment,high,medium,https://github.com/HackTricks-wiki/hacktricks-cloud/blob/45bcf7a7381a496d6dfd5b5d533681fff85c608d/src/pentesting-cloud/aws-security/aws-post-exploitation/aws-launch-wizard-post-exploitation/README.md,Documented sensitive-data or credential access
aws,lex:CreateBot,high,medium,https://github.com/HackTricks-wiki/hacktricks-cloud/blob/45bcf7a7381a496d6dfd5b5d533681fff85c608d/src/pentesting-cloud/aws-security/aws-privilege-escalation/aws-lex-v2-privesc/README.md,Documented escalation primitive requiring target context or other capabilities
aws,lex:PutSession,high,medium,https://github.com/HackTricks-wiki/hacktricks-cloud/blob/45bcf7a7381a496d6dfd5b5d533681fff85c608d/src/pentesting-cloud/aws-security/aws-privilege-escalation/aws-lex-v2-privesc/README.md,Documented escalation primitive requiring target context or other capabilities
aws,lex:RecognizeText,high,medium,https://github.com/HackTricks-wiki/hacktricks-cloud/blob/45bcf7a7381a496d6dfd5b5d533681fff85c608d/src/pentesting-cloud/aws-security/aws-privilege-escalation/aws-lex-v2-privesc/README.md,Documented escalation primitive requiring target context or other capabilities
aws,lex:RecognizeUtterance,high,medium,https://github.com/HackTricks-wiki/hacktricks-cloud/blob/45bcf7a7381a496d6dfd5b5d533681fff85c608d/src/pentesting-cloud/aws-security/aws-privilege-escalation/aws-lex-v2-privesc/README.md,Documented escalation primitive requiring target context or other capabilities
aws,lex:StartConversation,high,medium,https://github.com/HackTricks-wiki/hacktricks-cloud/blob/45bcf7a7381a496d6dfd5b5d533681fff85c608d/src/pentesting-cloud/aws-security/aws-privilege-escalation/aws-lex-v2-privesc/README.md,Documented escalation primitive requiring target context or other capabilities
aws,lex:UpdateBot,high,medium,https://github.com/HackTricks-wiki/hacktricks-cloud/blob/45bcf7a7381a496d6dfd5b5d533681fff85c608d/src/pentesting-cloud/aws-security/aws-privilege-escalation/aws-lex-v2-privesc/README.md,Documented escalation primitive requiring target context or other capabilities
aws,license-manager:AcceptGrant,medium,medium,https://github.com/HackTricks-wiki/hacktricks-cloud/blob/45bcf7a7381a496d6dfd5b5d533681fff85c608d/src/pentesting-cloud/aws-security/aws-post-exploitation/aws-license-manager-post-exploitation/README.md,"Availability, integrity, telemetry or operational impact; no direct sensitive access or escalation"
aws,license-manager:CheckoutBorrowLicense,medium,medium,https://github.com/HackTricks-wiki/hacktricks-cloud/blob/45bcf7a7381a496d6dfd5b5d533681fff85c608d/src/pentesting-cloud/aws-security/aws-post-exploitation/aws-license-manager-post-exploitation/README.md,"Availability, integrity, telemetry or operational impact; no direct sensitive access or escalation"
aws,license-manager:CreateGrant,medium,medium,https://github.com/HackTricks-wiki/hacktricks-cloud/blob/45bcf7a7381a496d6dfd5b5d533681fff85c608d/src/pentesting-cloud/aws-security/aws-post-exploitation/aws-license-manager-post-exploitation/README.md,"Availability, integrity, telemetry or operational impact; no direct sensitive access or escalation"
aws,license-manager:UpdateLicenseConfiguration,medium,medium,https://github.com/HackTricks-wiki/hacktricks-cloud/blob/45bcf7a7381a496d6dfd5b5d533681fff85c608d/src/pentesting-cloud/aws-security/aws-post-exploitation/aws-license-manager-post-exploitation/README.md,"Availability, integrity, telemetry or operational impact; no direct sensitive access or escalation"
aws,license-manager:UpdateLicenseSpecificationsForResource,medium,medium,https://github.com/HackTricks-wiki/hacktricks-cloud/blob/45bcf7a7381a496d6dfd5b5d533681fff85c608d/src/pentesting-cloud/aws-security/aws-post-exploitation/aws-license-manager-post-exploitation/README.md,"Availability, integrity, telemetry or operational impact; no direct sensitive access or escalation"
aws,lightsail:OpenInstancePublicPorts,medium,medium,https://github.com/HackTricks-wiki/hacktricks-cloud/blob/45bcf7a7381a496d6dfd5b5d533681fff85c608d/src/pentesting-cloud/aws-security/aws-privilege-escalation/aws-lightsail-privesc/README.md,Existing validated permission prerequisite or operational control
aws,lightsail:PutInstancePublicPorts,medium,medium,https://github.com/HackTricks-wiki/hacktricks-cloud/blob/45bcf7a7381a496d6dfd5b5d533681fff85c608d/src/pentesting-cloud/aws-security/aws-privilege-escalation/aws-lightsail-privesc/README.md,Existing validated permission prerequisite or operational control
aws,lightsail:SetResourceAccessForBucket,medium,medium,https://github.com/HackTricks-wiki/hacktricks-cloud/blob/45bcf7a7381a496d6dfd5b5d533681fff85c608d/src/pentesting-cloud/aws-security/aws-privilege-escalation/aws-lightsail-privesc/README.md,Existing validated permission prerequisite or operational control
aws,lightsail:UpdateContainerService,medium,medium,https://github.com/HackTricks-wiki/hacktricks-cloud/blob/45bcf7a7381a496d6dfd5b5d533681fff85c608d/src/pentesting-cloud/aws-security/aws-privilege-escalation/aws-lightsail-privesc/README.md,Existing validated permission prerequisite or operational control
aws,logs:AssociateSourceToS3TableIntegration,high,medium,https://github.com/HackTricks-wiki/hacktricks-cloud/blob/45bcf7a7381a496d6dfd5b5d533681fff85c608d/src/pentesting-cloud/aws-security/aws-persistence/aws-cloudwatch-log-forwarding-persistence/README.md,Documented sensitive-data or credential access
aws,logs:CreateExportTask,high,medium,https://github.com/HackTricks-wiki/hacktricks-cloud/blob/45bcf7a7381a496d6dfd5b5d533681fff85c608d/src/pentesting-cloud/aws-security/aws-post-exploitation/aws-cloudwatch-log-data-post-exploitation/README.md,Documented sensitive-data or credential access
aws,logs:CreateLogGroup,low,low,https://github.com/HackTricks-wiki/hacktricks-cloud/blob/45bcf7a7381a496d6dfd5b5d533681fff85c608d/src/pentesting-cloud/aws-security/aws-post-exploitation/aws-lambda-post-exploitation/README.md,Discovery or prerequisite only; does not itself disclose protected content
aws,logs:CreateLogStream,low,low,https://github.com/HackTricks-wiki/hacktricks-cloud/blob/45bcf7a7381a496d6dfd5b5d533681fff85c608d/src/pentesting-cloud/aws-security/aws-post-exploitation/aws-lambda-post-exploitation/README.md,Discovery or prerequisite only; does not itself disclose protected content
aws,logs:CreateScheduledQuery,high,medium,https://github.com/HackTricks-wiki/hacktricks-cloud/blob/45bcf7a7381a496d6dfd5b5d533681fff85c608d/src/pentesting-cloud/aws-security/aws-persistence/aws-cloudwatch-log-forwarding-persistence/README.md,Documented sensitive-data or credential access
aws,logs:PutAccountPolicy,high,medium,https://github.com/HackTricks-wiki/hacktricks-cloud/blob/45bcf7a7381a496d6dfd5b5d533681fff85c608d/src/pentesting-cloud/aws-security/aws-persistence/aws-cloudwatch-log-forwarding-persistence/README.md,Documented sensitive-data or credential access
aws,logs:PutLogEvents,low,low,https://github.com/HackTricks-wiki/hacktricks-cloud/blob/45bcf7a7381a496d6dfd5b5d533681fff85c608d/src/pentesting-cloud/aws-security/aws-post-exploitation/aws-lambda-post-exploitation/README.md,Discovery or prerequisite only; does not itself disclose protected content
aws,logs:StartQuery,high,medium,https://github.com/HackTricks-wiki/hacktricks-cloud/blob/45bcf7a7381a496d6dfd5b5d533681fff85c608d/src/pentesting-cloud/aws-security/aws-post-exploitation/aws-cloudwatch-log-data-post-exploitation/README.md,Documented sensitive-data or credential access
aws,m2:CreateApplication,high,medium,https://github.com/HackTricks-wiki/hacktricks-cloud/blob/45bcf7a7381a496d6dfd5b5d533681fff85c608d/src/pentesting-cloud/aws-security/aws-privilege-escalation/aws-mainframe-modernization-privesc/README.md,Documented escalation primitive requiring target context or other capabilities
aws,m2:CreateDataSetExportTask,high,medium,https://github.com/HackTricks-wiki/hacktricks-cloud/blob/45bcf7a7381a496d6dfd5b5d533681fff85c608d/src/pentesting-cloud/aws-security/aws-post-exploitation/aws-mainframe-modernization-post-exploitation/README.md,Documented sensitive-data or credential access
aws,m2:CreateDataSetImportTask,medium,medium,https://github.com/HackTricks-wiki/hacktricks-cloud/blob/45bcf7a7381a496d6dfd5b5d533681fff85c608d/src/pentesting-cloud/aws-security/aws-post-exploitation/aws-mainframe-modernization-post-exploitation/README.md,"Availability, integrity or telemetry impact without standalone sensitive access"
aws,m2:CreateDeployment,high,medium,https://github.com/HackTricks-wiki/hacktricks-cloud/blob/45bcf7a7381a496d6dfd5b5d533681fff85c608d/src/pentesting-cloud/aws-security/aws-persistence/aws-mainframe-modernization-persistence/README.md,Documented conditional persistence or retained access
aws,m2:StartApplication,high,medium,https://github.com/HackTricks-wiki/hacktricks-cloud/blob/45bcf7a7381a496d6dfd5b5d533681fff85c608d/src/pentesting-cloud/aws-security/aws-persistence/aws-mainframe-modernization-persistence/README.md,Documented conditional persistence or retained access
aws,m2:StartBatchJob,high,medium,https://github.com/HackTricks-wiki/hacktricks-cloud/blob/45bcf7a7381a496d6dfd5b5d533681fff85c608d/src/pentesting-cloud/aws-security/aws-privilege-escalation/aws-mainframe-modernization-privesc/README.md,Documented escalation primitive requiring target context or other capabilities
aws,m2:UpdateApplication,high,medium,https://github.com/HackTricks-wiki/hacktricks-cloud/blob/45bcf7a7381a496d6dfd5b5d533681fff85c608d/src/pentesting-cloud/aws-security/aws-persistence/aws-mainframe-modernization-persistence/README.md,Documented conditional persistence or retained access
aws,macie2:CreateFindingsFilter,medium,medium,https://github.com/HackTricks-wiki/hacktricks-cloud/blob/45bcf7a7381a496d6dfd5b5d533681fff85c608d/src/pentesting-cloud/aws-security/aws-post-exploitation/aws-macie-post-exploitation/README.md,"Availability, integrity or telemetry impact without standalone sensitive access"
aws,macie2:GetSensitiveDataOccurrences,high,low,https://github.com/HackTricks-wiki/hacktricks-cloud/blob/45bcf7a7381a496d6dfd5b5d533681fff85c608d/src/pentesting-cloud/aws-security/aws-post-exploitation/aws-macie-post-exploitation/README.md,Documented sensitive-data or credential access
aws,macie2:PutClassificationExportConfiguration,high,medium,https://github.com/HackTricks-wiki/hacktricks-cloud/blob/45bcf7a7381a496d6dfd5b5d533681fff85c608d/src/pentesting-cloud/aws-security/aws-post-exploitation/aws-macie-post-exploitation/README.md,Documented sensitive-data or credential access
aws,macie2:UpdateClassificationJob,medium,medium,https://github.com/HackTricks-wiki/hacktricks-cloud/blob/45bcf7a7381a496d6dfd5b5d533681fff85c608d/src/pentesting-cloud/aws-security/aws-post-exploitation/aws-macie-post-exploitation/README.md,"Availability, integrity or telemetry impact without standalone sensitive access"
aws,macie2:UpdateMacieSession,medium,medium,https://github.com/HackTricks-wiki/hacktricks-cloud/blob/45bcf7a7381a496d6dfd5b5d533681fff85c608d/src/pentesting-cloud/aws-security/aws-post-exploitation/aws-macie-post-exploitation/README.md,"Availability, integrity or telemetry impact without standalone sensitive access"
aws,macie2:UpdateRevealConfiguration,high,medium,https://github.com/HackTricks-wiki/hacktricks-cloud/blob/45bcf7a7381a496d6dfd5b5d533681fff85c608d/src/pentesting-cloud/aws-security/aws-post-exploitation/aws-macie-post-exploitation/README.md,Documented sensitive-data or credential access
aws,managedblockchain-query:GetTransaction,medium,medium,Existing bundled exact prerequisite control,Existing validated permission prerequisite or operational control
aws,managedblockchain:CreateAccessor,high,medium,https://github.com/HackTricks-wiki/hacktricks-cloud/blob/45bcf7a7381a496d6dfd5b5d533681fff85c608d/src/pentesting-cloud/aws-security/aws-persistence/aws-managed-blockchain-persistence/README.md,Documented conditional persistence or retained access
aws,managedblockchain:CreateProposal,high,medium,https://github.com/HackTricks-wiki/hacktricks-cloud/blob/45bcf7a7381a496d6dfd5b5d533681fff85c608d/src/pentesting-cloud/aws-security/aws-privilege-escalation/aws-managed-blockchain-privesc/README.md,Documented escalation primitive requiring target context or other capabilities
aws,managedblockchain:GetAccessor,medium,medium,Existing bundled exact prerequisite control,Existing validated permission prerequisite or operational control
aws,managedblockchain:UpdateMember,medium,medium,https://github.com/HackTricks-wiki/hacktricks-cloud/blob/45bcf7a7381a496d6dfd5b5d533681fff85c608d/src/pentesting-cloud/aws-security/aws-post-exploitation/aws-managed-blockchain-post-exploitation/README.md,"Availability, integrity or telemetry impact without standalone sensitive access"
aws,managedblockchain:UpdateNode,medium,medium,https://github.com/HackTricks-wiki/hacktricks-cloud/blob/45bcf7a7381a496d6dfd5b5d533681fff85c608d/src/pentesting-cloud/aws-security/aws-post-exploitation/aws-managed-blockchain-post-exploitation/README.md,"Availability, integrity or telemetry impact without standalone sensitive access"
aws,managedblockchain:VoteOnProposal,high,medium,https://github.com/HackTricks-wiki/hacktricks-cloud/blob/45bcf7a7381a496d6dfd5b5d533681fff85c608d/src/pentesting-cloud/aws-security/aws-privilege-escalation/aws-managed-blockchain-privesc/README.md,Documented escalation primitive requiring target context or other capabilities
aws,memorydb:Connect,high,medium,https://github.com/HackTricks-wiki/hacktricks-cloud/blob/45bcf7a7381a496d6dfd5b5d533681fff85c608d/src/pentesting-cloud/aws-security/aws-post-exploitation/aws-memorydb-data-access-post-exploitation/README.md,Documented sensitive-data or credential access
aws,memorydb:CopySnapshot,high,medium,https://github.com/HackTricks-wiki/hacktricks-cloud/blob/45bcf7a7381a496d6dfd5b5d533681fff85c608d/src/pentesting-cloud/aws-security/aws-post-exploitation/aws-memorydb-data-access-post-exploitation/README.md,Documented sensitive-data or credential access
aws,memorydb:CreateACL,high,medium,https://github.com/HackTricks-wiki/hacktricks-cloud/blob/45bcf7a7381a496d6dfd5b5d533681fff85c608d/src/pentesting-cloud/aws-security/aws-persistence/aws-memorydb-persistence/README.md,Documented sensitive-data or credential access
aws,memorydb:CreateSnapshot,high,medium,https://github.com/HackTricks-wiki/hacktricks-cloud/blob/45bcf7a7381a496d6dfd5b5d533681fff85c608d/src/pentesting-cloud/aws-security/aws-post-exploitation/aws-memorydb-data-access-post-exploitation/README.md,Documented sensitive-data or credential access
aws,memorydb:CreateUser,high,medium,https://github.com/HackTricks-wiki/hacktricks-cloud/blob/45bcf7a7381a496d6dfd5b5d533681fff85c608d/src/pentesting-cloud/aws-security/aws-persistence/aws-memorydb-persistence/README.md,Documented sensitive-data or credential access
aws,memorydb:UpdateACL,high,medium,https://github.com/HackTricks-wiki/hacktricks-cloud/blob/45bcf7a7381a496d6dfd5b5d533681fff85c608d/src/pentesting-cloud/aws-security/aws-persistence/aws-memorydb-persistence/README.md,Documented sensitive-data or credential access
aws,memorydb:UpdateCluster,critical,medium,https://github.com/HackTricks-wiki/hacktricks-cloud/blob/45bcf7a7381a496d6dfd5b5d533681fff85c608d/src/pentesting-cloud/aws-security/aws-post-exploitation/aws-memorydb-post-exploitation/README.md,"Direct privilege grant, identity takeover or near-self-sufficient privileged execution documented by the source"
aws,memorydb:UpdateUser,critical,high,https://github.com/HackTricks-wiki/hacktricks-cloud/blob/45bcf7a7381a496d6dfd5b5d533681fff85c608d/src/pentesting-cloud/aws-security/aws-persistence/aws-memorydb-persistence/README.md,"Direct privilege grant, identity takeover or near-self-sufficient privileged execution documented by the source"
aws,mgn:StartExport,high,medium,https://github.com/HackTricks-wiki/hacktricks-cloud/blob/45bcf7a7381a496d6dfd5b5d533681fff85c608d/src/pentesting-cloud/aws-security/aws-post-exploitation/aws-drs-mgn-post-exploitation/README.md,Documented sensitive-data or credential access
aws,migrationhub-strategy:PutPortfolioPreferences,medium,medium,https://github.com/HackTricks-wiki/hacktricks-cloud/blob/45bcf7a7381a496d6dfd5b5d533681fff85c608d/src/pentesting-cloud/aws-security/aws-post-exploitation/aws-migration-hub-strategy-recommendations-post-exploitation/README.md,"Availability, integrity or telemetry impact without standalone sensitive access"
aws,migrationhub-strategy:StartImportFileTask,medium,medium,https://github.com/HackTricks-wiki/hacktricks-cloud/blob/45bcf7a7381a496d6dfd5b5d533681fff85c608d/src/pentesting-cloud/aws-security/aws-post-exploitation/aws-migration-hub-strategy-recommendations-post-exploitation/README.md,"Availability, integrity or telemetry impact without standalone sensitive access"
aws,migrationhub-strategy:StartRecommendationReportGeneration,high,medium,https://github.com/HackTricks-wiki/hacktricks-cloud/blob/45bcf7a7381a496d6dfd5b5d533681fff85c608d/src/pentesting-cloud/aws-security/aws-post-exploitation/aws-migration-hub-strategy-recommendations-post-exploitation/README.md,Documented sensitive-data or credential access
aws,migrationhub-strategy:UpdateApplicationComponentConfig,medium,medium,https://github.com/HackTricks-wiki/hacktricks-cloud/blob/45bcf7a7381a496d6dfd5b5d533681fff85c608d/src/pentesting-cloud/aws-security/aws-post-exploitation/aws-migration-hub-strategy-recommendations-post-exploitation/README.md,"Availability, integrity or telemetry impact without standalone sensitive access"
aws,migrationhub-strategy:UpdateServerConfig,medium,medium,https://github.com/HackTricks-wiki/hacktricks-cloud/blob/45bcf7a7381a496d6dfd5b5d533681fff85c608d/src/pentesting-cloud/aws-security/aws-post-exploitation/aws-migration-hub-strategy-recommendations-post-exploitation/README.md,"Availability, integrity or telemetry impact without standalone sensitive access"
aws,mobiletargeting:CreateCampaign,medium,medium,https://github.com/HackTricks-wiki/hacktricks-cloud/blob/45bcf7a7381a496d6dfd5b5d533681fff85c608d/src/pentesting-cloud/aws-security/aws-post-exploitation/aws-pinpoint-post-exploitation/README.md,"Availability, integrity or telemetry impact without standalone sensitive access"
aws,mobiletargeting:SendMessages,medium,medium,https://github.com/HackTricks-wiki/hacktricks-cloud/blob/45bcf7a7381a496d6dfd5b5d533681fff85c608d/src/pentesting-cloud/aws-security/aws-post-exploitation/aws-pinpoint-post-exploitation/README.md,"Availability, integrity or telemetry impact without standalone sensitive access"
aws,mq:RebootBroker,medium,medium,https://github.com/HackTricks-wiki/hacktricks-cloud/blob/45bcf7a7381a496d6dfd5b5d533681fff85c608d/src/pentesting-cloud/aws-security/aws-privilege-escalation/aws-mq-privesc/README.md,"Availability, integrity, telemetry or operational impact; no direct sensitive access or escalation"
aws,mq:UpdateBroker,medium,medium,https://github.com/HackTricks-wiki/hacktricks-cloud/blob/45bcf7a7381a496d6dfd5b5d533681fff85c608d/src/pentesting-cloud/aws-security/aws-privilege-escalation/aws-mq-privesc/README.md,Existing validated permission prerequisite or operational control
aws,mq:UpdateBrokerAccessConfiguration,high,medium,https://github.com/HackTricks-wiki/hacktricks-cloud/blob/45bcf7a7381a496d6dfd5b5d533681fff85c608d/src/pentesting-cloud/aws-security/aws-privilege-escalation/aws-mq-privesc/README.md,Documented escalation primitive requiring target context or other capabilities
aws,mq:UpdateConfiguration,high,medium,https://github.com/HackTricks-wiki/hacktricks-cloud/blob/45bcf7a7381a496d6dfd5b5d533681fff85c608d/src/pentesting-cloud/aws-security/aws-privilege-escalation/aws-mq-privesc/README.md,Documented escalation primitive requiring target context or other capabilities
aws,network-firewall:AssociateFirewallPolicy,high,medium,https://github.com/HackTricks-wiki/hacktricks-cloud/blob/45bcf7a7381a496d6dfd5b5d533681fff85c608d/src/pentesting-cloud/aws-security/aws-post-exploitation/aws-network-firewall-post-exploitation/README.md,"Conditional access, interception, execution or security-boundary change"
aws,network-firewall:CreateFirewallPolicy,high,medium,https://github.com/HackTricks-wiki/hacktricks-cloud/blob/45bcf7a7381a496d6dfd5b5d533681fff85c608d/src/pentesting-cloud/aws-security/aws-post-exploitation/aws-network-firewall-post-exploitation/README.md,"Conditional access, interception, execution or security-boundary change"
aws,network-firewall:DisassociateSubnets,high,medium,https://github.com/HackTricks-wiki/hacktricks-cloud/blob/45bcf7a7381a496d6dfd5b5d533681fff85c608d/src/pentesting-cloud/aws-security/aws-post-exploitation/aws-network-firewall-post-exploitation/README.md,"Conditional access, interception, execution or security-boundary change"
aws,network-firewall:UpdateFirewallPolicy,high,medium,https://github.com/HackTricks-wiki/hacktricks-cloud/blob/45bcf7a7381a496d6dfd5b5d533681fff85c608d/src/pentesting-cloud/aws-security/aws-post-exploitation/aws-network-firewall-post-exploitation/README.md,"Conditional access, interception, execution or security-boundary change"
aws,network-firewall:UpdateLoggingConfiguration,medium,medium,https://github.com/HackTricks-wiki/hacktricks-cloud/blob/45bcf7a7381a496d6dfd5b5d533681fff85c608d/src/pentesting-cloud/aws-security/aws-post-exploitation/aws-network-firewall-post-exploitation/README.md,"Availability, integrity or telemetry impact without standalone sensitive access"
aws,network-security-manager:DeleteAdminAccount,medium,medium,https://github.com/HackTricks-wiki/hacktricks-cloud/blob/45bcf7a7381a496d6dfd5b5d533681fff85c608d/src/pentesting-cloud/aws-security/aws-post-exploitation/aws-network-security-manager-post-exploitation/README.md,"Availability or cleanup, not standalone escalation"
aws,network-security-manager:DeleteDeployment,high,medium,https://github.com/HackTricks-wiki/hacktricks-cloud/blob/45bcf7a7381a496d6dfd5b5d533681fff85c608d/src/pentesting-cloud/aws-security/aws-post-exploitation/aws-network-security-manager-post-exploitation/README.md,"Conditional access, interception, execution or security-boundary change"
aws,network-security-manager:PutAdminAccount,high,medium,https://github.com/HackTricks-wiki/hacktricks-cloud/blob/45bcf7a7381a496d6dfd5b5d533681fff85c608d/src/pentesting-cloud/aws-security/aws-persistence/aws-network-security-manager-persistence/README.md,Documented conditional persistence or retained access
aws,network-security-manager:UpdateRule,high,medium,https://github.com/HackTricks-wiki/hacktricks-cloud/blob/45bcf7a7381a496d6dfd5b5d533681fff85c608d/src/pentesting-cloud/aws-security/aws-post-exploitation/aws-network-security-manager-post-exploitation/README.md,"Conditional access, interception, execution or security-boundary change"
aws,networkflowmonitor:UpdateMonitor,high,medium,https://github.com/HackTricks-wiki/hacktricks-cloud/blob/45bcf7a7381a496d6dfd5b5d533681fff85c608d/src/pentesting-cloud/aws-security/aws-post-exploitation/aws-network-flow-monitor-post-exploitation/README.md,Documented sensitive-data or credential access
aws,networkflowmonitor:UpdateScope,high,medium,https://github.com/HackTricks-wiki/hacktricks-cloud/blob/45bcf7a7381a496d6dfd5b5d533681fff85c608d/src/pentesting-cloud/aws-security/aws-post-exploitation/aws-network-flow-monitor-post-exploitation/README.md,Documented sensitive-data or credential access
aws,networkmanager:AcceptAttachment,high,medium,https://github.com/HackTricks-wiki/hacktricks-cloud/blob/45bcf7a7381a496d6dfd5b5d533681fff85c608d/src/pentesting-cloud/aws-security/aws-post-exploitation/aws-network-manager-post-exploitation/README.md,"Conditional access, interception, execution or security-boundary change"
aws,networkmanager:ExecuteCoreNetworkChangeSet,high,medium,https://github.com/HackTricks-wiki/hacktricks-cloud/blob/45bcf7a7381a496d6dfd5b5d533681fff85c608d/src/pentesting-cloud/aws-security/aws-post-exploitation/aws-network-manager-post-exploitation/README.md,"Conditional access, interception, execution or security-boundary change"
aws,networkmanager:PutAttachmentRoutingPolicyLabel,high,medium,https://github.com/HackTricks-wiki/hacktricks-cloud/blob/45bcf7a7381a496d6dfd5b5d533681fff85c608d/src/pentesting-cloud/aws-security/aws-post-exploitation/aws-network-manager-post-exploitation/README.md,"Conditional access, interception, execution or security-boundary change"
aws,networkmanager:PutCoreNetworkPolicy,high,medium,https://github.com/HackTricks-wiki/hacktricks-cloud/blob/45bcf7a7381a496d6dfd5b5d533681fff85c608d/src/pentesting-cloud/aws-security/aws-post-exploitation/aws-network-manager-post-exploitation/README.md,"Conditional access, interception, execution or security-boundary change"
aws,networkmanager:RejectAttachment,medium,medium,https://github.com/HackTricks-wiki/hacktricks-cloud/blob/45bcf7a7381a496d6dfd5b5d533681fff85c608d/src/pentesting-cloud/aws-security/aws-post-exploitation/aws-network-manager-post-exploitation/README.md,"Availability, integrity, telemetry or operational impact; no direct sensitive access or escalation"
aws,networkmanager:RemoveAttachmentRoutingPolicyLabel,high,medium,https://github.com/HackTricks-wiki/hacktricks-cloud/blob/45bcf7a7381a496d6dfd5b5d533681fff85c608d/src/pentesting-cloud/aws-security/aws-post-exploitation/aws-network-manager-post-exploitation/README.md,"Conditional access, interception, execution or security-boundary change"
aws,networkmanager:TagResource,high,medium,https://github.com/HackTricks-wiki/hacktricks-cloud/blob/45bcf7a7381a496d6dfd5b5d533681fff85c608d/src/pentesting-cloud/aws-security/aws-post-exploitation/aws-network-manager-post-exploitation/README.md,"Conditional access, interception, execution or security-boundary change"
aws,networkmanager:UntagResource,high,medium,https://github.com/HackTricks-wiki/hacktricks-cloud/blob/45bcf7a7381a496d6dfd5b5d533681fff85c608d/src/pentesting-cloud/aws-security/aws-post-exploitation/aws-network-manager-post-exploitation/README.md,"Conditional access, interception, execution or security-boundary change"
aws,networkmanager:UpdateDirectConnectGatewayAttachment,high,medium,https://github.com/HackTricks-wiki/hacktricks-cloud/blob/45bcf7a7381a496d6dfd5b5d533681fff85c608d/src/pentesting-cloud/aws-security/aws-post-exploitation/aws-network-manager-post-exploitation/README.md,"Conditional access, interception, execution or security-boundary change"
aws,networkmanager:UpdateVpcAttachment,high,medium,https://github.com/HackTricks-wiki/hacktricks-cloud/blob/45bcf7a7381a496d6dfd5b5d533681fff85c608d/src/pentesting-cloud/aws-security/aws-post-exploitation/aws-network-manager-post-exploitation/README.md,"Conditional access, interception, execution or security-boundary change"
aws,notifications:CreateEventRule,high,medium,https://github.com/HackTricks-wiki/hacktricks-cloud/blob/45bcf7a7381a496d6dfd5b5d533681fff85c608d/src/pentesting-cloud/aws-security/aws-persistence/aws-user-notifications-persistence/README.md,Documented conditional persistence or retained access
aws,notifications:CreateNotificationConfiguration,high,medium,https://github.com/HackTricks-wiki/hacktricks-cloud/blob/45bcf7a7381a496d6dfd5b5d533681fff85c608d/src/pentesting-cloud/aws-security/aws-persistence/aws-user-notifications-persistence/README.md,Documented conditional persistence or retained access
aws,oam:CreateLink,high,medium,https://github.com/HackTricks-wiki/hacktricks-cloud/blob/45bcf7a7381a496d6dfd5b5d533681fff85c608d/src/pentesting-cloud/aws-security/aws-post-exploitation/aws-cloudwatch-post-exploitation/README.md,Documented sensitive-data or credential access
aws,oam:DeleteLink,medium,medium,https://github.com/HackTricks-wiki/hacktricks-cloud/blob/45bcf7a7381a496d6dfd5b5d533681fff85c608d/src/pentesting-cloud/aws-security/aws-post-exploitation/aws-cloudwatch-post-exploitation/README.md,"Availability or cleanup, not standalone escalation"
aws,oam:UpdateLink,medium,medium,https://github.com/HackTricks-wiki/hacktricks-cloud/blob/45bcf7a7381a496d6dfd5b5d533681fff85c608d/src/pentesting-cloud/aws-security/aws-post-exploitation/aws-cloudwatch-post-exploitation/README.md,"Availability, integrity or telemetry impact without standalone sensitive access"
aws,observabilityadmin:CreateS3TableIntegration,high,medium,https://github.com/HackTricks-wiki/hacktricks-cloud/blob/45bcf7a7381a496d6dfd5b5d533681fff85c608d/src/pentesting-cloud/aws-security/aws-persistence/aws-cloudwatch-log-forwarding-persistence/README.md,Documented sensitive-data or credential access
aws,observabilityadmin:UpdateTelemetryPipeline,medium,medium,https://github.com/HackTricks-wiki/hacktricks-cloud/blob/45bcf7a7381a496d6dfd5b5d533681fff85c608d/src/pentesting-cloud/aws-security/aws-post-exploitation/aws-cloudwatch-post-exploitation/README.md,"Availability, integrity or telemetry impact without standalone sensitive access"
aws,odb:CreateAutonomousDatabaseWallet,high,medium,https://github.com/HackTricks-wiki/hacktricks-cloud/blob/45bcf7a7381a496d6dfd5b5d533681fff85c608d/src/pentesting-cloud/aws-security/aws-post-exploitation/aws-odb-post-exploitation/README.md,Documented sensitive-data or credential access
aws,odb:UpdateAutonomousDatabase,high,medium,https://github.com/HackTricks-wiki/hacktricks-cloud/blob/45bcf7a7381a496d6dfd5b5d533681fff85c608d/src/pentesting-cloud/aws-security/aws-persistence/aws-odb-persistence/README.md,Documented conditional persistence or retained access
aws,omics:StartRun,high,medium,https://github.com/HackTricks-wiki/hacktricks-cloud/blob/45bcf7a7381a496d6dfd5b5d533681fff85c608d/src/pentesting-cloud/aws-security/aws-privilege-escalation/aws-healthomics-privesc/README.md,Documented escalation primitive requiring target context or other capabilities
aws,organizations:AttachPolicy,medium,medium,https://github.com/HackTricks-wiki/hacktricks-cloud/blob/45bcf7a7381a496d6dfd5b5d533681fff85c608d/src/pentesting-cloud/aws-security/aws-post-exploitation/aws-organizations-post-exploitation/README.md,"Availability, integrity or telemetry impact without standalone sensitive access"
aws,organizations:CreateAccount,high,medium,https://github.com/HackTricks-wiki/hacktricks-cloud/blob/45bcf7a7381a496d6dfd5b5d533681fff85c608d/src/pentesting-cloud/aws-security/aws-privilege-escalation/aws-organizations-prinvesc/README.md,Documented escalation primitive requiring target context or other capabilities
aws,organizations:CreatePolicy,medium,medium,https://github.com/HackTricks-wiki/hacktricks-cloud/blob/45bcf7a7381a496d6dfd5b5d533681fff85c608d/src/pentesting-cloud/aws-security/aws-post-exploitation/aws-organizations-post-exploitation/README.md,"Availability, integrity or telemetry impact without standalone sensitive access"
aws,organizations:DeregisterDelegatedAdministrator,medium,medium,https://github.com/HackTricks-wiki/hacktricks-cloud/blob/45bcf7a7381a496d6dfd5b5d533681fff85c608d/src/pentesting-cloud/aws-security/aws-post-exploitation/aws-inspector-post-exploitation/README.md,"Availability, integrity or telemetry impact without standalone sensitive access"
aws,organizations:DetachPolicy,high,medium,https://github.com/HackTricks-wiki/hacktricks-cloud/blob/45bcf7a7381a496d6dfd5b5d533681fff85c608d/src/pentesting-cloud/aws-security/aws-privilege-escalation/aws-organizations-prinvesc/README.md,Documented escalation primitive requiring target context or other capabilities
aws,organizations:DisableAWSServiceAccess,medium,medium,https://github.com/HackTricks-wiki/hacktricks-cloud/blob/45bcf7a7381a496d6dfd5b5d533681fff85c608d/src/pentesting-cloud/aws-security/aws-post-exploitation/aws-organizations-post-exploitation/README.md,"Availability, integrity or telemetry impact without standalone sensitive access"
aws,organizations:DisablePolicyType,high,medium,https://github.com/HackTricks-wiki/hacktricks-cloud/blob/45bcf7a7381a496d6dfd5b5d533681fff85c608d/src/pentesting-cloud/aws-security/aws-privilege-escalation/aws-organizations-prinvesc/README.md,Documented escalation primitive requiring target context or other capabilities
aws,organizations:EnableAWSServiceAccess,high,medium,https://github.com/HackTricks-wiki/hacktricks-cloud/blob/45bcf7a7381a496d6dfd5b5d533681fff85c608d/src/pentesting-cloud/aws-security/aws-persistence/aws-network-security-manager-persistence/README.md,Documented conditional persistence or retained access
aws,organizations:EnablePolicyType,medium,medium,https://github.com/HackTricks-wiki/hacktricks-cloud/blob/45bcf7a7381a496d6dfd5b5d533681fff85c608d/src/pentesting-cloud/aws-security/aws-post-exploitation/aws-organizations-post-exploitation/README.md,"Availability, integrity or telemetry impact without standalone sensitive access"
aws,organizations:PutResourcePolicy,high,high,https://github.com/HackTricks-wiki/hacktricks-cloud/blob/45bcf7a7381a496d6dfd5b5d533681fff85c608d/src/pentesting-cloud/aws-security/aws-privilege-escalation/aws-organizations-prinvesc/README.md,Documented escalation primitive requiring target context or other capabilities
aws,organizations:RegisterDelegatedAdministrator,high,medium,https://github.com/HackTricks-wiki/hacktricks-cloud/blob/45bcf7a7381a496d6dfd5b5d533681fff85c608d/src/pentesting-cloud/aws-security/aws-persistence/aws-network-security-manager-persistence/README.md,Documented conditional persistence or retained access
aws,organizations:UpdatePolicy,high,medium,https://github.com/HackTricks-wiki/hacktricks-cloud/blob/45bcf7a7381a496d6dfd5b5d533681fff85c608d/src/pentesting-cloud/aws-security/aws-privilege-escalation/aws-organizations-prinvesc/README.md,Documented escalation primitive requiring target context or other capabilities
aws,partnercentral:CreateChannelHandshake,medium,medium,https://github.com/HackTricks-wiki/hacktricks-cloud/blob/45bcf7a7381a496d6dfd5b5d533681fff85c608d/src/pentesting-cloud/aws-security/aws-post-exploitation/aws-partner-central-channel-post-exploitation/README.md,"Availability, integrity or telemetry impact without standalone sensitive access"
aws,partnercentral:GetVerification,high,low,https://github.com/HackTricks-wiki/hacktricks-cloud/blob/45bcf7a7381a496d6dfd5b5d533681fff85c608d/src/pentesting-cloud/aws-security/aws-post-exploitation/aws-partner-central-account-post-exploitation/README.md,Documented sensitive-data or credential access
aws,partnercentral:PutSellingSystemSettings,high,medium,https://github.com/HackTricks-wiki/hacktricks-cloud/blob/45bcf7a7381a496d6dfd5b5d533681fff85c608d/src/pentesting-cloud/aws-security/aws-persistence/aws-partner-central-selling-persistence/README.md,Documented conditional persistence or retained access
aws,partnercentral:StartResourceSnapshotJob,high,medium,https://github.com/HackTricks-wiki/hacktricks-cloud/blob/45bcf7a7381a496d6dfd5b5d533681fff85c608d/src/pentesting-cloud/aws-security/aws-persistence/aws-partner-central-selling-persistence/README.md,Documented conditional persistence or retained access
aws,partnercentral:UpdateRelationship,medium,medium,https://github.com/HackTricks-wiki/hacktricks-cloud/blob/45bcf7a7381a496d6dfd5b5d533681fff85c608d/src/pentesting-cloud/aws-security/aws-post-exploitation/aws-partner-central-channel-post-exploitation/README.md,"Availability, integrity or telemetry impact without standalone sensitive access"
aws,payment-cryptography:DeleteKey,medium,medium,https://github.com/HackTricks-wiki/hacktricks-cloud/blob/45bcf7a7381a496d6dfd5b5d533681fff85c608d/src/pentesting-cloud/aws-security/aws-post-exploitation/aws-payment-cryptography-post-exploitation/README.md,"Availability or cleanup, not standalone escalation"
aws,payment-cryptography:ExportKey,high,medium,https://github.com/HackTricks-wiki/hacktricks-cloud/blob/45bcf7a7381a496d6dfd5b5d533681fff85c608d/src/pentesting-cloud/aws-security/aws-post-exploitation/aws-payment-cryptography-post-exploitation/README.md,Documented sensitive-data or credential access
aws,payment-cryptography:PutResourcePolicy,high,high,https://github.com/HackTricks-wiki/hacktricks-cloud/blob/45bcf7a7381a496d6dfd5b5d533681fff85c608d/src/pentesting-cloud/aws-security/aws-persistence/aws-payment-cryptography-persistence/README.md,Documented conditional persistence or retained access
aws,payment-cryptography:StopKeyUsage,medium,medium,https://github.com/HackTricks-wiki/hacktricks-cloud/blob/45bcf7a7381a496d6dfd5b5d533681fff85c608d/src/pentesting-cloud/aws-security/aws-post-exploitation/aws-payment-cryptography-post-exploitation/README.md,"Availability or cleanup, not standalone escalation"
aws,payment-cryptography:UpdateAlias,high,medium,https://github.com/HackTricks-wiki/hacktricks-cloud/blob/45bcf7a7381a496d6dfd5b5d533681fff85c608d/src/pentesting-cloud/aws-security/aws-privilege-escalation/aws-payment-cryptography-privesc/README.md,Documented escalation primitive requiring target context or other capabilities
aws,pca-connector-ad:CreateTemplate,high,medium,https://github.com/HackTricks-wiki/hacktricks-cloud/blob/45bcf7a7381a496d6dfd5b5d533681fff85c608d/src/pentesting-cloud/aws-security/aws-privilege-escalation/aws-pca-connector-ad-privesc/README.md,Documented escalation primitive requiring target context or other capabilities
aws,pca-connector-ad:CreateTemplateGroupAccessControlEntry,high,medium,https://github.com/HackTricks-wiki/hacktricks-cloud/blob/45bcf7a7381a496d6dfd5b5d533681fff85c608d/src/pentesting-cloud/aws-security/aws-privilege-escalation/aws-pca-connector-ad-privesc/README.md,Documented escalation primitive requiring target context or other capabilities
aws,pca-connector-ad:UpdateTemplate,high,medium,https://github.com/HackTricks-wiki/hacktricks-cloud/blob/45bcf7a7381a496d6dfd5b5d533681fff85c608d/src/pentesting-cloud/aws-security/aws-privilege-escalation/aws-pca-connector-ad-privesc/README.md,Documented escalation primitive requiring target context or other capabilities
aws,pca-connector-scep:CreateChallenge,high,medium,https://github.com/HackTricks-wiki/hacktricks-cloud/blob/45bcf7a7381a496d6dfd5b5d533681fff85c608d/src/pentesting-cloud/aws-security/aws-post-exploitation/aws-acm-pca-scep-post-exploitation/README.md,Documented sensitive-data or credential access
aws,pcs:GetCluster,high,low,https://github.com/HackTricks-wiki/hacktricks-cloud/blob/45bcf7a7381a496d6dfd5b5d533681fff85c608d/src/pentesting-cloud/aws-security/aws-post-exploitation/aws-pcs-post-exploitation/README.md,Documented sensitive-data or credential access
aws,pipes:CreatePipe,high,medium,https://github.com/HackTricks-wiki/hacktricks-cloud/blob/45bcf7a7381a496d6dfd5b5d533681fff85c608d/src/pentesting-cloud/aws-security/aws-privilege-escalation/aws-eventbridge-pipes-privesc/README.md,Documented escalation primitive requiring target context or other capabilities
aws,pricingplanmanager:UpdateSubscription,medium,medium,https://github.com/HackTricks-wiki/hacktricks-cloud/blob/45bcf7a7381a496d6dfd5b5d533681fff85c608d/src/pentesting-cloud/aws-security/aws-post-exploitation/aws-pricing-plan-manager-post-exploitation/README.md,"Availability, integrity, telemetry or operational impact; no direct sensitive access or escalation"
aws,profile:AddProfileKey,high,medium,https://github.com/HackTricks-wiki/hacktricks-cloud/blob/45bcf7a7381a496d6dfd5b5d533681fff85c608d/src/pentesting-cloud/aws-security/aws-persistence/aws-customer-profiles-persistence/README.md,Documented conditional persistence or retained access
aws,profile:AssociateStreamForSegments,high,medium,https://github.com/HackTricks-wiki/hacktricks-cloud/blob/45bcf7a7381a496d6dfd5b5d533681fff85c608d/src/pentesting-cloud/aws-security/aws-privilege-escalation/aws-customer-profiles-privesc/README.md,Documented escalation primitive requiring target context or other capabilities
aws,profile:CreateEventStream,high,medium,https://github.com/HackTricks-wiki/hacktricks-cloud/blob/45bcf7a7381a496d6dfd5b5d533681fff85c608d/src/pentesting-cloud/aws-security/aws-persistence/aws-customer-profiles-persistence/README.md,Documented sensitive-data or credential access
aws,profile:CreateIntegrationWorkflow,high,medium,https://github.com/HackTricks-wiki/hacktricks-cloud/blob/45bcf7a7381a496d6dfd5b5d533681fff85c608d/src/pentesting-cloud/aws-security/aws-persistence/aws-customer-profiles-persistence/README.md,"Conditional access, interception, execution or security-boundary change"
aws,profile:CreateProfile,medium,medium,https://github.com/HackTricks-wiki/hacktricks-cloud/blob/45bcf7a7381a496d6dfd5b5d533681fff85c608d/src/pentesting-cloud/aws-security/aws-post-exploitation/aws-customer-profiles-post-exploitation/README.md,"Availability, integrity or telemetry impact without standalone sensitive access"
aws,profile:CreateSegmentSnapshot,high,medium,https://github.com/HackTricks-wiki/hacktricks-cloud/blob/45bcf7a7381a496d6dfd5b5d533681fff85c608d/src/pentesting-cloud/aws-security/aws-post-exploitation/aws-customer-profiles-post-exploitation/README.md,Documented sensitive-data or credential access
aws,profile:PutIntegration,high,medium,https://github.com/HackTricks-wiki/hacktricks-cloud/blob/45bcf7a7381a496d6dfd5b5d533681fff85c608d/src/pentesting-cloud/aws-security/aws-persistence/aws-customer-profiles-persistence/README.md,"Conditional access, interception, execution or security-boundary change"
aws,profile:UpdateDomain,medium,medium,https://github.com/HackTricks-wiki/hacktricks-cloud/blob/45bcf7a7381a496d6dfd5b5d533681fff85c608d/src/pentesting-cloud/aws-security/aws-post-exploitation/aws-customer-profiles-post-exploitation/README.md,"Availability, integrity or telemetry impact without standalone sensitive access"
aws,proton:CreateComponent,high,medium,https://github.com/HackTricks-wiki/hacktricks-cloud/blob/45bcf7a7381a496d6dfd5b5d533681fff85c608d/src/pentesting-cloud/aws-security/aws-privilege-escalation/aws-proton-privesc/README.md,Documented escalation primitive requiring target context or other capabilities
aws,proton:CreateEnvironment,high,medium,https://github.com/HackTricks-wiki/hacktricks-cloud/blob/45bcf7a7381a496d6dfd5b5d533681fff85c608d/src/pentesting-cloud/aws-security/aws-privilege-escalation/aws-proton-privesc/README.md,Documented escalation primitive requiring target context or other capabilities
aws,proton:UpdateComponent,high,medium,https://github.com/HackTricks-wiki/hacktricks-cloud/blob/45bcf7a7381a496d6dfd5b5d533681fff85c608d/src/pentesting-cloud/aws-security/aws-privilege-escalation/aws-proton-privesc/README.md,Documented escalation primitive requiring target context or other capabilities
aws,qbusiness:CreateAnonymousWebExperienceUrl,high,medium,https://github.com/HackTricks-wiki/hacktricks-cloud/blob/45bcf7a7381a496d6dfd5b5d533681fff85c608d/src/pentesting-cloud/aws-security/aws-post-exploitation/aws-q-business-post-exploitation/README.md,Documented sensitive-data or credential access
aws,quicksight:RegisterUser,critical,medium,https://github.com/HackTricks-wiki/hacktricks-cloud/blob/45bcf7a7381a496d6dfd5b5d533681fff85c608d/src/pentesting-cloud/aws-security/aws-privilege-escalation/aws-quicksight-privesc/README.md,"Direct privilege grant, identity takeover or near-self-sufficient privileged execution documented by the source"
aws,quicksight:UpdateUser,critical,medium,https://github.com/HackTricks-wiki/hacktricks-cloud/blob/45bcf7a7381a496d6dfd5b5d533681fff85c608d/src/pentesting-cloud/aws-security/aws-privilege-escalation/aws-quicksight-privesc/README.md,"Direct privilege grant, identity takeover or near-self-sufficient privileged execution documented by the source"
aws,ram:AssociateResourceShare,high,medium,https://github.com/HackTricks-wiki/hacktricks-cloud/blob/45bcf7a7381a496d6dfd5b5d533681fff85c608d/src/pentesting-cloud/aws-security/aws-persistence/aws-network-manager-persistence/README.md,Documented conditional persistence or retained access
aws,ram:CreateResourceShare,high,medium,https://github.com/HackTricks-wiki/hacktricks-cloud/blob/45bcf7a7381a496d6dfd5b5d533681fff85c608d/src/pentesting-cloud/aws-security/aws-persistence/aws-connect-persistence/README.md,"Conditional access, interception, execution or security-boundary change"
aws,rds:CreateBlueGreenDeployment,high,medium,https://github.com/HackTricks-wiki/hacktricks-cloud/blob/45bcf7a7381a496d6dfd5b5d533681fff85c608d/src/pentesting-cloud/aws-security/aws-post-exploitation/aws-rds-post-exploitation/README.md,Documented sensitive-data or credential access
aws,rds:CreateDBClusterSnapshot,high,medium,https://github.com/HackTricks-wiki/hacktricks-cloud/blob/45bcf7a7381a496d6dfd5b5d533681fff85c608d/src/pentesting-cloud/aws-security/aws-post-exploitation/aws-rds-post-exploitation/README.md,Documented sensitive-data or credential access
aws,rds:CreateDBInstance,medium,medium,https://github.com/HackTricks-wiki/hacktricks-cloud/blob/45bcf7a7381a496d6dfd5b5d533681fff85c608d/src/pentesting-cloud/aws-security/aws-privilege-escalation/aws-rds-privesc/README.md,"Availability, integrity, telemetry or operational impact; no direct sensitive access or escalation"
aws,rds:CreateDBInstanceReadReplica,high,medium,https://github.com/HackTricks-wiki/hacktricks-cloud/blob/45bcf7a7381a496d6dfd5b5d533681fff85c608d/src/pentesting-cloud/aws-security/aws-post-exploitation/aws-rds-post-exploitation/README.md,Documented sensitive-data or credential access
aws,rds:CreateDBSnapshot,high,medium,https://github.com/HackTricks-wiki/hacktricks-cloud/blob/45bcf7a7381a496d6dfd5b5d533681fff85c608d/src/pentesting-cloud/aws-security/aws-post-exploitation/aws-rds-post-exploitation/README.md,Documented sensitive-data or credential access
aws,rds:CreateIntegration,high,medium,https://github.com/HackTricks-wiki/hacktricks-cloud/blob/45bcf7a7381a496d6dfd5b5d533681fff85c608d/src/pentesting-cloud/aws-security/aws-post-exploitation/aws-rds-post-exploitation/README.md,Documented sensitive-data or credential access
aws,rds:DeleteDBInstance,medium,medium,https://github.com/HackTricks-wiki/hacktricks-cloud/blob/45bcf7a7381a496d6dfd5b5d533681fff85c608d/src/pentesting-cloud/aws-security/aws-post-exploitation/aws-rds-post-exploitation/README.md,"Availability or cleanup, not standalone escalation"
aws,rds:DescribeDBProxies,high,low,https://github.com/HackTricks-wiki/hacktricks-cloud/blob/45bcf7a7381a496d6dfd5b5d533681fff85c608d/src/pentesting-cloud/aws-security/aws-post-exploitation/aws-rds-post-exploitation/README.md,Documented sensitive-data or credential access
aws,rds:ModifyDBClusterSnapshotAttribute,high,medium,https://github.com/HackTricks-wiki/hacktricks-cloud/blob/45bcf7a7381a496d6dfd5b5d533681fff85c608d/src/pentesting-cloud/aws-security/aws-post-exploitation/aws-rds-post-exploitation/README.md,Documented sensitive-data or credential access
aws,rds:ModifyDBSnapshotAttribute,high,medium,https://github.com/HackTricks-wiki/hacktricks-cloud/blob/45bcf7a7381a496d6dfd5b5d533681fff85c608d/src/pentesting-cloud/aws-security/aws-post-exploitation/aws-rds-post-exploitation/README.md,Documented sensitive-data or credential access
aws,rds:StartDBInstanceAutomatedBackupsReplication,high,medium,https://github.com/HackTricks-wiki/hacktricks-cloud/blob/45bcf7a7381a496d6dfd5b5d533681fff85c608d/src/pentesting-cloud/aws-security/aws-post-exploitation/aws-rds-post-exploitation/README.md,Documented sensitive-data or credential access
aws,rds:StopDBCluster,medium,medium,https://github.com/HackTricks-wiki/hacktricks-cloud/blob/45bcf7a7381a496d6dfd5b5d533681fff85c608d/src/pentesting-cloud/aws-security/aws-post-exploitation/aws-rds-post-exploitation/README.md,"Availability or cleanup, not standalone escalation"
aws,rds:StopDBInstance,medium,medium,https://github.com/HackTricks-wiki/hacktricks-cloud/blob/45bcf7a7381a496d6dfd5b5d533681fff85c608d/src/pentesting-cloud/aws-security/aws-post-exploitation/aws-rds-post-exploitation/README.md,"Availability or cleanup, not standalone escalation"
aws,redshift-data:ExecuteStatement,high,medium,https://github.com/HackTricks-wiki/hacktricks-cloud/blob/45bcf7a7381a496d6dfd5b5d533681fff85c608d/src/pentesting-cloud/aws-security/aws-post-exploitation/aws-redshift-post-exploitation/README.md,Documented sensitive-data or credential access
aws,redshift-serverless:PutResourcePolicy,high,high,https://github.com/HackTricks-wiki/hacktricks-cloud/blob/45bcf7a7381a496d6dfd5b5d533681fff85c608d/src/pentesting-cloud/aws-security/aws-post-exploitation/aws-redshift-post-exploitation/README.md,"Conditional access, interception, execution or security-boundary change"
aws,redshift-serverless:UpdateNamespace,critical,medium,https://github.com/HackTricks-wiki/hacktricks-cloud/blob/45bcf7a7381a496d6dfd5b5d533681fff85c608d/src/pentesting-cloud/aws-security/aws-persistence/aws-redshift-persistence/README.md,"Direct privilege grant, identity takeover or near-self-sufficient privileged execution documented by the source"
aws,redshift-serverless:UpdateWorkgroup,high,medium,https://github.com/HackTricks-wiki/hacktricks-cloud/blob/45bcf7a7381a496d6dfd5b5d533681fff85c608d/src/pentesting-cloud/aws-security/aws-persistence/aws-redshift-persistence/README.md,"Conditional access, interception, execution or security-boundary change"
aws,redshift:AuthorizeDataShare,high,medium,https://github.com/HackTricks-wiki/hacktricks-cloud/blob/45bcf7a7381a496d6dfd5b5d533681fff85c608d/src/pentesting-cloud/aws-security/aws-post-exploitation/aws-redshift-post-exploitation/README.md,"Conditional access, interception, execution or security-boundary change"
aws,redshift:AuthorizeEndpointAccess,high,medium,https://github.com/HackTricks-wiki/hacktricks-cloud/blob/45bcf7a7381a496d6dfd5b5d533681fff85c608d/src/pentesting-cloud/aws-security/aws-persistence/aws-redshift-persistence/README.md,"Conditional access, interception, execution or security-boundary change"
aws,redshift:AuthorizeSnapshotAccess,high,medium,https://github.com/HackTricks-wiki/hacktricks-cloud/blob/45bcf7a7381a496d6dfd5b5d533681fff85c608d/src/pentesting-cloud/aws-security/aws-post-exploitation/aws-redshift-post-exploitation/README.md,Documented sensitive-data or credential access
aws,redshift:CreateClusterUser,high,medium,https://github.com/HackTricks-wiki/hacktricks-cloud/blob/45bcf7a7381a496d6dfd5b5d533681fff85c608d/src/pentesting-cloud/aws-security/aws-privilege-escalation/aws-redshift-privesc/README.md,Documented escalation primitive requiring target context or other capabilities
aws,redshift:JoinGroup,high,medium,https://github.com/HackTricks-wiki/hacktricks-cloud/blob/45bcf7a7381a496d6dfd5b5d533681fff85c608d/src/pentesting-cloud/aws-security/aws-privilege-escalation/aws-redshift-privesc/README.md,Documented escalation primitive requiring target context or other capabilities
aws,redshift:ModifyClusterIamRoles,high,medium,https://github.com/HackTricks-wiki/hacktricks-cloud/blob/45bcf7a7381a496d6dfd5b5d533681fff85c608d/src/pentesting-cloud/aws-security/aws-privilege-escalation/aws-redshift-privesc/README.md,Documented escalation primitive requiring target context or other capabilities
aws,refactor-spaces:CreateRoute,high,medium,https://github.com/HackTricks-wiki/hacktricks-cloud/blob/45bcf7a7381a496d6dfd5b5d533681fff85c608d/src/pentesting-cloud/aws-security/aws-post-exploitation/aws-refactor-spaces-post-exploitation/README.md,"Conditional access, interception, execution or security-boundary change"
aws,refactor-spaces:CreateService,high,medium,https://github.com/HackTricks-wiki/hacktricks-cloud/blob/45bcf7a7381a496d6dfd5b5d533681fff85c608d/src/pentesting-cloud/aws-security/aws-post-exploitation/aws-refactor-spaces-post-exploitation/README.md,"Conditional access, interception, execution or security-boundary change"
aws,refactor-spaces:PutResourcePolicy,high,high,https://github.com/HackTricks-wiki/hacktricks-cloud/blob/45bcf7a7381a496d6dfd5b5d533681fff85c608d/src/pentesting-cloud/aws-security/aws-persistence/aws-refactor-spaces-persistence/README.md,Documented conditional persistence or retained access
aws,refactor-spaces:UpdateRoute,high,medium,https://github.com/HackTricks-wiki/hacktricks-cloud/blob/45bcf7a7381a496d6dfd5b5d533681fff85c608d/src/pentesting-cloud/aws-security/aws-post-exploitation/aws-refactor-spaces-post-exploitation/README.md,"Conditional access, interception, execution or security-boundary change"
aws,resiliencehub:CreateTest,high,medium,https://github.com/HackTricks-wiki/hacktricks-cloud/blob/45bcf7a7381a496d6dfd5b5d533681fff85c608d/src/pentesting-cloud/aws-security/aws-privilege-escalation/aws-resilience-hub-privesc/README.md,Documented escalation primitive requiring target context or other capabilities
aws,resiliencehub:StartTestRun,high,medium,https://github.com/HackTricks-wiki/hacktricks-cloud/blob/45bcf7a7381a496d6dfd5b5d533681fff85c608d/src/pentesting-cloud/aws-security/aws-privilege-escalation/aws-resilience-hub-privesc/README.md,Documented escalation primitive requiring target context or other capabilities
aws,resource-explorer-2:GetView,low,low,https://github.com/HackTricks-wiki/hacktricks-cloud/blob/45bcf7a7381a496d6dfd5b5d533681fff85c608d/src/pentesting-cloud/aws-security/aws-post-exploitation/aws-resource-explorer-inventory-post-exploitation/README.md,Discovery or prerequisite only; does not itself disclose protected content
aws,resource-explorer-2:UpdateView,high,medium,https://github.com/HackTricks-wiki/hacktricks-cloud/blob/45bcf7a7381a496d6dfd5b5d533681fff85c608d/src/pentesting-cloud/aws-security/aws-privilege-escalation/aws-resource-explorer-view-privesc/README.md,Documented escalation primitive requiring target context or other capabilities
aws,resource-groups:DeleteGroup,medium,medium,https://github.com/HackTricks-wiki/hacktricks-cloud/blob/45bcf7a7381a496d6dfd5b5d533681fff85c608d/src/pentesting-cloud/aws-security/aws-post-exploitation/aws-launch-wizard-post-exploitation/README.md,"Availability, integrity, telemetry or operational impact; no direct sensitive access or escalation"
aws,rolesanywhere:CreateProfile,high,medium,https://github.com/HackTricks-wiki/hacktricks-cloud/blob/45bcf7a7381a496d6dfd5b5d533681fff85c608d/src/pentesting-cloud/aws-security/aws-persistence/aws-iam-persistence/README.md,"Conditional access, interception, execution or security-boundary change"
aws,rolesanywhere:CreateTrustAnchor,high,medium,https://github.com/HackTricks-wiki/hacktricks-cloud/blob/45bcf7a7381a496d6dfd5b5d533681fff85c608d/src/pentesting-cloud/aws-security/aws-persistence/aws-iam-persistence/README.md,"Conditional access, interception, execution or security-boundary change"
aws,rolesanywhere:DeleteAttributeMapping,high,medium,https://github.com/HackTricks-wiki/hacktricks-cloud/blob/45bcf7a7381a496d6dfd5b5d533681fff85c608d/src/pentesting-cloud/aws-security/aws-privilege-escalation/aws-sts-privesc/README.md,Documented escalation primitive requiring target context or other capabilities
aws,rolesanywhere:DisableCrl,high,medium,https://github.com/HackTricks-wiki/hacktricks-cloud/blob/45bcf7a7381a496d6dfd5b5d533681fff85c608d/src/pentesting-cloud/aws-security/aws-persistence/aws-iam-persistence/README.md,Documented sensitive-data or credential access
aws,rolesanywhere:UpdateProfile,high,medium,https://github.com/HackTricks-wiki/hacktricks-cloud/blob/45bcf7a7381a496d6dfd5b5d533681fff85c608d/src/pentesting-cloud/aws-security/aws-privilege-escalation/aws-sts-privesc/README.md,Documented escalation primitive requiring target context or other capabilities
aws,route53-recovery-cluster:UpdateRoutingControlState,high,medium,https://github.com/HackTricks-wiki/hacktricks-cloud/blob/45bcf7a7381a496d6dfd5b5d533681fff85c608d/src/pentesting-cloud/aws-security/aws-post-exploitation/aws-route53-arc-routing-control-post-exploitation/README.md,"Conditional access, interception, execution or security-boundary change"
aws,route53-recovery-cluster:UpdateRoutingControlStates,high,medium,https://github.com/HackTricks-wiki/hacktricks-cloud/blob/45bcf7a7381a496d6dfd5b5d533681fff85c608d/src/pentesting-cloud/aws-security/aws-post-exploitation/aws-route53-arc-routing-control-post-exploitation/README.md,"Conditional access, interception, execution or security-boundary change"
aws,route53-recovery-readiness:CreateCrossAccountAuthorization,high,medium,https://github.com/HackTricks-wiki/hacktricks-cloud/blob/45bcf7a7381a496d6dfd5b5d533681fff85c608d/src/pentesting-cloud/aws-security/aws-persistence/aws-route53-arc-readiness-persistence/README.md,Documented conditional persistence or retained access
aws,route53:AssociateVPCWithHostedZone,high,medium,https://github.com/HackTricks-wiki/hacktricks-cloud/blob/45bcf7a7381a496d6dfd5b5d533681fff85c608d/src/pentesting-cloud/aws-security/aws-post-exploitation/aws-route53-dns-takeover-post-exploitation/README.md,"Conditional access, interception, execution or security-boundary change"
aws,route53:CreateVPCAssociationAuthorization,high,medium,https://github.com/HackTricks-wiki/hacktricks-cloud/blob/45bcf7a7381a496d6dfd5b5d533681fff85c608d/src/pentesting-cloud/aws-security/aws-post-exploitation/aws-route53-dns-takeover-post-exploitation/README.md,"Conditional access, interception, execution or security-boundary change"
aws,route53domains:TransferDomainToAnotherAwsAccount,high,medium,https://github.com/HackTricks-wiki/hacktricks-cloud/blob/45bcf7a7381a496d6dfd5b5d533681fff85c608d/src/pentesting-cloud/aws-security/aws-privilege-escalation/aws-route53-domains-privesc/README.md,Documented escalation primitive requiring target context or other capabilities
aws,route53profiles:AssociateProfile,high,medium,https://github.com/HackTricks-wiki/hacktricks-cloud/blob/45bcf7a7381a496d6dfd5b5d533681fff85c608d/src/pentesting-cloud/aws-security/aws-post-exploitation/aws-route53-profiles-post-exploitation/README.md,"Conditional access, interception, execution or security-boundary change"
aws,route53profiles:AssociateResourceToProfile,high,medium,https://github.com/HackTricks-wiki/hacktricks-cloud/blob/45bcf7a7381a496d6dfd5b5d533681fff85c608d/src/pentesting-cloud/aws-security/aws-post-exploitation/aws-route53-profiles-post-exploitation/README.md,"Conditional access, interception, execution or security-boundary change"
aws,route53profiles:UpdateProfileResourceAssociation,high,medium,https://github.com/HackTricks-wiki/hacktricks-cloud/blob/45bcf7a7381a496d6dfd5b5d533681fff85c608d/src/pentesting-cloud/aws-security/aws-post-exploitation/aws-route53-profiles-post-exploitation/README.md,"Conditional access, interception, execution or security-boundary change"
aws,route53resolver:CreateResolverRule,high,medium,https://github.com/HackTricks-wiki/hacktricks-cloud/blob/45bcf7a7381a496d6dfd5b5d533681fff85c608d/src/pentesting-cloud/aws-security/aws-post-exploitation/aws-route53-resolver-post-exploitation/README.md,"Conditional access, interception, execution or security-boundary change"
aws,route53resolver:UpdateResolverRule,high,medium,https://github.com/HackTricks-wiki/hacktricks-cloud/blob/45bcf7a7381a496d6dfd5b5d533681fff85c608d/src/pentesting-cloud/aws-security/aws-post-exploitation/aws-route53-resolver-post-exploitation/README.md,"Conditional access, interception, execution or security-boundary change"
aws,rtbfabric:CreateOutboundExternalLink,high,medium,https://github.com/HackTricks-wiki/hacktricks-cloud/blob/45bcf7a7381a496d6dfd5b5d533681fff85c608d/src/pentesting-cloud/aws-security/aws-post-exploitation/aws-rtb-fabric-post-exploitation/README.md,"Conditional access, interception, execution or security-boundary change"
aws,rtbfabric:UpdateLinkModuleFlow,medium,medium,https://github.com/HackTricks-wiki/hacktricks-cloud/blob/45bcf7a7381a496d6dfd5b5d533681fff85c608d/src/pentesting-cloud/aws-security/aws-post-exploitation/aws-rtb-fabric-post-exploitation/README.md,"Availability, integrity or telemetry impact without standalone sensitive access"
aws,rtbfabric:UpdateResponderGateway,high,medium,https://github.com/HackTricks-wiki/hacktricks-cloud/blob/45bcf7a7381a496d6dfd5b5d533681fff85c608d/src/pentesting-cloud/aws-security/aws-post-exploitation/aws-rtb-fabric-post-exploitation/README.md,"Conditional access, interception, execution or security-boundary change"
aws,s3:CreateAccessGrant,high,medium,https://github.com/HackTricks-wiki/hacktricks-cloud/blob/45bcf7a7381a496d6dfd5b5d533681fff85c608d/src/pentesting-cloud/aws-security/aws-privilege-escalation/aws-s3-privesc/README.md,Documented escalation primitive requiring target context or other capabilities
aws,s3:CreateAccessGrantsLocation,high,medium,https://github.com/HackTricks-wiki/hacktricks-cloud/blob/45bcf7a7381a496d6dfd5b5d533681fff85c608d/src/pentesting-cloud/aws-security/aws-privilege-escalation/aws-s3-privesc/README.md,Documented escalation primitive requiring target context or other capabilities
aws,s3:CreateJob,high,medium,https://github.com/HackTricks-wiki/hacktricks-cloud/blob/45bcf7a7381a496d6dfd5b5d533681fff85c608d/src/pentesting-cloud/aws-security/aws-privilege-escalation/aws-s3-privesc/README.md,Documented escalation primitive requiring target context or other capabilities
aws,s3:DeleteBucket,high,medium,https://github.com/HackTricks-wiki/hacktricks-cloud/blob/45bcf7a7381a496d6dfd5b5d533681fff85c608d/src/pentesting-cloud/aws-security/aws-post-exploitation/aws-s3-post-exploitation/README.md,Documented sensitive-data or credential access
aws,s3:DeleteObject,medium,medium,https://github.com/HackTricks-wiki/hacktricks-cloud/blob/45bcf7a7381a496d6dfd5b5d533681fff85c608d/src/pentesting-cloud/aws-security/aws-post-exploitation/aws-cloudtrail-post-exploitation/README.md,"Availability or cleanup, not standalone escalation"
aws,s3:DeleteObjectVersion,medium,medium,https://github.com/HackTricks-wiki/hacktricks-cloud/blob/45bcf7a7381a496d6dfd5b5d533681fff85c608d/src/pentesting-cloud/aws-security/aws-post-exploitation/aws-cloudtrail-post-exploitation/README.md,"Availability or cleanup, not standalone escalation"
aws,s3:PutBucketCORS,high,medium,https://github.com/HackTricks-wiki/hacktricks-cloud/blob/45bcf7a7381a496d6dfd5b5d533681fff85c608d/src/pentesting-cloud/aws-security/aws-privilege-escalation/aws-s3-privesc/README.md,Documented escalation primitive requiring target context or other capabilities
aws,s3:PutBucketVersioning,high,medium,https://github.com/HackTricks-wiki/hacktricks-cloud/blob/45bcf7a7381a496d6dfd5b5d533681fff85c608d/src/pentesting-cloud/aws-security/aws-post-exploitation/aws-s3-post-exploitation/README.md,Documented sensitive-data or credential access
aws,s3:PutBucketWebsite,medium,medium,https://github.com/HackTricks-wiki/hacktricks-cloud/blob/45bcf7a7381a496d6dfd5b5d533681fff85c608d/src/pentesting-cloud/aws-security/aws-post-exploitation/aws-s3-post-exploitation/README.md,"Availability, integrity or telemetry impact without standalone sensitive access"
aws,s3:PutEncryptionConfiguration,medium,medium,https://github.com/HackTricks-wiki/hacktricks-cloud/blob/45bcf7a7381a496d6dfd5b5d533681fff85c608d/src/pentesting-cloud/aws-security/aws-post-exploitation/aws-cloudtrail-post-exploitation/README.md,"Availability, integrity or telemetry impact without standalone sensitive access"
aws,s3:PutLifecycleConfiguration,medium,medium,https://github.com/HackTricks-wiki/hacktricks-cloud/blob/45bcf7a7381a496d6dfd5b5d533681fff85c608d/src/pentesting-cloud/aws-security/aws-post-exploitation/aws-cloudtrail-post-exploitation/README.md,"Availability, integrity or telemetry impact without standalone sensitive access"
aws,s3:PutObjectLegalHold,medium,medium,https://github.com/HackTricks-wiki/hacktricks-cloud/blob/45bcf7a7381a496d6dfd5b5d533681fff85c608d/src/pentesting-cloud/aws-security/aws-post-exploitation/aws-cloudtrail-post-exploitation/README.md,"Availability, integrity or telemetry impact without standalone sensitive access"
aws,s3:PutReplicationConfiguration,high,medium,https://github.com/HackTricks-wiki/hacktricks-cloud/blob/45bcf7a7381a496d6dfd5b5d533681fff85c608d/src/pentesting-cloud/aws-security/aws-post-exploitation/aws-s3-post-exploitation/README.md,Documented sensitive-data or credential access
aws,s3:ReplicateObject,high,medium,https://github.com/HackTricks-wiki/hacktricks-cloud/blob/45bcf7a7381a496d6dfd5b5d533681fff85c608d/src/pentesting-cloud/aws-security/aws-post-exploitation/aws-s3-post-exploitation/README.md,Documented sensitive-data or credential access
aws,s3:RestoreObject,high,medium,https://github.com/HackTricks-wiki/hacktricks-cloud/blob/45bcf7a7381a496d6dfd5b5d533681fff85c608d/src/pentesting-cloud/aws-security/aws-post-exploitation/aws-s3-post-exploitation/README.md,Documented sensitive-data or credential access
aws,s3:UpdateJobStatus,high,medium,https://github.com/HackTricks-wiki/hacktricks-cloud/blob/45bcf7a7381a496d6dfd5b5d533681fff85c608d/src/pentesting-cloud/aws-security/aws-privilege-escalation/aws-s3-privesc/README.md,Documented escalation primitive requiring target context or other capabilities
aws,s3files:CreateFileSystem,high,medium,https://github.com/HackTricks-wiki/hacktricks-cloud/blob/45bcf7a7381a496d6dfd5b5d533681fff85c608d/src/pentesting-cloud/aws-security/aws-privilege-escalation/aws-s3-files-privesc/README.md,Documented escalation primitive requiring target context or other capabilities
aws,s3files:PutFileSystemPolicy,high,medium,https://github.com/HackTricks-wiki/hacktricks-cloud/blob/45bcf7a7381a496d6dfd5b5d533681fff85c608d/src/pentesting-cloud/aws-security/aws-persistence/aws-s3-files-persistence/README.md,Documented conditional persistence or retained access
aws,s3files:UpdateMountTarget,high,medium,https://github.com/HackTricks-wiki/hacktricks-cloud/blob/45bcf7a7381a496d6dfd5b5d533681fff85c608d/src/pentesting-cloud/aws-security/aws-post-exploitation/aws-s3-files-post-exploitation/README.md,"Conditional access, interception, execution or security-boundary change"
aws,s3tables:PutTableBucketReplication,high,medium,https://github.com/HackTricks-wiki/hacktricks-cloud/blob/45bcf7a7381a496d6dfd5b5d533681fff85c608d/src/pentesting-cloud/aws-security/aws-persistence/aws-s3-tables-persistence/README.md,Documented conditional persistence or retained access
aws,s3tables:PutTableData,medium,medium,https://github.com/HackTricks-wiki/hacktricks-cloud/blob/45bcf7a7381a496d6dfd5b5d533681fff85c608d/src/pentesting-cloud/aws-security/aws-post-exploitation/aws-s3-tables-post-exploitation/README.md,"Availability, integrity or telemetry impact without standalone sensitive access"
aws,s3tables:PutTableReplication,high,medium,https://github.com/HackTricks-wiki/hacktricks-cloud/blob/45bcf7a7381a496d6dfd5b5d533681fff85c608d/src/pentesting-cloud/aws-security/aws-persistence/aws-s3-tables-persistence/README.md,Documented conditional persistence or retained access
aws,s3tables:UpdateTableMetadataLocation,medium,medium,https://github.com/HackTricks-wiki/hacktricks-cloud/blob/45bcf7a7381a496d6dfd5b5d533681fff85c608d/src/pentesting-cloud/aws-security/aws-post-exploitation/aws-s3-tables-post-exploitation/README.md,"Availability, integrity or telemetry impact without standalone sensitive access"
aws,s3vectors:DeleteIndex,medium,medium,https://github.com/HackTricks-wiki/hacktricks-cloud/blob/45bcf7a7381a496d6dfd5b5d533681fff85c608d/src/pentesting-cloud/aws-security/aws-post-exploitation/aws-s3-vectors-post-exploitation/README.md,"Availability or cleanup, not standalone escalation"
aws,s3vectors:DeleteVectors,medium,medium,https://github.com/HackTricks-wiki/hacktricks-cloud/blob/45bcf7a7381a496d6dfd5b5d533681fff85c608d/src/pentesting-cloud/aws-security/aws-post-exploitation/aws-s3-vectors-post-exploitation/README.md,"Availability or cleanup, not standalone escalation"
aws,s3vectors:PutVectorBucketPolicy,high,high,https://github.com/HackTricks-wiki/hacktricks-cloud/blob/45bcf7a7381a496d6dfd5b5d533681fff85c608d/src/pentesting-cloud/aws-security/aws-persistence/aws-s3-vectors-persistence/README.md,Documented conditional persistence or retained access
aws,s3vectors:PutVectors,medium,medium,https://github.com/HackTricks-wiki/hacktricks-cloud/blob/45bcf7a7381a496d6dfd5b5d533681fff85c608d/src/pentesting-cloud/aws-security/aws-post-exploitation/aws-s3-vectors-post-exploitation/README.md,"Availability, integrity or telemetry impact without standalone sensitive access"
aws,sagemaker-mlflow:AccessUI,high,medium,https://github.com/HackTricks-wiki/hacktricks-cloud/blob/45bcf7a7381a496d6dfd5b5d533681fff85c608d/src/pentesting-cloud/aws-security/aws-privilege-escalation/aws-sagemaker-privesc/README.md,Documented escalation primitive requiring target context or other capabilities
aws,sagemaker-mlflow:SearchExperiments,high,medium,https://github.com/HackTricks-wiki/hacktricks-cloud/blob/45bcf7a7381a496d6dfd5b5d533681fff85c608d/src/pentesting-cloud/aws-security/aws-privilege-escalation/aws-sagemaker-privesc/README.md,Documented escalation primitive requiring target context or other capabilities
aws,sagemaker:CreateApp,high,medium,https://github.com/HackTricks-wiki/hacktricks-cloud/blob/45bcf7a7381a496d6dfd5b5d533681fff85c608d/src/pentesting-cloud/aws-security/aws-privilege-escalation/aws-sagemaker-privesc/README.md,Documented escalation primitive requiring target context or other capabilities
aws,sagemaker:CreateModelPackage,medium,medium,https://github.com/HackTricks-wiki/hacktricks-cloud/blob/45bcf7a7381a496d6dfd5b5d533681fff85c608d/src/pentesting-cloud/aws-security/aws-post-exploitation/aws-sagemaker-post-exploitation/README.md,"Availability, integrity or telemetry impact without standalone sensitive access"
aws,sagemaker:CreatePresignedDomainUrl,critical,medium,https://github.com/HackTricks-wiki/hacktricks-cloud/blob/45bcf7a7381a496d6dfd5b5d533681fff85c608d/src/pentesting-cloud/aws-security/aws-privilege-escalation/aws-sagemaker-privesc/README.md,"Direct privilege grant, identity takeover or near-self-sufficient privileged execution documented by the source"
aws,sagemaker:CreatePresignedMlflowTrackingServerUrl,high,medium,https://github.com/HackTricks-wiki/hacktricks-cloud/blob/45bcf7a7381a496d6dfd5b5d533681fff85c608d/src/pentesting-cloud/aws-security/aws-privilege-escalation/aws-sagemaker-privesc/README.md,Documented escalation primitive requiring target context or other capabilities
aws,sagemaker:CreateUserProfile,high,medium,https://github.com/HackTricks-wiki/hacktricks-cloud/blob/45bcf7a7381a496d6dfd5b5d533681fff85c608d/src/pentesting-cloud/aws-security/aws-privilege-escalation/aws-sagemaker-privesc/README.md,Documented escalation primitive requiring target context or other capabilities
aws,sagemaker:DeleteApp,medium,medium,https://github.com/HackTricks-wiki/hacktricks-cloud/blob/45bcf7a7381a496d6dfd5b5d533681fff85c608d/src/pentesting-cloud/aws-security/aws-privilege-escalation/aws-sagemaker-privesc/README.md,"Availability, integrity, telemetry or operational impact; no direct sensitive access or escalation"
aws,sagemaker:DeleteModelPackageGroupPolicy,medium,medium,https://github.com/HackTricks-wiki/hacktricks-cloud/blob/45bcf7a7381a496d6dfd5b5d533681fff85c608d/src/pentesting-cloud/aws-security/aws-persistence/aws-sagemaker-persistence/README.md,"Availability, integrity, telemetry or operational impact; no direct sensitive access or escalation"
aws,sagemaker:PutModelPackageGroupPolicy,high,medium,https://github.com/HackTricks-wiki/hacktricks-cloud/blob/45bcf7a7381a496d6dfd5b5d533681fff85c608d/src/pentesting-cloud/aws-security/aws-persistence/aws-sagemaker-persistence/README.md,"Conditional access, interception, execution or security-boundary change"
aws,sagemaker:PutRecord,medium,medium,https://github.com/HackTricks-wiki/hacktricks-cloud/blob/45bcf7a7381a496d6dfd5b5d533681fff85c608d/src/pentesting-cloud/aws-security/aws-post-exploitation/aws-sagemaker-post-exploitation/feature-store-poisoning.md,"Availability, integrity or telemetry impact without standalone sensitive access"
aws,sagemaker:UpdateClusterSoftware,high,medium,https://github.com/HackTricks-wiki/hacktricks-cloud/blob/45bcf7a7381a496d6dfd5b5d533681fff85c608d/src/pentesting-cloud/aws-security/aws-privilege-escalation/aws-sagemaker-privesc/README.md,Documented escalation primitive requiring target context or other capabilities
aws,sagemaker:UpdateDomain,high,medium,https://github.com/HackTricks-wiki/hacktricks-cloud/blob/45bcf7a7381a496d6dfd5b5d533681fff85c608d/src/pentesting-cloud/aws-security/aws-privilege-escalation/aws-sagemaker-privesc/README.md,Documented escalation primitive requiring target context or other capabilities
aws,sagemaker:UpdateNotebookInstanceLifecycleConfig,critical,critical,https://github.com/HackTricks-wiki/hacktricks-cloud/blob/45bcf7a7381a496d6dfd5b5d533681fff85c608d/src/pentesting-cloud/aws-security/aws-persistence/aws-sagemaker-persistence/README.md,"Direct privilege grant, identity takeover or near-self-sufficient privileged execution documented by the source"
aws,sagemaker:UpdateUserProfile,high,medium,https://github.com/HackTricks-wiki/hacktricks-cloud/blob/45bcf7a7381a496d6dfd5b5d533681fff85c608d/src/pentesting-cloud/aws-security/aws-privilege-escalation/aws-sagemaker-privesc/README.md,Documented escalation primitive requiring target context or other capabilities
aws,scheduler:DeleteSchedule,medium,medium,https://github.com/HackTricks-wiki/hacktricks-cloud/blob/45bcf7a7381a496d6dfd5b5d533681fff85c608d/src/pentesting-cloud/aws-security/aws-post-exploitation/aws-eventbridge-scheduler-post-exploitation.md,"Availability or cleanup, not standalone escalation"
aws,scn:AssignAdminPermissionsToUser,critical,medium,https://github.com/HackTricks-wiki/hacktricks-cloud/blob/45bcf7a7381a496d6dfd5b5d533681fff85c608d/src/pentesting-cloud/aws-security/aws-persistence/aws-supply-chain-persistence/README.md,"Direct privilege grant, identity takeover or near-self-sufficient privileged execution documented by the source"
aws,scn:CreateBillOfMaterialsImportJob,medium,medium,https://github.com/HackTricks-wiki/hacktricks-cloud/blob/45bcf7a7381a496d6dfd5b5d533681fff85c608d/src/pentesting-cloud/aws-security/aws-post-exploitation/aws-supply-chain-post-exploitation/README.md,"Availability, integrity or telemetry impact without standalone sensitive access"
aws,scn:CreateDataIntegrationFlow,high,medium,https://github.com/HackTricks-wiki/hacktricks-cloud/blob/45bcf7a7381a496d6dfd5b5d533681fff85c608d/src/pentesting-cloud/aws-security/aws-persistence/aws-supply-chain-persistence/README.md,Documented conditional persistence or retained access
aws,scn:CreateSSOApplication,high,medium,https://github.com/HackTricks-wiki/hacktricks-cloud/blob/45bcf7a7381a496d6dfd5b5d533681fff85c608d/src/pentesting-cloud/aws-security/aws-persistence/aws-supply-chain-persistence/README.md,Documented conditional persistence or retained access
aws,scn:DeleteDataIntegrationFlow,medium,medium,https://github.com/HackTricks-wiki/hacktricks-cloud/blob/45bcf7a7381a496d6dfd5b5d533681fff85c608d/src/pentesting-cloud/aws-security/aws-post-exploitation/aws-supply-chain-post-exploitation/README.md,"Availability or cleanup, not standalone escalation"
aws,scn:DeleteDataLakeDataset,medium,medium,https://github.com/HackTricks-wiki/hacktricks-cloud/blob/45bcf7a7381a496d6dfd5b5d533681fff85c608d/src/pentesting-cloud/aws-security/aws-post-exploitation/aws-supply-chain-post-exploitation/README.md,"Availability or cleanup, not standalone escalation"
aws,scn:DeleteDataLakeNamespace,medium,medium,https://github.com/HackTricks-wiki/hacktricks-cloud/blob/45bcf7a7381a496d6dfd5b5d533681fff85c608d/src/pentesting-cloud/aws-security/aws-post-exploitation/aws-supply-chain-post-exploitation/README.md,"Availability or cleanup, not standalone escalation"
aws,scn:DeleteInstance,medium,medium,https://github.com/HackTricks-wiki/hacktricks-cloud/blob/45bcf7a7381a496d6dfd5b5d533681fff85c608d/src/pentesting-cloud/aws-security/aws-post-exploitation/aws-supply-chain-post-exploitation/README.md,"Availability or cleanup, not standalone escalation"
aws,scn:SendDataIntegrationEvent,medium,medium,https://github.com/HackTricks-wiki/hacktricks-cloud/blob/45bcf7a7381a496d6dfd5b5d533681fff85c608d/src/pentesting-cloud/aws-security/aws-post-exploitation/aws-supply-chain-post-exploitation/README.md,"Availability, integrity or telemetry impact without standalone sensitive access"
aws,scn:UpdateDataIntegrationFlow,high,medium,https://github.com/HackTricks-wiki/hacktricks-cloud/blob/45bcf7a7381a496d6dfd5b5d533681fff85c608d/src/pentesting-cloud/aws-security/aws-persistence/aws-supply-chain-persistence/README.md,Documented conditional persistence or retained access
aws,sdb:StartDomainExport,high,medium,https://github.com/HackTricks-wiki/hacktricks-cloud/blob/45bcf7a7381a496d6dfd5b5d533681fff85c608d/src/pentesting-cloud/aws-security/aws-post-exploitation/aws-simpledb-post-exploitation/README.md,Documented sensitive-data or credential access
aws,secretsmanager:CancelRotateSecret,high,medium,https://github.com/HackTricks-wiki/hacktricks-cloud/blob/45bcf7a7381a496d6dfd5b5d533681fff85c608d/src/pentesting-cloud/aws-security/aws-persistence/aws-secrets-manager-persistence/README.md,Documented conditional persistence or retained access
aws,secretsmanager:CreateSecret,high,medium,https://github.com/HackTricks-wiki/hacktricks-cloud/blob/45bcf7a7381a496d6dfd5b5d533681fff85c608d/src/pentesting-cloud/aws-security/aws-post-exploitation/aws-eventbridge-post-exploitation/README.md,"Conditional access, interception, execution or security-boundary change"
aws,secretsmanager:DeleteResourcePolicy,medium,medium,https://github.com/HackTricks-wiki/hacktricks-cloud/blob/45bcf7a7381a496d6dfd5b5d533681fff85c608d/src/pentesting-cloud/aws-security/aws-post-exploitation/aws-secrets-manager-post-exploitation/README.md,"Availability or cleanup, not standalone escalation"
aws,secretsmanager:GetSecretValue,high,critical,https://github.com/HackTricks-wiki/hacktricks-cloud/blob/45bcf7a7381a496d6dfd5b5d533681fff85c608d/src/pentesting-cloud/aws-security/aws-persistence/aws-secrets-manager-persistence/README.md,Read/export sensitive information or stored credentials; no standalone privilege grant
aws,secretsmanager:ReplicateSecretToRegions,high,medium,https://github.com/HackTricks-wiki/hacktricks-cloud/blob/45bcf7a7381a496d6dfd5b5d533681fff85c608d/src/pentesting-cloud/aws-security/aws-persistence/aws-secrets-manager-persistence/README.md,"Conditional access, interception, execution or security-boundary change"
aws,secretsmanager:RestoreSecret,high,medium,https://github.com/HackTricks-wiki/hacktricks-cloud/blob/45bcf7a7381a496d6dfd5b5d533681fff85c608d/src/pentesting-cloud/aws-security/aws-post-exploitation/aws-secrets-manager-post-exploitation/README.md,Documented sensitive-data or credential access
aws,secretsmanager:StopReplicationToReplica,medium,medium,https://github.com/HackTricks-wiki/hacktricks-cloud/blob/45bcf7a7381a496d6dfd5b5d533681fff85c608d/src/pentesting-cloud/aws-security/aws-persistence/aws-secrets-manager-persistence/README.md,"Availability or cleanup, not standalone escalation"
aws,secretsmanager:UpdateSecret,high,high,https://github.com/HackTricks-wiki/hacktricks-cloud/blob/45bcf7a7381a496d6dfd5b5d533681fff85c608d/src/pentesting-cloud/aws-security/aws-post-exploitation/aws-secrets-manager-post-exploitation/README.md,Existing source-validated code/configuration poisoning or privileged trigger; retain conditional impact
aws,secretsmanager:UpdateSecretVersionStage,high,medium,https://github.com/HackTricks-wiki/hacktricks-cloud/blob/45bcf7a7381a496d6dfd5b5d533681fff85c608d/src/pentesting-cloud/aws-security/aws-persistence/aws-secrets-manager-persistence/README.md,"Conditional access, interception, execution or security-boundary change"
aws,security-ir:UpdateCase,high,medium,https://github.com/HackTricks-wiki/hacktricks-cloud/blob/45bcf7a7381a496d6dfd5b5d533681fff85c608d/src/pentesting-cloud/aws-security/aws-persistence/aws-security-incident-response-persistence/README.md,Documented sensitive-data or credential access
aws,security-ir:UpdateMembership,high,medium,https://github.com/HackTricks-wiki/hacktricks-cloud/blob/45bcf7a7381a496d6dfd5b5d533681fff85c608d/src/pentesting-cloud/aws-security/aws-persistence/aws-security-incident-response-persistence/README.md,Documented sensitive-data or credential access
aws,securityagent:BatchDeletePentests,medium,medium,https://github.com/HackTricks-wiki/hacktricks-cloud/blob/45bcf7a7381a496d6dfd5b5d533681fff85c608d/src/pentesting-cloud/aws-security/aws-post-exploitation/aws-security-agent-post-exploitation/README.md,"Availability, integrity or telemetry impact without standalone sensitive access"
aws,securityagent:CreateMembership,high,medium,https://github.com/HackTricks-wiki/hacktricks-cloud/blob/45bcf7a7381a496d6dfd5b5d533681fff85c608d/src/pentesting-cloud/aws-security/aws-persistence/aws-security-agent-persistence/README.md,Documented conditional persistence or retained access
aws,securityagent:GetArtifact,high,low,https://github.com/HackTricks-wiki/hacktricks-cloud/blob/45bcf7a7381a496d6dfd5b5d533681fff85c608d/src/pentesting-cloud/aws-security/aws-post-exploitation/aws-security-agent-post-exploitation/README.md,Documented sensitive-data or credential access
aws,securityagent:ListActorMessages,high,low,https://github.com/HackTricks-wiki/hacktricks-cloud/blob/45bcf7a7381a496d6dfd5b5d533681fff85c608d/src/pentesting-cloud/aws-security/aws-post-exploitation/aws-security-agent-post-exploitation/README.md,Documented sensitive-data or credential access
aws,securityagent:StartCodeRemediation,medium,medium,https://github.com/HackTricks-wiki/hacktricks-cloud/blob/45bcf7a7381a496d6dfd5b5d533681fff85c608d/src/pentesting-cloud/aws-security/aws-post-exploitation/aws-security-agent-post-exploitation/README.md,"Availability, integrity or telemetry impact without standalone sensitive access"
aws,securityagent:UpdateFinding,medium,medium,https://github.com/HackTricks-wiki/hacktricks-cloud/blob/45bcf7a7381a496d6dfd5b5d533681fff85c608d/src/pentesting-cloud/aws-security/aws-post-exploitation/aws-security-agent-post-exploitation/README.md,"Availability, integrity or telemetry impact without standalone sensitive access"
aws,securityhub:BatchDisableStandards,medium,medium,https://github.com/HackTricks-wiki/hacktricks-cloud/blob/45bcf7a7381a496d6dfd5b5d533681fff85c608d/src/pentesting-cloud/aws-security/aws-post-exploitation/aws-security-hub-post-exploitation/README.md,"Availability, integrity or telemetry impact without standalone sensitive access"
aws,securityhub:BatchUpdateAutomationRules,medium,medium,https://github.com/HackTricks-wiki/hacktricks-cloud/blob/45bcf7a7381a496d6dfd5b5d533681fff85c608d/src/pentesting-cloud/aws-security/aws-post-exploitation/aws-security-hub-post-exploitation/README.md,"Availability, integrity or telemetry impact without standalone sensitive access"
aws,securityhub:BatchUpdateFindings,medium,medium,https://github.com/HackTricks-wiki/hacktricks-cloud/blob/45bcf7a7381a496d6dfd5b5d533681fff85c608d/src/pentesting-cloud/aws-security/aws-post-exploitation/aws-security-hub-post-exploitation/README.md,"Availability, integrity or telemetry impact without standalone sensitive access"
aws,securityhub:BatchUpdateStandardsControlAssociations,medium,medium,https://github.com/HackTricks-wiki/hacktricks-cloud/blob/45bcf7a7381a496d6dfd5b5d533681fff85c608d/src/pentesting-cloud/aws-security/aws-post-exploitation/aws-security-hub-post-exploitation/README.md,"Availability, integrity or telemetry impact without standalone sensitive access"
aws,securityhub:CreateAutomationRule,medium,medium,https://github.com/HackTricks-wiki/hacktricks-cloud/blob/45bcf7a7381a496d6dfd5b5d533681fff85c608d/src/pentesting-cloud/aws-security/aws-post-exploitation/aws-security-hub-post-exploitation/README.md,"Availability, integrity or telemetry impact without standalone sensitive access"
aws,securityhub:CreateAutomationRuleV2,medium,medium,https://github.com/HackTricks-wiki/hacktricks-cloud/blob/45bcf7a7381a496d6dfd5b5d533681fff85c608d/src/pentesting-cloud/aws-security/aws-post-exploitation/aws-security-hub-post-exploitation/README.md,"Availability, integrity or telemetry impact without standalone sensitive access"
aws,securityhub:CreateConfigurationPolicy,medium,medium,https://github.com/HackTricks-wiki/hacktricks-cloud/blob/45bcf7a7381a496d6dfd5b5d533681fff85c608d/src/pentesting-cloud/aws-security/aws-post-exploitation/aws-security-hub-post-exploitation/README.md,"Availability, integrity or telemetry impact without standalone sensitive access"
aws,securityhub:DeleteActionTarget,medium,medium,https://github.com/HackTricks-wiki/hacktricks-cloud/blob/45bcf7a7381a496d6dfd5b5d533681fff85c608d/src/pentesting-cloud/aws-security/aws-post-exploitation/aws-security-hub-post-exploitation/README.md,"Availability or cleanup, not standalone escalation"
aws,securityhub:DeleteAggregatorV2,medium,medium,https://github.com/HackTricks-wiki/hacktricks-cloud/blob/45bcf7a7381a496d6dfd5b5d533681fff85c608d/src/pentesting-cloud/aws-security/aws-post-exploitation/aws-security-hub-post-exploitation/README.md,"Availability or cleanup, not standalone escalation"
aws,securityhub:DeleteFindingAggregator,medium,medium,https://github.com/HackTricks-wiki/hacktricks-cloud/blob/45bcf7a7381a496d6dfd5b5d533681fff85c608d/src/pentesting-cloud/aws-security/aws-post-exploitation/aws-security-hub-post-exploitation/README.md,"Availability or cleanup, not standalone escalation"
aws,securityhub:DeleteMembers,medium,medium,https://github.com/HackTricks-wiki/hacktricks-cloud/blob/45bcf7a7381a496d6dfd5b5d533681fff85c608d/src/pentesting-cloud/aws-security/aws-post-exploitation/aws-security-hub-post-exploitation/README.md,"Availability or cleanup, not standalone escalation"
aws,securityhub:DisableOrganizationAdminAccount,medium,medium,https://github.com/HackTricks-wiki/hacktricks-cloud/blob/45bcf7a7381a496d6dfd5b5d533681fff85c608d/src/pentesting-cloud/aws-security/aws-post-exploitation/aws-security-hub-post-exploitation/README.md,"Availability, integrity or telemetry impact without standalone sensitive access"
aws,securityhub:DisableSecurityHub,medium,medium,https://github.com/HackTricks-wiki/hacktricks-cloud/blob/45bcf7a7381a496d6dfd5b5d533681fff85c608d/src/pentesting-cloud/aws-security/aws-post-exploitation/aws-security-hub-post-exploitation/README.md,"Availability, integrity or telemetry impact without standalone sensitive access"
aws,securityhub:DisableSecurityHubV2,medium,medium,https://github.com/HackTricks-wiki/hacktricks-cloud/blob/45bcf7a7381a496d6dfd5b5d533681fff85c608d/src/pentesting-cloud/aws-security/aws-post-exploitation/aws-security-hub-post-exploitation/README.md,"Availability, integrity or telemetry impact without standalone sensitive access"
aws,securityhub:DisassociateMembers,medium,medium,https://github.com/HackTricks-wiki/hacktricks-cloud/blob/45bcf7a7381a496d6dfd5b5d533681fff85c608d/src/pentesting-cloud/aws-security/aws-post-exploitation/aws-security-hub-post-exploitation/README.md,"Availability, integrity or telemetry impact without standalone sensitive access"
aws,securityhub:StartConfigurationPolicyAssociation,medium,medium,https://github.com/HackTricks-wiki/hacktricks-cloud/blob/45bcf7a7381a496d6dfd5b5d533681fff85c608d/src/pentesting-cloud/aws-security/aws-post-exploitation/aws-security-hub-post-exploitation/README.md,"Availability, integrity or telemetry impact without standalone sensitive access"
aws,securityhub:UpdateAggregatorV2,medium,medium,https://github.com/HackTricks-wiki/hacktricks-cloud/blob/45bcf7a7381a496d6dfd5b5d533681fff85c608d/src/pentesting-cloud/aws-security/aws-post-exploitation/aws-security-hub-post-exploitation/README.md,"Availability, integrity or telemetry impact without standalone sensitive access"
aws,securityhub:UpdateAutomationRuleV2,medium,medium,https://github.com/HackTricks-wiki/hacktricks-cloud/blob/45bcf7a7381a496d6dfd5b5d533681fff85c608d/src/pentesting-cloud/aws-security/aws-post-exploitation/aws-security-hub-post-exploitation/README.md,"Availability, integrity or telemetry impact without standalone sensitive access"
aws,securityhub:UpdateConfigurationPolicy,medium,medium,https://github.com/HackTricks-wiki/hacktricks-cloud/blob/45bcf7a7381a496d6dfd5b5d533681fff85c608d/src/pentesting-cloud/aws-security/aws-post-exploitation/aws-security-hub-post-exploitation/README.md,"Availability, integrity or telemetry impact without standalone sensitive access"
aws,securityhub:UpdateFindingAggregator,medium,medium,https://github.com/HackTricks-wiki/hacktricks-cloud/blob/45bcf7a7381a496d6dfd5b5d533681fff85c608d/src/pentesting-cloud/aws-security/aws-post-exploitation/aws-security-hub-post-exploitation/README.md,"Availability, integrity or telemetry impact without standalone sensitive access"
aws,securityhub:UpdateStandardsControl,medium,medium,https://github.com/HackTricks-wiki/hacktricks-cloud/blob/45bcf7a7381a496d6dfd5b5d533681fff85c608d/src/pentesting-cloud/aws-security/aws-post-exploitation/aws-security-hub-post-exploitation/README.md,"Availability, integrity or telemetry impact without standalone sensitive access"
aws,securitylake:CreateSubscriber,high,medium,https://github.com/HackTricks-wiki/hacktricks-cloud/blob/45bcf7a7381a496d6dfd5b5d533681fff85c608d/src/pentesting-cloud/aws-security/aws-post-exploitation/aws-security-lake-post-exploitation/README.md,Documented sensitive-data or credential access
aws,securitylake:DeleteSubscriber,medium,medium,https://github.com/HackTricks-wiki/hacktricks-cloud/blob/45bcf7a7381a496d6dfd5b5d533681fff85c608d/src/pentesting-cloud/aws-security/aws-post-exploitation/aws-security-lake-post-exploitation/README.md,"Availability or cleanup, not standalone escalation"
aws,securitylake:UpdateSubscriber,high,medium,https://github.com/HackTricks-wiki/hacktricks-cloud/blob/45bcf7a7381a496d6dfd5b5d533681fff85c608d/src/pentesting-cloud/aws-security/aws-post-exploitation/aws-security-lake-post-exploitation/README.md,Documented sensitive-data or credential access
aws,servicecatalog:AssociatePrincipalWithPortfolio,high,medium,https://github.com/HackTricks-wiki/hacktricks-cloud/blob/45bcf7a7381a496d6dfd5b5d533681fff85c608d/src/pentesting-cloud/aws-security/aws-privilege-escalation/aws-service-catalog-privesc/README.md,Documented escalation primitive requiring target context or other capabilities
aws,servicecatalog:CreateProvisioningArtifact,medium,medium,Existing bundled exact prerequisite control,Existing validated permission prerequisite or operational control
aws,servicecatalog:GetAttributeGroup,low,low,https://github.com/HackTricks-wiki/hacktricks-cloud/blob/45bcf7a7381a496d6dfd5b5d533681fff85c608d/src/pentesting-cloud/aws-security/aws-post-exploitation/aws-service-catalog-appregistry-post-exploitation/README.md,Discovery or prerequisite only; does not itself disclose protected content
aws,servicecatalog:ProvisionProduct,medium,medium,Existing bundled exact prerequisite control,Existing validated permission prerequisite or operational control
aws,servicecatalog:UpdateAttributeGroup,medium,medium,https://github.com/HackTricks-wiki/hacktricks-cloud/blob/45bcf7a7381a496d6dfd5b5d533681fff85c608d/src/pentesting-cloud/aws-security/aws-post-exploitation/aws-service-catalog-appregistry-post-exploitation/README.md,"Availability, integrity or telemetry impact without standalone sensitive access"
aws,servicediscovery:UpdateInstanceCustomHealthStatus,medium,medium,https://github.com/HackTricks-wiki/hacktricks-cloud/blob/45bcf7a7381a496d6dfd5b5d533681fff85c608d/src/pentesting-cloud/aws-security/aws-post-exploitation/aws-cloud-map-post-exploitation/README.md,"Availability, integrity or telemetry impact without standalone sensitive access"
aws,ses:CreateReceiptRule,high,medium,https://github.com/HackTricks-wiki/hacktricks-cloud/blob/45bcf7a7381a496d6dfd5b5d533681fff85c608d/src/pentesting-cloud/aws-security/aws-post-exploitation/aws-ses-post-exploitation/README.md,"Conditional access, interception, execution or security-boundary change"
aws,ses:PutIdentityPolicy,high,medium,https://github.com/HackTricks-wiki/hacktricks-cloud/blob/45bcf7a7381a496d6dfd5b5d533681fff85c608d/src/pentesting-cloud/aws-security/aws-post-exploitation/aws-ses-post-exploitation/README.md,"Conditional access, interception, execution or security-boundary change"
aws,ses:SendBounce,medium,high,https://github.com/HackTricks-wiki/hacktricks-cloud/blob/45bcf7a7381a496d6dfd5b5d533681fff85c608d/src/pentesting-cloud/aws-security/aws-post-exploitation/aws-ses-post-exploitation/README.md,"Availability, integrity or telemetry impact without standalone sensitive access"
aws,ses:SendBulkEmail,medium,high,https://github.com/HackTricks-wiki/hacktricks-cloud/blob/45bcf7a7381a496d6dfd5b5d533681fff85c608d/src/pentesting-cloud/aws-security/aws-post-exploitation/aws-ses-post-exploitation/README.md,"Availability, integrity or telemetry impact without standalone sensitive access"
aws,ses:SendBulkTemplatedEmail,medium,high,https://github.com/HackTricks-wiki/hacktricks-cloud/blob/45bcf7a7381a496d6dfd5b5d533681fff85c608d/src/pentesting-cloud/aws-security/aws-post-exploitation/aws-ses-post-exploitation/README.md,"Availability, integrity or telemetry impact without standalone sensitive access"
aws,ses:SendCustomVerificationEmail,medium,high,https://github.com/HackTricks-wiki/hacktricks-cloud/blob/45bcf7a7381a496d6dfd5b5d533681fff85c608d/src/pentesting-cloud/aws-security/aws-post-exploitation/aws-ses-post-exploitation/README.md,"Availability, integrity or telemetry impact without standalone sensitive access"
aws,ses:SendEmail,medium,high,https://github.com/HackTricks-wiki/hacktricks-cloud/blob/45bcf7a7381a496d6dfd5b5d533681fff85c608d/src/pentesting-cloud/aws-security/aws-post-exploitation/aws-ses-post-exploitation/README.md,"Availability, integrity or telemetry impact without standalone sensitive access"
aws,ses:SendRawEmail,medium,high,https://github.com/HackTricks-wiki/hacktricks-cloud/blob/45bcf7a7381a496d6dfd5b5d533681fff85c608d/src/pentesting-cloud/aws-security/aws-post-exploitation/aws-ses-post-exploitation/README.md,"Availability, integrity or telemetry impact without standalone sensitive access"
aws,ses:SendTemplatedEmail,medium,high,https://github.com/HackTricks-wiki/hacktricks-cloud/blob/45bcf7a7381a496d6dfd5b5d533681fff85c608d/src/pentesting-cloud/aws-security/aws-post-exploitation/aws-ses-post-exploitation/README.md,"Availability, integrity or telemetry impact without standalone sensitive access"
aws,ses:UpdateRuleSet,high,medium,https://github.com/HackTricks-wiki/hacktricks-cloud/blob/45bcf7a7381a496d6dfd5b5d533681fff85c608d/src/pentesting-cloud/aws-security/aws-post-exploitation/aws-ses-post-exploitation/README.md,"Conditional access, interception, execution or security-boundary change"
aws,shield:DeleteProtection,medium,medium,https://github.com/HackTricks-wiki/hacktricks-cloud/blob/45bcf7a7381a496d6dfd5b5d533681fff85c608d/src/pentesting-cloud/aws-security/aws-post-exploitation/aws-shield-post-exploitation/README.md,"Availability, integrity, telemetry or operational impact; no direct sensitive access or escalation"
aws,shield:DeleteProtectionGroup,medium,medium,https://github.com/HackTricks-wiki/hacktricks-cloud/blob/45bcf7a7381a496d6dfd5b5d533681fff85c608d/src/pentesting-cloud/aws-security/aws-post-exploitation/aws-shield-post-exploitation/README.md,"Availability, integrity, telemetry or operational impact; no direct sensitive access or escalation"
aws,shield:DisableApplicationLayerAutomaticResponse,medium,medium,https://github.com/HackTricks-wiki/hacktricks-cloud/blob/45bcf7a7381a496d6dfd5b5d533681fff85c608d/src/pentesting-cloud/aws-security/aws-post-exploitation/aws-shield-post-exploitation/README.md,"Availability, integrity, telemetry or operational impact; no direct sensitive access or escalation"
aws,shield:DisableProactiveEngagement,medium,medium,https://github.com/HackTricks-wiki/hacktricks-cloud/blob/45bcf7a7381a496d6dfd5b5d533681fff85c608d/src/pentesting-cloud/aws-security/aws-post-exploitation/aws-shield-post-exploitation/README.md,"Availability, integrity, telemetry or operational impact; no direct sensitive access or escalation"
aws,shield:DisassociateDRTLogBucket,medium,medium,https://github.com/HackTricks-wiki/hacktricks-cloud/blob/45bcf7a7381a496d6dfd5b5d533681fff85c608d/src/pentesting-cloud/aws-security/aws-post-exploitation/aws-shield-post-exploitation/README.md,"Availability, integrity, telemetry or operational impact; no direct sensitive access or escalation"
aws,shield:DisassociateDRTRole,medium,medium,https://github.com/HackTricks-wiki/hacktricks-cloud/blob/45bcf7a7381a496d6dfd5b5d533681fff85c608d/src/pentesting-cloud/aws-security/aws-post-exploitation/aws-shield-post-exploitation/README.md,"Availability, integrity, telemetry or operational impact; no direct sensitive access or escalation"
aws,shield:DisassociateHealthCheck,medium,medium,https://github.com/HackTricks-wiki/hacktricks-cloud/blob/45bcf7a7381a496d6dfd5b5d533681fff85c608d/src/pentesting-cloud/aws-security/aws-post-exploitation/aws-shield-post-exploitation/README.md,"Availability, integrity, telemetry or operational impact; no direct sensitive access or escalation"
aws,shield:UpdateEmergencyContactSettings,medium,medium,https://github.com/HackTricks-wiki/hacktricks-cloud/blob/45bcf7a7381a496d6dfd5b5d533681fff85c608d/src/pentesting-cloud/aws-security/aws-post-exploitation/aws-shield-post-exploitation/README.md,"Availability, integrity, telemetry or operational impact; no direct sensitive access or escalation"
aws,shield:UpdateSubscription,medium,medium,https://github.com/HackTricks-wiki/hacktricks-cloud/blob/45bcf7a7381a496d6dfd5b5d533681fff85c608d/src/pentesting-cloud/aws-security/aws-post-exploitation/aws-shield-post-exploitation/README.md,"Availability, integrity, telemetry or operational impact; no direct sensitive access or escalation"
aws,signin:PutConsoleAuthorizationConfiguration,medium,medium,https://github.com/HackTricks-wiki/hacktricks-cloud/blob/45bcf7a7381a496d6dfd5b5d533681fff85c608d/src/pentesting-cloud/aws-security/aws-post-exploitation/aws-organizations-post-exploitation/README.md,"Availability, integrity or telemetry impact without standalone sensitive access"
aws,signin:PutResourcePermissionStatement,medium,medium,https://github.com/HackTricks-wiki/hacktricks-cloud/blob/45bcf7a7381a496d6dfd5b5d533681fff85c608d/src/pentesting-cloud/aws-security/aws-post-exploitation/aws-signin-post-exploitation/README.md,"Availability, integrity or telemetry impact without standalone sensitive access"
aws,sms-voice:SendTextMessage,medium,medium,https://github.com/HackTricks-wiki/hacktricks-cloud/blob/45bcf7a7381a496d6dfd5b5d533681fff85c608d/src/pentesting-cloud/aws-security/aws-post-exploitation/aws-pinpoint-post-exploitation/README.md,"Availability, integrity or telemetry impact without standalone sensitive access"
aws,snow-device-management:CreateTask,high,medium,https://github.com/HackTricks-wiki/hacktricks-cloud/blob/45bcf7a7381a496d6dfd5b5d533681fff85c608d/src/pentesting-cloud/aws-security/aws-post-exploitation/aws-snow-device-management-post-exploitation/README.md,"Conditional access, interception, execution or security-boundary change"
aws,snowball:CancelJob,medium,medium,https://github.com/HackTricks-wiki/hacktricks-cloud/blob/45bcf7a7381a496d6dfd5b5d533681fff85c608d/src/pentesting-cloud/aws-security/aws-post-exploitation/aws-snowball-post-exploitation/README.md,"Availability, integrity or telemetry impact without standalone sensitive access"
aws,snowball:CreateAddress,high,medium,https://github.com/HackTricks-wiki/hacktricks-cloud/blob/45bcf7a7381a496d6dfd5b5d533681fff85c608d/src/pentesting-cloud/aws-security/aws-privilege-escalation/aws-snowball-privesc/README.md,Documented escalation primitive requiring target context or other capabilities
aws,snowball:CreateJob,high,medium,https://github.com/HackTricks-wiki/hacktricks-cloud/blob/45bcf7a7381a496d6dfd5b5d533681fff85c608d/src/pentesting-cloud/aws-security/aws-privilege-escalation/aws-snowball-privesc/README.md,Documented escalation primitive requiring target context or other capabilities
aws,snowball:GetJobManifest,high,low,https://github.com/HackTricks-wiki/hacktricks-cloud/blob/45bcf7a7381a496d6dfd5b5d533681fff85c608d/src/pentesting-cloud/aws-security/aws-post-exploitation/aws-snowball-post-exploitation/README.md,Documented sensitive-data or credential access
aws,snowball:UpdateJob,high,medium,https://github.com/HackTricks-wiki/hacktricks-cloud/blob/45bcf7a7381a496d6dfd5b5d533681fff85c608d/src/pentesting-cloud/aws-security/aws-privilege-escalation/aws-snowball-privesc/README.md,Documented escalation primitive requiring target context or other capabilities
aws,snowball:UpdateLongTermPricing,medium,medium,https://github.com/HackTricks-wiki/hacktricks-cloud/blob/45bcf7a7381a496d6dfd5b5d533681fff85c608d/src/pentesting-cloud/aws-security/aws-post-exploitation/aws-snowball-post-exploitation/README.md,"Availability, integrity or telemetry impact without standalone sensitive access"
aws,sns:DeleteTopic,medium,medium,https://github.com/HackTricks-wiki/hacktricks-cloud/blob/45bcf7a7381a496d6dfd5b5d533681fff85c608d/src/pentesting-cloud/aws-security/aws-post-exploitation/aws-sns-post-exploitation/README.md,"Availability or cleanup, not standalone escalation"
aws,sns:RemovePermission,medium,medium,https://github.com/HackTricks-wiki/hacktricks-cloud/blob/45bcf7a7381a496d6dfd5b5d533681fff85c608d/src/pentesting-cloud/aws-security/aws-post-exploitation/aws-sns-post-exploitation/README.md,"Availability, integrity or telemetry impact without standalone sensitive access"
aws,sns:SetSMSAttributes,medium,medium,https://github.com/HackTricks-wiki/hacktricks-cloud/blob/45bcf7a7381a496d6dfd5b5d533681fff85c608d/src/pentesting-cloud/aws-security/aws-post-exploitation/aws-sns-post-exploitation/README.md,"Availability, integrity or telemetry impact without standalone sensitive access"
aws,social-messaging:CreateWhatsAppFlow,medium,medium,https://github.com/HackTricks-wiki/hacktricks-cloud/blob/45bcf7a7381a496d6dfd5b5d533681fff85c608d/src/pentesting-cloud/aws-security/aws-post-exploitation/aws-end-user-messaging-social-post-exploitation/README.md,"Availability, integrity or telemetry impact without standalone sensitive access"
aws,social-messaging:CreateWhatsAppMessageTemplate,medium,medium,https://github.com/HackTricks-wiki/hacktricks-cloud/blob/45bcf7a7381a496d6dfd5b5d533681fff85c608d/src/pentesting-cloud/aws-security/aws-post-exploitation/aws-end-user-messaging-social-post-exploitation/README.md,"Availability, integrity or telemetry impact without standalone sensitive access"
aws,social-messaging:CreateWhatsAppMessageTemplateFromLibrary,medium,medium,https://github.com/HackTricks-wiki/hacktricks-cloud/blob/45bcf7a7381a496d6dfd5b5d533681fff85c608d/src/pentesting-cloud/aws-security/aws-post-exploitation/aws-end-user-messaging-social-post-exploitation/README.md,"Availability, integrity or telemetry impact without standalone sensitive access"
aws,social-messaging:GetWhatsAppMessageMedia,high,low,https://github.com/HackTricks-wiki/hacktricks-cloud/blob/45bcf7a7381a496d6dfd5b5d533681fff85c608d/src/pentesting-cloud/aws-security/aws-post-exploitation/aws-end-user-messaging-social-post-exploitation/README.md,Documented sensitive-data or credential access
aws,social-messaging:PublishWhatsAppFlow,medium,medium,https://github.com/HackTricks-wiki/hacktricks-cloud/blob/45bcf7a7381a496d6dfd5b5d533681fff85c608d/src/pentesting-cloud/aws-security/aws-post-exploitation/aws-end-user-messaging-social-post-exploitation/README.md,"Availability, integrity or telemetry impact without standalone sensitive access"
aws,social-messaging:PutWhatsAppBusinessAccountEventDestinations,high,medium,https://github.com/HackTricks-wiki/hacktricks-cloud/blob/45bcf7a7381a496d6dfd5b5d533681fff85c608d/src/pentesting-cloud/aws-security/aws-persistence/aws-end-user-messaging-social-persistence/README.md,Documented conditional persistence or retained access
aws,social-messaging:SendWhatsAppMessage,medium,medium,https://github.com/HackTricks-wiki/hacktricks-cloud/blob/45bcf7a7381a496d6dfd5b5d533681fff85c608d/src/pentesting-cloud/aws-security/aws-post-exploitation/aws-end-user-messaging-social-post-exploitation/README.md,"Availability, integrity or telemetry impact without standalone sensitive access"
aws,social-messaging:UpdateWhatsAppFlow,medium,medium,https://github.com/HackTricks-wiki/hacktricks-cloud/blob/45bcf7a7381a496d6dfd5b5d533681fff85c608d/src/pentesting-cloud/aws-security/aws-post-exploitation/aws-end-user-messaging-social-post-exploitation/README.md,"Availability, integrity or telemetry impact without standalone sensitive access"
aws,social-messaging:UpdateWhatsAppFlowAssets,medium,medium,https://github.com/HackTricks-wiki/hacktricks-cloud/blob/45bcf7a7381a496d6dfd5b5d533681fff85c608d/src/pentesting-cloud/aws-security/aws-post-exploitation/aws-end-user-messaging-social-post-exploitation/README.md,"Availability, integrity or telemetry impact without standalone sensitive access"
aws,social-messaging:UpdateWhatsAppMessageTemplate,medium,medium,https://github.com/HackTricks-wiki/hacktricks-cloud/blob/45bcf7a7381a496d6dfd5b5d533681fff85c608d/src/pentesting-cloud/aws-security/aws-post-exploitation/aws-end-user-messaging-social-post-exploitation/README.md,"Availability, integrity or telemetry impact without standalone sensitive access"
aws,sqs:DeleteMessage,medium,medium,https://github.com/HackTricks-wiki/hacktricks-cloud/blob/45bcf7a7381a496d6dfd5b5d533681fff85c608d/src/pentesting-cloud/aws-security/aws-post-exploitation/aws-lambda-post-exploitation/aws-lambda-event-source-mapping-hijack.md,"Availability, integrity, telemetry or operational impact; no direct sensitive access or escalation"
aws,sqs:DeleteQueue,medium,medium,https://github.com/HackTricks-wiki/hacktricks-cloud/blob/45bcf7a7381a496d6dfd5b5d533681fff85c608d/src/pentesting-cloud/aws-security/aws-post-exploitation/aws-sqs-post-exploitation/README.md,"Availability or cleanup, not standalone escalation"
aws,sqs:RemovePermission,medium,medium,https://github.com/HackTricks-wiki/hacktricks-cloud/blob/45bcf7a7381a496d6dfd5b5d533681fff85c608d/src/pentesting-cloud/aws-security/aws-post-exploitation/aws-sqs-post-exploitation/README.md,"Availability, integrity or telemetry impact without standalone sensitive access"
aws,sqs:StartMessageMoveTask,high,medium,https://github.com/HackTricks-wiki/hacktricks-cloud/blob/45bcf7a7381a496d6dfd5b5d533681fff85c608d/src/pentesting-cloud/aws-security/aws-post-exploitation/aws-sqs-post-exploitation/aws-sqs-dlq-redrive-exfiltration.md,Documented sensitive-data or credential access
aws,sqs:TagQueue,high,medium,https://github.com/HackTricks-wiki/hacktricks-cloud/blob/45bcf7a7381a496d6dfd5b5d533681fff85c608d/src/pentesting-cloud/aws-security/aws-post-exploitation/aws-sqs-post-exploitation/README.md,"Conditional access, interception, execution or security-boundary change"
aws,sqs:UntagQueue,high,medium,https://github.com/HackTricks-wiki/hacktricks-cloud/blob/45bcf7a7381a496d6dfd5b5d533681fff85c608d/src/pentesting-cloud/aws-security/aws-post-exploitation/aws-sqs-post-exploitation/README.md,"Conditional access, interception, execution or security-boundary change"
aws,ssm-guiconnect:DeleteConnectionRecordingPreferences,medium,medium,https://github.com/HackTricks-wiki/hacktricks-cloud/blob/45bcf7a7381a496d6dfd5b5d533681fff85c608d/src/pentesting-cloud/aws-security/aws-post-exploitation/aws-ssm-gui-connect-post-exploitation/README.md,"Availability or cleanup, not standalone escalation"
aws,ssm-guiconnect:UpdateConnectionRecordingPreferences,medium,medium,https://github.com/HackTricks-wiki/hacktricks-cloud/blob/45bcf7a7381a496d6dfd5b5d533681fff85c608d/src/pentesting-cloud/aws-security/aws-post-exploitation/aws-ssm-gui-connect-post-exploitation/README.md,"Availability, integrity or telemetry impact without standalone sensitive access"
aws,ssm-incidents:CreateResponsePlan,high,medium,https://github.com/HackTricks-wiki/hacktricks-cloud/blob/45bcf7a7381a496d6dfd5b5d533681fff85c608d/src/pentesting-cloud/aws-security/aws-persistence/aws-systems-manager-incident-manager-persistence/README.md,Documented conditional persistence or retained access
aws,ssm-incidents:DeleteIncidentRecord,medium,medium,https://github.com/HackTricks-wiki/hacktricks-cloud/blob/45bcf7a7381a496d6dfd5b5d533681fff85c608d/src/pentesting-cloud/aws-security/aws-post-exploitation/aws-systems-manager-incident-manager-post-exploitation/README.md,"Availability, integrity or telemetry impact without standalone sensitive access"
aws,ssm-incidents:DeleteReplicationSet,medium,medium,https://github.com/HackTricks-wiki/hacktricks-cloud/blob/45bcf7a7381a496d6dfd5b5d533681fff85c608d/src/pentesting-cloud/aws-security/aws-post-exploitation/aws-systems-manager-incident-manager-post-exploitation/README.md,"Availability or cleanup, not standalone escalation"
aws,ssm-incidents:DeleteTimelineEvent,medium,medium,https://github.com/HackTricks-wiki/hacktricks-cloud/blob/45bcf7a7381a496d6dfd5b5d533681fff85c608d/src/pentesting-cloud/aws-security/aws-post-exploitation/aws-systems-manager-incident-manager-post-exploitation/README.md,"Availability, integrity or telemetry impact without standalone sensitive access"
aws,ssm-incidents:UpdateDeletionProtection,medium,medium,https://github.com/HackTricks-wiki/hacktricks-cloud/blob/45bcf7a7381a496d6dfd5b5d533681fff85c608d/src/pentesting-cloud/aws-security/aws-post-exploitation/aws-systems-manager-incident-manager-post-exploitation/README.md,"Availability, integrity or telemetry impact without standalone sensitive access"
aws,ssm-incidents:UpdateIncidentRecord,medium,medium,https://github.com/HackTricks-wiki/hacktricks-cloud/blob/45bcf7a7381a496d6dfd5b5d533681fff85c608d/src/pentesting-cloud/aws-security/aws-post-exploitation/aws-systems-manager-incident-manager-post-exploitation/README.md,"Availability, integrity or telemetry impact without standalone sensitive access"
aws,ssm-incidents:UpdateRelatedItems,medium,medium,https://github.com/HackTricks-wiki/hacktricks-cloud/blob/45bcf7a7381a496d6dfd5b5d533681fff85c608d/src/pentesting-cloud/aws-security/aws-post-exploitation/aws-systems-manager-incident-manager-post-exploitation/README.md,"Availability, integrity or telemetry impact without standalone sensitive access"
aws,ssm-incidents:UpdateResponsePlan,high,medium,https://github.com/HackTricks-wiki/hacktricks-cloud/blob/45bcf7a7381a496d6dfd5b5d533681fff85c608d/src/pentesting-cloud/aws-security/aws-persistence/aws-systems-manager-incident-manager-persistence/README.md,Documented conditional persistence or retained access
aws,ssm-incidents:UpdateTimelineEvent,medium,medium,https://github.com/HackTricks-wiki/hacktricks-cloud/blob/45bcf7a7381a496d6dfd5b5d533681fff85c608d/src/pentesting-cloud/aws-security/aws-post-exploitation/aws-systems-manager-incident-manager-post-exploitation/README.md,"Availability, integrity or telemetry impact without standalone sensitive access"
aws,ssm-sap:StopApplication,medium,medium,https://github.com/HackTricks-wiki/hacktricks-cloud/blob/45bcf7a7381a496d6dfd5b5d533681fff85c608d/src/pentesting-cloud/aws-security/aws-post-exploitation/aws-systems-manager-for-sap-post-exploitation/README.md,"Availability or cleanup, not standalone escalation"
aws,ssm:CreateActivation,high,medium,https://github.com/HackTricks-wiki/hacktricks-cloud/blob/45bcf7a7381a496d6dfd5b5d533681fff85c608d/src/pentesting-cloud/aws-security/aws-persistence/aws-ssm-persistence/README.md,Documented conditional persistence or retained access
aws,ssm:CreateAssociation,high,medium,https://github.com/HackTricks-wiki/hacktricks-cloud/blob/45bcf7a7381a496d6dfd5b5d533681fff85c608d/src/pentesting-cloud/aws-security/aws-persistence/aws-ssm-persistence/README.md,"Conditional access, interception, execution or security-boundary change"
aws,ssm:CreateDocument,high,medium,https://github.com/HackTricks-wiki/hacktricks-cloud/blob/45bcf7a7381a496d6dfd5b5d533681fff85c608d/src/pentesting-cloud/aws-security/aws-privilege-escalation/aws-dlm-privesc/README.md,Documented escalation primitive requiring target context or other capabilities
aws,ssm:GetParameter,high,critical,https://github.com/HackTricks-wiki/hacktricks-cloud/blob/45bcf7a7381a496d6dfd5b5d533681fff85c608d/src/pentesting-cloud/aws-security/aws-post-exploitation/aws-ec2-ebs-ssm-and-vpc-post-exploitation/README.md,Read/export sensitive information or stored credentials; no standalone privilege grant
aws,ssm:GetParameters,high,critical,https://github.com/HackTricks-wiki/hacktricks-cloud/blob/45bcf7a7381a496d6dfd5b5d533681fff85c608d/src/pentesting-cloud/aws-security/aws-post-exploitation/aws-ec2-ebs-ssm-and-vpc-post-exploitation/README.md,Read/export sensitive information or stored credentials; no standalone privilege grant
aws,ssm:GetParametersByPath,high,critical,https://github.com/HackTricks-wiki/hacktricks-cloud/blob/45bcf7a7381a496d6dfd5b5d533681fff85c608d/src/pentesting-cloud/aws-security/aws-privilege-escalation/aws-ssm-privesc/README.md,Read/export sensitive information or stored credentials; no standalone privilege grant
aws,ssm:ModifyDocumentPermission,high,medium,https://github.com/HackTricks-wiki/hacktricks-cloud/blob/45bcf7a7381a496d6dfd5b5d533681fff85c608d/src/pentesting-cloud/aws-security/aws-post-exploitation/aws-ec2-ebs-ssm-and-vpc-post-exploitation/README.md,Documented sensitive-data or credential access
aws,ssm:PutComplianceItems,medium,medium,https://github.com/HackTricks-wiki/hacktricks-cloud/blob/45bcf7a7381a496d6dfd5b5d533681fff85c608d/src/pentesting-cloud/aws-security/aws-post-exploitation/aws-ec2-ebs-ssm-and-vpc-post-exploitation/README.md,"Availability, integrity or telemetry impact without standalone sensitive access"
aws,ssm:PutResourcePolicy,high,high,https://github.com/HackTricks-wiki/hacktricks-cloud/blob/45bcf7a7381a496d6dfd5b5d533681fff85c608d/src/pentesting-cloud/aws-security/aws-post-exploitation/aws-ec2-ebs-ssm-and-vpc-post-exploitation/README.md,Documented sensitive-data or credential access
aws,ssm:RegisterTargetWithMaintenanceWindow,high,medium,https://github.com/HackTricks-wiki/hacktricks-cloud/blob/45bcf7a7381a496d6dfd5b5d533681fff85c608d/src/pentesting-cloud/aws-security/aws-privilege-escalation/aws-ssm-privesc/README.md,Documented escalation primitive requiring target context or other capabilities
aws,ssm:RegisterTaskWithMaintenanceWindow,high,medium,https://github.com/HackTricks-wiki/hacktricks-cloud/blob/45bcf7a7381a496d6dfd5b5d533681fff85c608d/src/pentesting-cloud/aws-security/aws-privilege-escalation/aws-ssm-privesc/README.md,Documented escalation primitive requiring target context or other capabilities
aws,ssm:StartAccessRequest,high,medium,https://github.com/HackTricks-wiki/hacktricks-cloud/blob/45bcf7a7381a496d6dfd5b5d533681fff85c608d/src/pentesting-cloud/aws-security/aws-privilege-escalation/aws-ssm-privesc/README.md,Documented escalation primitive requiring target context or other capabilities
aws,ssm:UpdateDocument,high,medium,https://github.com/HackTricks-wiki/hacktricks-cloud/blob/45bcf7a7381a496d6dfd5b5d533681fff85c608d/src/pentesting-cloud/aws-security/aws-privilege-escalation/aws-ssm-privesc/README.md,Documented escalation primitive requiring target context or other capabilities
aws,ssm:UpdateDocumentDefaultVersion,high,medium,https://github.com/HackTricks-wiki/hacktricks-cloud/blob/45bcf7a7381a496d6dfd5b5d533681fff85c608d/src/pentesting-cloud/aws-security/aws-privilege-escalation/aws-ssm-privesc/README.md,Documented escalation primitive requiring target context or other capabilities
aws,ssm:UpdateManagedInstanceRole,high,medium,https://github.com/HackTricks-wiki/hacktricks-cloud/blob/45bcf7a7381a496d6dfd5b5d533681fff85c608d/src/pentesting-cloud/aws-security/aws-privilege-escalation/aws-ssm-privesc/README.md,Documented escalation primitive requiring target context or other capabilities
aws,ssm:UpdateServiceSetting,high,medium,https://github.com/HackTricks-wiki/hacktricks-cloud/blob/45bcf7a7381a496d6dfd5b5d533681fff85c608d/src/pentesting-cloud/aws-security/aws-privilege-escalation/aws-ssm-privesc/README.md,Documented escalation primitive requiring target context or other capabilities
aws,ssmmessages:CreateControlChannel,high,medium,https://github.com/HackTricks-wiki/hacktricks-cloud/blob/45bcf7a7381a496d6dfd5b5d533681fff85c608d/src/pentesting-cloud/aws-security/aws-post-exploitation/aws-ecs-post-exploitation/README.md,Documented sensitive-data or credential access
aws,sso-directory:CreateUser,high,medium,https://github.com/HackTricks-wiki/hacktricks-cloud/blob/45bcf7a7381a496d6dfd5b5d533681fff85c608d/src/pentesting-cloud/aws-security/aws-privilege-escalation/aws-sso-and-identitystore-privesc/README.md,Documented escalation primitive requiring target context or other capabilities
aws,sso-directory:UpdatePassword,critical,medium,https://github.com/HackTricks-wiki/hacktricks-cloud/blob/45bcf7a7381a496d6dfd5b5d533681fff85c608d/src/pentesting-cloud/aws-security/aws-privilege-escalation/aws-sso-and-identitystore-privesc/README.md,"Direct privilege grant, identity takeover or near-self-sufficient privileged execution documented by the source"
aws,sso:CreatePermissionSet,high,medium,https://github.com/HackTricks-wiki/hacktricks-cloud/blob/45bcf7a7381a496d6dfd5b5d533681fff85c608d/src/pentesting-cloud/aws-security/aws-privilege-escalation/aws-sso-and-identitystore-privesc/README.md,Documented escalation primitive requiring target context or other capabilities
aws,sso:DeleteAccountAssignment,medium,medium,https://github.com/HackTricks-wiki/hacktricks-cloud/blob/45bcf7a7381a496d6dfd5b5d533681fff85c608d/src/pentesting-cloud/aws-security/aws-post-exploitation/aws-sso-and-identitystore-post-exploitation/README.md,"Availability or cleanup, not standalone escalation"
aws,sso:DeletePermissionSet,medium,medium,https://github.com/HackTricks-wiki/hacktricks-cloud/blob/45bcf7a7381a496d6dfd5b5d533681fff85c608d/src/pentesting-cloud/aws-security/aws-post-exploitation/aws-sso-and-identitystore-post-exploitation/README.md,"Availability or cleanup, not standalone escalation"
aws,sso:PutApplicationAssignmentConfiguration,high,medium,https://github.com/HackTricks-wiki/hacktricks-cloud/blob/45bcf7a7381a496d6dfd5b5d533681fff85c608d/src/pentesting-cloud/aws-security/aws-persistence/aws-q-business-persistence/README.md,Documented conditional persistence or retained access
aws,sso:PutPermissionsBoundaryToPermissionSet,medium,medium,https://github.com/HackTricks-wiki/hacktricks-cloud/blob/45bcf7a7381a496d6dfd5b5d533681fff85c608d/src/pentesting-cloud/aws-security/aws-post-exploitation/aws-sso-and-identitystore-post-exploitation/README.md,"Availability, integrity or telemetry impact without standalone sensitive access"
aws,states:DeleteStateMachine,medium,medium,https://github.com/HackTricks-wiki/hacktricks-cloud/blob/45bcf7a7381a496d6dfd5b5d533681fff85c608d/src/pentesting-cloud/aws-security/aws-post-exploitation/aws-stepfunctions-post-exploitation/README.md,"Availability or cleanup, not standalone escalation"
aws,states:DeleteStateMachineAlias,medium,medium,https://github.com/HackTricks-wiki/hacktricks-cloud/blob/45bcf7a7381a496d6dfd5b5d533681fff85c608d/src/pentesting-cloud/aws-security/aws-post-exploitation/aws-stepfunctions-post-exploitation/README.md,"Availability or cleanup, not standalone escalation"
aws,states:DeleteStateMachineVersion,medium,medium,https://github.com/HackTricks-wiki/hacktricks-cloud/blob/45bcf7a7381a496d6dfd5b5d533681fff85c608d/src/pentesting-cloud/aws-security/aws-post-exploitation/aws-stepfunctions-post-exploitation/README.md,"Availability or cleanup, not standalone escalation"
aws,states:InvokeHTTPEndpoint,medium,medium,https://github.com/HackTricks-wiki/hacktricks-cloud/blob/45bcf7a7381a496d6dfd5b5d533681fff85c608d/src/pentesting-cloud/aws-security/aws-post-exploitation/aws-stepfunctions-post-exploitation/README.md,"Availability, integrity or telemetry impact without standalone sensitive access"
aws,states:PublishStateMachineVersion,high,medium,https://github.com/HackTricks-wiki/hacktricks-cloud/blob/45bcf7a7381a496d6dfd5b5d533681fff85c608d/src/pentesting-cloud/aws-security/aws-persistence/aws-step-functions-persistence/README.md,"Conditional access, interception, execution or security-boundary change"
aws,states:StartSyncExecution,high,medium,https://github.com/HackTricks-wiki/hacktricks-cloud/blob/45bcf7a7381a496d6dfd5b5d533681fff85c608d/src/pentesting-cloud/aws-security/aws-privilege-escalation/aws-stepfunctions-privesc/README.md,Documented escalation primitive requiring target context or other capabilities
aws,states:StopExecution,medium,medium,https://github.com/HackTricks-wiki/hacktricks-cloud/blob/45bcf7a7381a496d6dfd5b5d533681fff85c608d/src/pentesting-cloud/aws-security/aws-post-exploitation/aws-stepfunctions-post-exploitation/README.md,"Availability or cleanup, not standalone escalation"
aws,states:UpdateMapRun,medium,medium,https://github.com/HackTricks-wiki/hacktricks-cloud/blob/45bcf7a7381a496d6dfd5b5d533681fff85c608d/src/pentesting-cloud/aws-security/aws-post-exploitation/aws-stepfunctions-post-exploitation/README.md,"Availability, integrity or telemetry impact without standalone sensitive access"
aws,states:UpdateStateMachineAlias,high,medium,https://github.com/HackTricks-wiki/hacktricks-cloud/blob/45bcf7a7381a496d6dfd5b5d533681fff85c608d/src/pentesting-cloud/aws-security/aws-persistence/aws-step-functions-persistence/README.md,"Conditional access, interception, execution or security-boundary change"
aws,storagegateway:CreateNFSFileShare,high,medium,https://github.com/HackTricks-wiki/hacktricks-cloud/blob/45bcf7a7381a496d6dfd5b5d533681fff85c608d/src/pentesting-cloud/aws-security/aws-post-exploitation/aws-storage-gateway-post-exploitation/README.md,Documented sensitive-data or credential access
aws,sts:AssumeRoot,critical,medium,https://github.com/HackTricks-wiki/hacktricks-cloud/blob/45bcf7a7381a496d6dfd5b5d533681fff85c608d/src/pentesting-cloud/aws-security/aws-persistence/aws-sts-persistence/README.md,"Direct privilege grant, identity takeover or near-self-sufficient privileged execution documented by the source"
aws,sts:SetContext,high,medium,https://github.com/HackTricks-wiki/hacktricks-cloud/blob/45bcf7a7381a496d6dfd5b5d533681fff85c608d/src/pentesting-cloud/aws-security/aws-privilege-escalation/aws-sso-and-identitystore-privesc/README.md,Documented escalation primitive requiring target context or other capabilities
aws,sts:TagSession,high,medium,https://github.com/HackTricks-wiki/hacktricks-cloud/blob/45bcf7a7381a496d6dfd5b5d533681fff85c608d/src/pentesting-cloud/aws-security/aws-privilege-escalation/aws-appstream-privesc/README.md,Documented escalation primitive requiring target context or other capabilities
aws,supportauthz:CreateSupportPermit,high,medium,https://github.com/HackTricks-wiki/hacktricks-cloud/blob/45bcf7a7381a496d6dfd5b5d533681fff85c608d/src/pentesting-cloud/aws-security/aws-persistence/aws-support-authorization-persistence/README.md,Documented conditional persistence or retained access
aws,synthetics:StartCanaryDryRun,medium,medium,Existing bundled exact prerequisite control,Existing validated permission prerequisite or operational control
aws,synthetics:UpdateCanary,medium,medium,Existing bundled exact prerequisite control,Existing validated permission prerequisite or operational control
aws,tag:GetResources,low,low,https://github.com/HackTricks-wiki/hacktricks-cloud/blob/45bcf7a7381a496d6dfd5b5d533681fff85c608d/src/pentesting-cloud/aws-security/aws-post-exploitation/aws-resource-tag-inventory-post-exploitation/README.md,Discovery or prerequisite only; does not itself disclose protected content
aws,tag:StartReportCreation,high,medium,https://github.com/HackTricks-wiki/hacktricks-cloud/blob/45bcf7a7381a496d6dfd5b5d533681fff85c608d/src/pentesting-cloud/aws-security/aws-post-exploitation/aws-resource-tag-inventory-post-exploitation/README.md,Documented sensitive-data or credential access
aws,thinclient:UpdateEnvironment,high,medium,https://github.com/HackTricks-wiki/hacktricks-cloud/blob/45bcf7a7381a496d6dfd5b5d533681fff85c608d/src/pentesting-cloud/aws-security/aws-post-exploitation/aws-workspaces-thin-client-post-exploitation/README.md,"Conditional access, interception, execution or security-boundary change"
aws,timestream:CreateScheduledQuery,high,medium,https://github.com/HackTricks-wiki/hacktricks-cloud/blob/45bcf7a7381a496d6dfd5b5d533681fff85c608d/src/pentesting-cloud/aws-security/aws-persistence/aws-timestream-persistence/README.md,Documented conditional persistence or retained access
aws,timestream:ExecuteScheduledQuery,high,medium,https://github.com/HackTricks-wiki/hacktricks-cloud/blob/45bcf7a7381a496d6dfd5b5d533681fff85c608d/src/pentesting-cloud/aws-security/aws-privilege-escalation/aws-timestream-privesc/README.md,Documented escalation primitive requiring target context or other capabilities
aws,timestream:Select,high,medium,https://github.com/HackTricks-wiki/hacktricks-cloud/blob/45bcf7a7381a496d6dfd5b5d533681fff85c608d/src/pentesting-cloud/aws-security/aws-post-exploitation/aws-timestream-post-exploitation/README.md,Documented sensitive-data or credential access
aws,timestream:Unload,high,medium,https://github.com/HackTricks-wiki/hacktricks-cloud/blob/45bcf7a7381a496d6dfd5b5d533681fff85c608d/src/pentesting-cloud/aws-security/aws-post-exploitation/aws-timestream-post-exploitation/README.md,Documented sensitive-data or credential access
aws,timestream:WriteRecords,high,medium,https://github.com/HackTricks-wiki/hacktricks-cloud/blob/45bcf7a7381a496d6dfd5b5d533681fff85c608d/src/pentesting-cloud/aws-security/aws-privilege-escalation/aws-timestream-privesc/README.md,Documented escalation primitive requiring target context or other capabilities
aws,transfer:CreateAccess,high,medium,https://github.com/HackTricks-wiki/hacktricks-cloud/blob/45bcf7a7381a496d6dfd5b5d533681fff85c608d/src/pentesting-cloud/aws-security/aws-privilege-escalation/aws-transfer-family-privesc/README.md,Documented escalation primitive requiring target context or other capabilities
aws,transfer:CreateUser,high,medium,https://github.com/HackTricks-wiki/hacktricks-cloud/blob/45bcf7a7381a496d6dfd5b5d533681fff85c608d/src/pentesting-cloud/aws-security/aws-privilege-escalation/aws-transfer-family-privesc/README.md,Documented escalation primitive requiring target context or other capabilities
aws,transfer:TestIdentityProvider,high,medium,https://github.com/HackTricks-wiki/hacktricks-cloud/blob/45bcf7a7381a496d6dfd5b5d533681fff85c608d/src/pentesting-cloud/aws-security/aws-post-exploitation/aws-transfer-family-post-exploitation/README.md,Documented sensitive-data or credential access
aws,transfer:UpdateAccess,high,medium,https://github.com/HackTricks-wiki/hacktricks-cloud/blob/45bcf7a7381a496d6dfd5b5d533681fff85c608d/src/pentesting-cloud/aws-security/aws-privilege-escalation/aws-transfer-family-privesc/README.md,Documented escalation primitive requiring target context or other capabilities
aws,transfer:UpdateServer,high,medium,https://github.com/HackTricks-wiki/hacktricks-cloud/blob/45bcf7a7381a496d6dfd5b5d533681fff85c608d/src/pentesting-cloud/aws-security/aws-privilege-escalation/aws-transfer-family-privesc/README.md,Documented escalation primitive requiring target context or other capabilities
aws,transfer:UpdateUser,high,medium,https://github.com/HackTricks-wiki/hacktricks-cloud/blob/45bcf7a7381a496d6dfd5b5d533681fff85c608d/src/pentesting-cloud/aws-security/aws-privilege-escalation/aws-transfer-family-privesc/README.md,Documented escalation primitive requiring target context or other capabilities
aws,uxc:UpdateAccountCustomizations,medium,medium,https://github.com/HackTricks-wiki/hacktricks-cloud/blob/45bcf7a7381a496d6dfd5b5d533681fff85c608d/src/pentesting-cloud/aws-security/aws-post-exploitation/aws-uxc-post-exploitation/README.md,"Availability, integrity or telemetry impact without standalone sensitive access"
aws,verifiedpermissions:CreateIdentitySource,high,medium,https://github.com/HackTricks-wiki/hacktricks-cloud/blob/45bcf7a7381a496d6dfd5b5d533681fff85c608d/src/pentesting-cloud/aws-security/aws-persistence/aws-verified-permissions-persistence/README.md,"Conditional access, interception, execution or security-boundary change"
aws,verifiedpermissions:CreatePolicy,high,medium,https://github.com/HackTricks-wiki/hacktricks-cloud/blob/45bcf7a7381a496d6dfd5b5d533681fff85c608d/src/pentesting-cloud/aws-security/aws-persistence/aws-verified-permissions-persistence/README.md,"Conditional access, interception, execution or security-boundary change"
aws,verifiedpermissions:CreatePolicyStoreAlias,high,medium,https://github.com/HackTricks-wiki/hacktricks-cloud/blob/45bcf7a7381a496d6dfd5b5d533681fff85c608d/src/pentesting-cloud/aws-security/aws-persistence/aws-verified-permissions-persistence/README.md,"Conditional access, interception, execution or security-boundary change"
aws,verifiedpermissions:IsAuthorized,medium,medium,https://github.com/HackTricks-wiki/hacktricks-cloud/blob/45bcf7a7381a496d6dfd5b5d533681fff85c608d/src/pentesting-cloud/aws-security/aws-post-exploitation/aws-verified-permissions-post-exploitation/README.md,"Availability, integrity, telemetry or operational impact; no direct sensitive access or escalation"
aws,verifiedpermissions:UpdateIdentitySource,high,medium,https://github.com/HackTricks-wiki/hacktricks-cloud/blob/45bcf7a7381a496d6dfd5b5d533681fff85c608d/src/pentesting-cloud/aws-security/aws-privilege-escalation/aws-verified-permissions-privesc/README.md,Documented escalation primitive requiring target context or other capabilities
aws,vpc-lattice:CreateAccessLogSubscription,high,medium,https://github.com/HackTricks-wiki/hacktricks-cloud/blob/45bcf7a7381a496d6dfd5b5d533681fff85c608d/src/pentesting-cloud/aws-security/aws-post-exploitation/aws-vpc-lattice-post-exploitation/README.md,Documented sensitive-data or credential access
aws,vpc-lattice:CreateServiceNetworkVpcAssociation,high,medium,https://github.com/HackTricks-wiki/hacktricks-cloud/blob/45bcf7a7381a496d6dfd5b5d533681fff85c608d/src/pentesting-cloud/aws-security/aws-post-exploitation/aws-vpc-lattice-post-exploitation/README.md,"Conditional access, interception, execution or security-boundary change"
aws,wafv2:AssociateWebACL,medium,high,https://github.com/HackTricks-wiki/hacktricks-cloud/blob/45bcf7a7381a496d6dfd5b5d533681fff85c608d/src/pentesting-cloud/aws-security/aws-post-exploitation/aws-waf-post-exploitation/README.md,"Security-filter creation, removal or rule tampering; no protected content, credential minting or standalone privilege grant"
aws,wafv2:CreateIPSet,medium,high,https://github.com/HackTricks-wiki/hacktricks-cloud/blob/45bcf7a7381a496d6dfd5b5d533681fff85c608d/src/pentesting-cloud/aws-security/aws-post-exploitation/aws-waf-post-exploitation/README.md,"Security-filter creation, removal or rule tampering; no protected content, credential minting or standalone privilege grant"
aws,wafv2:CreateRegexPatternSet,medium,high,https://github.com/HackTricks-wiki/hacktricks-cloud/blob/45bcf7a7381a496d6dfd5b5d533681fff85c608d/src/pentesting-cloud/aws-security/aws-post-exploitation/aws-waf-post-exploitation/README.md,"Security-filter creation, removal or rule tampering; no protected content, credential minting or standalone privilege grant"
aws,wafv2:CreateRuleGroup,medium,high,https://github.com/HackTricks-wiki/hacktricks-cloud/blob/45bcf7a7381a496d6dfd5b5d533681fff85c608d/src/pentesting-cloud/aws-security/aws-post-exploitation/aws-waf-post-exploitation/README.md,"Security-filter creation, removal or rule tampering; no protected content, credential minting or standalone privilege grant"
aws,wafv2:CreateWebACL,medium,high,https://github.com/HackTricks-wiki/hacktricks-cloud/blob/45bcf7a7381a496d6dfd5b5d533681fff85c608d/src/pentesting-cloud/aws-security/aws-post-exploitation/aws-waf-post-exploitation/README.md,"Security-filter creation, removal or rule tampering; no protected content, credential minting or standalone privilege grant"
aws,wafv2:DeleteAPIKey,medium,medium,https://github.com/HackTricks-wiki/hacktricks-cloud/blob/45bcf7a7381a496d6dfd5b5d533681fff85c608d/src/pentesting-cloud/aws-security/aws-post-exploitation/aws-waf-post-exploitation/README.md,"Availability, integrity, telemetry or operational impact; no direct sensitive access or escalation"
aws,wafv2:DeleteIPSet,medium,high,https://github.com/HackTricks-wiki/hacktricks-cloud/blob/45bcf7a7381a496d6dfd5b5d533681fff85c608d/src/pentesting-cloud/aws-security/aws-post-exploitation/aws-waf-post-exploitation/README.md,"Security-filter creation, removal or rule tampering; no protected content, credential minting or standalone privilege grant"
aws,wafv2:DeleteLoggingConfiguration,medium,medium,https://github.com/HackTricks-wiki/hacktricks-cloud/blob/45bcf7a7381a496d6dfd5b5d533681fff85c608d/src/pentesting-cloud/aws-security/aws-post-exploitation/aws-waf-post-exploitation/README.md,"Availability, integrity or telemetry impact without standalone sensitive access"
aws,wafv2:DeleteRegexPatternSet,medium,high,https://github.com/HackTricks-wiki/hacktricks-cloud/blob/45bcf7a7381a496d6dfd5b5d533681fff85c608d/src/pentesting-cloud/aws-security/aws-post-exploitation/aws-waf-post-exploitation/README.md,"Security-filter creation, removal or rule tampering; no protected content, credential minting or standalone privilege grant"
aws,wafv2:DeleteRuleGroup,medium,high,https://github.com/HackTricks-wiki/hacktricks-cloud/blob/45bcf7a7381a496d6dfd5b5d533681fff85c608d/src/pentesting-cloud/aws-security/aws-post-exploitation/aws-waf-post-exploitation/README.md,"Security-filter creation, removal or rule tampering; no protected content, credential minting or standalone privilege grant"
aws,wafv2:DeleteWebACL,medium,high,https://github.com/HackTricks-wiki/hacktricks-cloud/blob/45bcf7a7381a496d6dfd5b5d533681fff85c608d/src/pentesting-cloud/aws-security/aws-post-exploitation/aws-waf-post-exploitation/README.md,"Security-filter creation, removal or rule tampering; no protected content, credential minting or standalone privilege grant"
aws,wafv2:PutLoggingConfiguration,medium,medium,https://github.com/HackTricks-wiki/hacktricks-cloud/blob/45bcf7a7381a496d6dfd5b5d533681fff85c608d/src/pentesting-cloud/aws-security/aws-post-exploitation/aws-waf-post-exploitation/README.md,"Availability, integrity or telemetry impact without standalone sensitive access"
aws,wafv2:UpdateIPSet,medium,high,https://github.com/HackTricks-wiki/hacktricks-cloud/blob/45bcf7a7381a496d6dfd5b5d533681fff85c608d/src/pentesting-cloud/aws-security/aws-post-exploitation/aws-waf-post-exploitation/README.md,"Security-filter creation, removal or rule tampering; no protected content, credential minting or standalone privilege grant"
aws,wafv2:UpdateRegexPatternSet,medium,high,https://github.com/HackTricks-wiki/hacktricks-cloud/blob/45bcf7a7381a496d6dfd5b5d533681fff85c608d/src/pentesting-cloud/aws-security/aws-post-exploitation/aws-waf-post-exploitation/README.md,"Security-filter creation, removal or rule tampering; no protected content, credential minting or standalone privilege grant"
aws,wafv2:UpdateRuleGroup,medium,high,https://github.com/HackTricks-wiki/hacktricks-cloud/blob/45bcf7a7381a496d6dfd5b5d533681fff85c608d/src/pentesting-cloud/aws-security/aws-post-exploitation/aws-waf-post-exploitation/README.md,"Security-filter creation, removal or rule tampering; no protected content, credential minting or standalone privilege grant"
aws,wafv2:UpdateWebACL,medium,high,https://github.com/HackTricks-wiki/hacktricks-cloud/blob/45bcf7a7381a496d6dfd5b5d533681fff85c608d/src/pentesting-cloud/aws-security/aws-post-exploitation/aws-waf-post-exploitation/README.md,"Security-filter creation, removal or rule tampering; no protected content, credential minting or standalone privilege grant"
aws,wickr:GetOpentdfConfig,high,low,https://github.com/HackTricks-wiki/hacktricks-cloud/blob/45bcf7a7381a496d6dfd5b5d533681fff85c608d/src/pentesting-cloud/aws-security/aws-post-exploitation/aws-wickr-post-exploitation/README.md,Documented sensitive-data or credential access
aws,wickr:ListUsers,high,low,https://github.com/HackTricks-wiki/hacktricks-cloud/blob/45bcf7a7381a496d6dfd5b5d533681fff85c608d/src/pentesting-cloud/aws-security/aws-post-exploitation/aws-wickr-post-exploitation/README.md,Documented sensitive-data or credential access
aws,wisdom:CreateAIAgent,high,medium,https://github.com/HackTricks-wiki/hacktricks-cloud/blob/45bcf7a7381a496d6dfd5b5d533681fff85c608d/src/pentesting-cloud/aws-security/aws-persistence/aws-q-in-connect-persistence/README.md,Documented conditional persistence or retained access
aws,wisdom:CreateAIAgentVersion,high,medium,https://github.com/HackTricks-wiki/hacktricks-cloud/blob/45bcf7a7381a496d6dfd5b5d533681fff85c608d/src/pentesting-cloud/aws-security/aws-persistence/aws-q-in-connect-persistence/README.md,Documented conditional persistence or retained access
aws,wisdom:CreateAIPrompt,high,medium,https://github.com/HackTricks-wiki/hacktricks-cloud/blob/45bcf7a7381a496d6dfd5b5d533681fff85c608d/src/pentesting-cloud/aws-security/aws-persistence/aws-q-in-connect-persistence/README.md,Documented conditional persistence or retained access
aws,wisdom:CreateAIPromptVersion,high,medium,https://github.com/HackTricks-wiki/hacktricks-cloud/blob/45bcf7a7381a496d6dfd5b5d533681fff85c608d/src/pentesting-cloud/aws-security/aws-persistence/aws-q-in-connect-persistence/README.md,Documented conditional persistence or retained access
aws,wisdom:ListMessages,high,low,https://github.com/HackTricks-wiki/hacktricks-cloud/blob/45bcf7a7381a496d6dfd5b5d533681fff85c608d/src/pentesting-cloud/aws-security/aws-post-exploitation/aws-q-in-connect-post-exploitation/README.md,Documented sensitive-data or credential access
aws,wisdom:ListSpans,high,low,https://github.com/HackTricks-wiki/hacktricks-cloud/blob/45bcf7a7381a496d6dfd5b5d533681fff85c608d/src/pentesting-cloud/aws-security/aws-post-exploitation/aws-q-in-connect-post-exploitation/README.md,Documented sensitive-data or credential access
aws,wisdom:UpdateAssistantAIAgent,high,medium,https://github.com/HackTricks-wiki/hacktricks-cloud/blob/45bcf7a7381a496d6dfd5b5d533681fff85c608d/src/pentesting-cloud/aws-security/aws-persistence/aws-q-in-connect-persistence/README.md,Documented conditional persistence or retained access
aws,workdocs:UpdateUser,high,medium,https://github.com/HackTricks-wiki/hacktricks-cloud/blob/45bcf7a7381a496d6dfd5b5d533681fff85c608d/src/pentesting-cloud/aws-security/aws-privilege-escalation/aws-workdocs-privesc/README.md,Documented escalation primitive requiring target context or other capabilities
aws,workmail:CreateOrganization,medium,medium,https://github.com/HackTricks-wiki/hacktricks-cloud/blob/45bcf7a7381a496d6dfd5b5d533681fff85c608d/src/pentesting-cloud/aws-security/aws-post-exploitation/aws-workmail-post-exploitation/README.md,"Availability, integrity, telemetry or operational impact; no direct sensitive access or escalation"
aws,workmail:CreateUser,medium,medium,https://github.com/HackTricks-wiki/hacktricks-cloud/blob/45bcf7a7381a496d6dfd5b5d533681fff85c608d/src/pentesting-cloud/aws-security/aws-post-exploitation/aws-workmail-post-exploitation/README.md,"Availability, integrity, telemetry or operational impact; no direct sensitive access or escalation"
aws,workmail:RegisterMailDomain,medium,medium,https://github.com/HackTricks-wiki/hacktricks-cloud/blob/45bcf7a7381a496d6dfd5b5d533681fff85c608d/src/pentesting-cloud/aws-security/aws-post-exploitation/aws-workmail-post-exploitation/README.md,"Availability, integrity, telemetry or operational impact; no direct sensitive access or escalation"
aws,workmail:RegisterToWorkMail,medium,medium,https://github.com/HackTricks-wiki/hacktricks-cloud/blob/45bcf7a7381a496d6dfd5b5d533681fff85c608d/src/pentesting-cloud/aws-security/aws-post-exploitation/aws-workmail-post-exploitation/README.md,"Availability, integrity, telemetry or operational impact; no direct sensitive access or escalation"
aws,workmailmessageflow:PutRawMessageContent,high,medium,https://github.com/HackTricks-wiki/hacktricks-cloud/blob/45bcf7a7381a496d6dfd5b5d533681fff85c608d/src/pentesting-cloud/aws-security/aws-post-exploitation/aws-workmail-post-exploitation/README.md,"Conditional access, interception, execution or security-boundary change"
aws,workspaces-instances:CreateWorkspaceInstance,high,medium,https://github.com/HackTricks-wiki/hacktricks-cloud/blob/45bcf7a7381a496d6dfd5b5d533681fff85c608d/src/pentesting-cloud/aws-security/aws-privilege-escalation/aws-workspaces-privesc/README.md,Documented escalation primitive requiring target context or other capabilities
aws,workspaces-web:CreateIdentityProvider,high,medium,https://github.com/HackTricks-wiki/hacktricks-cloud/blob/45bcf7a7381a496d6dfd5b5d533681fff85c608d/src/pentesting-cloud/aws-security/aws-persistence/aws-workspaces-web-persistence/README.md,Documented conditional persistence or retained access
aws,workspaces-web:UpdateBrowserSettings,high,medium,https://github.com/HackTricks-wiki/hacktricks-cloud/blob/45bcf7a7381a496d6dfd5b5d533681fff85c608d/src/pentesting-cloud/aws-security/aws-persistence/aws-workspaces-web-persistence/README.md,Documented conditional persistence or retained access
aws,workspaces-web:UpdateDataProtectionSettings,medium,medium,https://github.com/HackTricks-wiki/hacktricks-cloud/blob/45bcf7a7381a496d6dfd5b5d533681fff85c608d/src/pentesting-cloud/aws-security/aws-post-exploitation/aws-workspaces-web-post-exploitation/README.md,"Availability, integrity, telemetry or operational impact; no direct sensitive access or escalation"
aws,workspaces-web:UpdateIpAccessSettings,high,medium,https://github.com/HackTricks-wiki/hacktricks-cloud/blob/45bcf7a7381a496d6dfd5b5d533681fff85c608d/src/pentesting-cloud/aws-security/aws-post-exploitation/aws-workspaces-web-post-exploitation/README.md,"Conditional access, interception, execution or security-boundary change"
aws,workspaces-web:UpdateSessionLogger,medium,medium,https://github.com/HackTricks-wiki/hacktricks-cloud/blob/45bcf7a7381a496d6dfd5b5d533681fff85c608d/src/pentesting-cloud/aws-security/aws-post-exploitation/aws-workspaces-web-post-exploitation/README.md,"Availability, integrity or telemetry impact without standalone sensitive access"
aws,workspaces-web:UpdateUserSettings,high,medium,https://github.com/HackTricks-wiki/hacktricks-cloud/blob/45bcf7a7381a496d6dfd5b5d533681fff85c608d/src/pentesting-cloud/aws-security/aws-post-exploitation/aws-workspaces-web-post-exploitation/README.md,"Conditional access, interception, execution or security-boundary change"
aws,workspaces:ModifySamlProperties,high,medium,https://github.com/HackTricks-wiki/hacktricks-cloud/blob/45bcf7a7381a496d6dfd5b5d533681fff85c608d/src/pentesting-cloud/aws-security/aws-post-exploitation/aws-workspaces-post-exploitation/README.md,"Conditional access, interception, execution or security-boundary change"
aws,workspaces:UpdateWorkspaceImagePermission,high,medium,https://github.com/HackTricks-wiki/hacktricks-cloud/blob/45bcf7a7381a496d6dfd5b5d533681fff85c608d/src/pentesting-cloud/aws-security/aws-post-exploitation/aws-workspaces-post-exploitation/README.md,Documented sensitive-data or credential access
gcp,accessapproval.requests.approve,high,medium,https://github.com/HackTricks-wiki/hacktricks-cloud/blob/45bcf7a7381a496d6dfd5b5d533681fff85c608d/src/pentesting-cloud/gcp-security/gcp-post-exploitation/gcp-access-approval-post-exploitation.md,"Conditional access, interception, execution or security-boundary change"
gcp,accessapproval.settings.delete,medium,medium,https://github.com/HackTricks-wiki/hacktricks-cloud/blob/45bcf7a7381a496d6dfd5b5d533681fff85c608d/src/pentesting-cloud/gcp-security/gcp-post-exploitation/gcp-access-approval-post-exploitation.md,"Availability or cleanup, not standalone escalation"
gcp,accessapproval.settings.update,high,medium,https://github.com/HackTricks-wiki/hacktricks-cloud/blob/45bcf7a7381a496d6dfd5b5d533681fff85c608d/src/pentesting-cloud/gcp-security/gcp-post-exploitation/gcp-access-approval-post-exploitation.md,"Conditional access, interception, execution or security-boundary change"
gcp,accesscontextmanager.accessLevels.replaceAll,high,medium,https://github.com/HackTricks-wiki/hacktricks-cloud/blob/45bcf7a7381a496d6dfd5b5d533681fff85c608d/src/pentesting-cloud/gcp-security/gcp-privilege-escalation/gcp-access-context-manager-privesc.md,Documented escalation primitive requiring target context or other capabilities
gcp,accesscontextmanager.accessLevels.update,high,medium,https://github.com/HackTricks-wiki/hacktricks-cloud/blob/45bcf7a7381a496d6dfd5b5d533681fff85c608d/src/pentesting-cloud/gcp-security/gcp-privilege-escalation/gcp-access-context-manager-privesc.md,Documented escalation primitive requiring target context or other capabilities
gcp,accesscontextmanager.authorizedOrgsDescs.create,high,medium,https://github.com/HackTricks-wiki/hacktricks-cloud/blob/45bcf7a7381a496d6dfd5b5d533681fff85c608d/src/pentesting-cloud/gcp-security/gcp-privilege-escalation/gcp-access-context-manager-privesc.md,Documented escalation primitive requiring target context or other capabilities
gcp,accesscontextmanager.gcpUserAccessBindings.create,high,medium,https://github.com/HackTricks-wiki/hacktricks-cloud/blob/45bcf7a7381a496d6dfd5b5d533681fff85c608d/src/pentesting-cloud/gcp-security/gcp-privilege-escalation/gcp-access-context-manager-privesc.md,Documented escalation primitive requiring target context or other capabilities
gcp,accesscontextmanager.gcpUserAccessBindings.update,high,medium,https://github.com/HackTricks-wiki/hacktricks-cloud/blob/45bcf7a7381a496d6dfd5b5d533681fff85c608d/src/pentesting-cloud/gcp-security/gcp-persistence/gcp-vpc-service-controls-persistence.md,Documented conditional persistence or retained access
gcp,accesscontextmanager.policies.setIamPolicy,critical,critical,https://github.com/HackTricks-wiki/hacktricks-cloud/blob/45bcf7a7381a496d6dfd5b5d533681fff85c608d/src/pentesting-cloud/gcp-security/gcp-privilege-escalation/gcp-access-context-manager-privesc.md,Existing direct escalation rule; separately review disclosure-only grants
gcp,accesscontextmanager.servicePerimeters.replaceAll,high,medium,https://github.com/HackTricks-wiki/hacktricks-cloud/blob/45bcf7a7381a496d6dfd5b5d533681fff85c608d/src/pentesting-cloud/gcp-security/gcp-privilege-escalation/gcp-access-context-manager-privesc.md,Documented escalation primitive requiring target context or other capabilities
gcp,accesscontextmanager.servicePerimeters.update,high,medium,https://github.com/HackTricks-wiki/hacktricks-cloud/blob/45bcf7a7381a496d6dfd5b5d533681fff85c608d/src/pentesting-cloud/gcp-security/gcp-privilege-escalation/gcp-access-context-manager-privesc.md,Documented escalation primitive requiring target context or other capabilities
gcp,advisorynotifications.notifications.list,high,low,https://github.com/HackTricks-wiki/hacktricks-cloud/blob/45bcf7a7381a496d6dfd5b5d533681fff85c608d/src/pentesting-cloud/gcp-security/gcp-post-exploitation/gcp-advisory-notifications-post-exploitation.md,Documented sensitive-data or credential access
gcp,advisorynotifications.settings.update,medium,medium,https://github.com/HackTricks-wiki/hacktricks-cloud/blob/45bcf7a7381a496d6dfd5b5d533681fff85c608d/src/pentesting-cloud/gcp-security/gcp-post-exploitation/gcp-advisory-notifications-post-exploitation.md,"Availability, integrity or telemetry impact without standalone sensitive access"
gcp,agentregistry.services.update,high,medium,https://github.com/HackTricks-wiki/hacktricks-cloud/blob/45bcf7a7381a496d6dfd5b5d533681fff85c608d/src/pentesting-cloud/gcp-security/gcp-privilege-escalation/gcp-agent-registry-privesc.md,Documented escalation primitive requiring target context or other capabilities
gcp,agentregistry.skillRevisions.create,high,medium,https://github.com/HackTricks-wiki/hacktricks-cloud/blob/45bcf7a7381a496d6dfd5b5d533681fff85c608d/src/pentesting-cloud/gcp-security/gcp-privilege-escalation/gcp-agent-registry-privesc.md,Documented escalation primitive requiring target context or other capabilities
gcp,agentregistry.skills.update,high,medium,https://github.com/HackTricks-wiki/hacktricks-cloud/blob/45bcf7a7381a496d6dfd5b5d533681fff85c608d/src/pentesting-cloud/gcp-security/gcp-privilege-escalation/gcp-agent-registry-privesc.md,Documented escalation primitive requiring target context or other capabilities
gcp,aiplatform.batchPredictionJobs.create,high,medium,https://github.com/HackTricks-wiki/hacktricks-cloud/blob/45bcf7a7381a496d6dfd5b5d533681fff85c608d/src/pentesting-cloud/gcp-security/gcp-privilege-escalation/gcp-vertex-ai-privesc.md,Documented escalation primitive requiring target context or other capabilities
gcp,aiplatform.customJobs.create,high,medium,https://github.com/HackTricks-wiki/hacktricks-cloud/blob/45bcf7a7381a496d6dfd5b5d533681fff85c608d/src/pentesting-cloud/gcp-security/gcp-privilege-escalation/gcp-vertex-ai-privesc.md,Documented escalation primitive requiring target context or other capabilities
gcp,aiplatform.datasets.export,high,medium,https://github.com/HackTricks-wiki/hacktricks-cloud/blob/45bcf7a7381a496d6dfd5b5d533681fff85c608d/src/pentesting-cloud/gcp-security/gcp-post-exploitation/gcp-vertex-ai-post-exploitation.md,Documented sensitive-data or credential access
gcp,aiplatform.endpoints.create,high,medium,https://github.com/HackTricks-wiki/hacktricks-cloud/blob/45bcf7a7381a496d6dfd5b5d533681fff85c608d/src/pentesting-cloud/gcp-security/gcp-privilege-escalation/gcp-vertex-ai-privesc.md,Documented escalation primitive requiring target context or other capabilities
gcp,aiplatform.featureViews.fetchFeatureValues,high,low,https://github.com/HackTricks-wiki/hacktricks-cloud/blob/45bcf7a7381a496d6dfd5b5d533681fff85c608d/src/pentesting-cloud/gcp-security/gcp-post-exploitation/gcp-vertex-ai-post-exploitation.md,Documented sensitive-data or credential access
gcp,aiplatform.hyperparameterTuningJobs.create,high,medium,https://github.com/HackTricks-wiki/hacktricks-cloud/blob/45bcf7a7381a496d6dfd5b5d533681fff85c608d/src/pentesting-cloud/gcp-security/gcp-privilege-escalation/gcp-vertex-ai-privesc.md,Documented escalation primitive requiring target context or other capabilities
gcp,aiplatform.models.export,high,medium,https://github.com/HackTricks-wiki/hacktricks-cloud/blob/45bcf7a7381a496d6dfd5b5d533681fff85c608d/src/pentesting-cloud/gcp-security/gcp-post-exploitation/gcp-vertex-ai-post-exploitation.md,Documented sensitive-data or credential access
gcp,aiplatform.models.upload,high,medium,https://github.com/HackTricks-wiki/hacktricks-cloud/blob/45bcf7a7381a496d6dfd5b5d533681fff85c608d/src/pentesting-cloud/gcp-security/gcp-privilege-escalation/gcp-vertex-ai-privesc.md,Documented escalation primitive requiring target context or other capabilities
gcp,aiplatform.notebookExecutionJobs.create,high,medium,https://github.com/HackTricks-wiki/hacktricks-cloud/blob/45bcf7a7381a496d6dfd5b5d533681fff85c608d/src/pentesting-cloud/gcp-security/gcp-privilege-escalation/gcp-vertex-ai-privesc.md,Documented escalation primitive requiring target context or other capabilities
gcp,aiplatform.pipelineJobs.create,high,medium,https://github.com/HackTricks-wiki/hacktricks-cloud/blob/45bcf7a7381a496d6dfd5b5d533681fff85c608d/src/pentesting-cloud/gcp-security/gcp-privilege-escalation/gcp-vertex-ai-privesc.md,Documented escalation primitive requiring target context or other capabilities
gcp,aiplatform.ragCorpora.create,high,medium,https://github.com/HackTricks-wiki/hacktricks-cloud/blob/45bcf7a7381a496d6dfd5b5d533681fff85c608d/src/pentesting-cloud/gcp-security/gcp-post-exploitation/gcp-vertex-ai-post-exploitation.md,Documented sensitive-data or credential access
gcp,aiplatform.ragFiles.import,high,medium,https://github.com/HackTricks-wiki/hacktricks-cloud/blob/45bcf7a7381a496d6dfd5b5d533681fff85c608d/src/pentesting-cloud/gcp-security/gcp-post-exploitation/gcp-vertex-ai-post-exploitation.md,Documented sensitive-data or credential access
gcp,aiplatform.reasoningEngines.create,high,medium,https://github.com/HackTricks-wiki/hacktricks-cloud/blob/45bcf7a7381a496d6dfd5b5d533681fff85c608d/src/pentesting-cloud/gcp-security/gcp-privilege-escalation/gcp-vertex-ai-privesc.md,Documented escalation primitive requiring target context or other capabilities
gcp,aiplatform.semanticGovernancePolicies.delete,medium,medium,https://github.com/HackTricks-wiki/hacktricks-cloud/blob/45bcf7a7381a496d6dfd5b5d533681fff85c608d/src/pentesting-cloud/gcp-security/gcp-post-exploitation/gcp-vertex-ai-post-exploitation.md,"Availability or cleanup, not standalone escalation"
gcp,aiplatform.semanticGovernancePolicies.update,high,medium,https://github.com/HackTricks-wiki/hacktricks-cloud/blob/45bcf7a7381a496d6dfd5b5d533681fff85c608d/src/pentesting-cloud/gcp-security/gcp-post-exploitation/gcp-vertex-ai-post-exploitation.md,"Conditional access, interception, execution or security-boundary change"
gcp,alloydb.clusters.create,high,medium,https://github.com/HackTricks-wiki/hacktricks-cloud/blob/45bcf7a7381a496d6dfd5b5d533681fff85c608d/src/pentesting-cloud/gcp-security/gcp-post-exploitation/gcp-alloydb-post-exploitation.md,Documented sensitive-data or credential access
gcp,alloydb.clusters.export,high,medium,https://github.com/HackTricks-wiki/hacktricks-cloud/blob/45bcf7a7381a496d6dfd5b5d533681fff85c608d/src/pentesting-cloud/gcp-security/gcp-post-exploitation/gcp-alloydb-post-exploitation.md,Documented sensitive-data or credential access
gcp,alloydb.instances.create,high,medium,https://github.com/HackTricks-wiki/hacktricks-cloud/blob/45bcf7a7381a496d6dfd5b5d533681fff85c608d/src/pentesting-cloud/gcp-security/gcp-post-exploitation/gcp-alloydb-post-exploitation.md,Documented sensitive-data or credential access
gcp,alloydb.instances.executeSql,medium,medium,https://github.com/HackTricks-wiki/hacktricks-cloud/blob/45bcf7a7381a496d6dfd5b5d533681fff85c608d/src/pentesting-cloud/gcp-security/gcp-post-exploitation/gcp-alloydb-post-exploitation.md,Existing validated permission prerequisite or operational control
gcp,alloydb.instances.executeSqlReadOnly,high,medium,https://github.com/HackTricks-wiki/hacktricks-cloud/blob/45bcf7a7381a496d6dfd5b5d533681fff85c608d/src/pentesting-cloud/gcp-security/gcp-post-exploitation/gcp-alloydb-post-exploitation.md,Documented sensitive-data or credential access
gcp,alloydb.instances.update,high,medium,https://github.com/HackTricks-wiki/hacktricks-cloud/blob/45bcf7a7381a496d6dfd5b5d533681fff85c608d/src/pentesting-cloud/gcp-security/gcp-persistence/gcp-alloydb-persistence.md,"Conditional access, interception, execution or security-boundary change"
gcp,alloydb.users.create,high,medium,https://github.com/HackTricks-wiki/hacktricks-cloud/blob/45bcf7a7381a496d6dfd5b5d533681fff85c608d/src/pentesting-cloud/gcp-security/gcp-persistence/gcp-alloydb-persistence.md,Documented sensitive-data or credential access
gcp,alloydb.users.update,high,medium,https://github.com/HackTricks-wiki/hacktricks-cloud/blob/45bcf7a7381a496d6dfd5b5d533681fff85c608d/src/pentesting-cloud/gcp-security/gcp-persistence/gcp-alloydb-persistence.md,Documented sensitive-data or credential access
gcp,analyticshub.dataExchanges.setIamPolicy,critical,critical,https://github.com/HackTricks-wiki/hacktricks-cloud/blob/45bcf7a7381a496d6dfd5b5d533681fff85c608d/src/pentesting-cloud/gcp-security/gcp-privilege-escalation/gcp-analytics-hub-privesc.md,Existing direct escalation rule; separately review disclosure-only grants
gcp,analyticshub.listings.setIamPolicy,critical,critical,https://github.com/HackTricks-wiki/hacktricks-cloud/blob/45bcf7a7381a496d6dfd5b5d533681fff85c608d/src/pentesting-cloud/gcp-security/gcp-privilege-escalation/gcp-analytics-hub-privesc.md,Existing direct escalation rule; separately review disclosure-only grants
gcp,analyticshub.subscriptions.create,high,medium,https://github.com/HackTricks-wiki/hacktricks-cloud/blob/45bcf7a7381a496d6dfd5b5d533681fff85c608d/src/pentesting-cloud/gcp-security/gcp-privilege-escalation/gcp-analytics-hub-privesc.md,Documented escalation primitive requiring target context or other capabilities
gcp,apigateway.apiconfigs.create,high,medium,https://github.com/HackTricks-wiki/hacktricks-cloud/blob/45bcf7a7381a496d6dfd5b5d533681fff85c608d/src/pentesting-cloud/gcp-security/gcp-post-exploitation/gcp-api-gateway-post-exploitation.md,Documented sensitive-data or credential access
gcp,apigateway.apis.create,high,medium,https://github.com/HackTricks-wiki/hacktricks-cloud/blob/45bcf7a7381a496d6dfd5b5d533681fff85c608d/src/pentesting-cloud/gcp-security/gcp-post-exploitation/gcp-api-gateway-post-exploitation.md,Documented sensitive-data or credential access
gcp,apigateway.gateways.create,high,medium,https://github.com/HackTricks-wiki/hacktricks-cloud/blob/45bcf7a7381a496d6dfd5b5d533681fff85c608d/src/pentesting-cloud/gcp-security/gcp-post-exploitation/gcp-api-gateway-post-exploitation.md,Documented sensitive-data or credential access
gcp,apigateway.gateways.update,high,medium,https://github.com/HackTricks-wiki/hacktricks-cloud/blob/45bcf7a7381a496d6dfd5b5d533681fff85c608d/src/pentesting-cloud/gcp-security/gcp-post-exploitation/gcp-api-gateway-post-exploitation.md,Documented sensitive-data or credential access
gcp,apigee.deployments.create,high,medium,https://github.com/HackTricks-wiki/hacktricks-cloud/blob/45bcf7a7381a496d6dfd5b5d533681fff85c608d/src/pentesting-cloud/gcp-security/gcp-privilege-escalation/gcp-apigee-privesc.md,Documented escalation primitive requiring target context or other capabilities
gcp,apigee.environments.setIamPolicy,critical,critical,https://github.com/HackTricks-wiki/hacktricks-cloud/blob/45bcf7a7381a496d6dfd5b5d533681fff85c608d/src/pentesting-cloud/gcp-security/gcp-persistence/gcp-apigee-persistence.md,Existing direct escalation rule; separately review disclosure-only grants
gcp,apigee.flowhooks.attachSharedFlow,high,medium,https://github.com/HackTricks-wiki/hacktricks-cloud/blob/45bcf7a7381a496d6dfd5b5d533681fff85c608d/src/pentesting-cloud/gcp-security/gcp-privilege-escalation/gcp-apigee-privesc.md,Documented escalation primitive requiring target context or other capabilities
gcp,apigee.proxies.create,high,medium,https://github.com/HackTricks-wiki/hacktricks-cloud/blob/45bcf7a7381a496d6dfd5b5d533681fff85c608d/src/pentesting-cloud/gcp-security/gcp-privilege-escalation/gcp-apigee-privesc.md,Documented escalation primitive requiring target context or other capabilities
gcp,apigee.sharedflows.create,high,medium,https://github.com/HackTricks-wiki/hacktricks-cloud/blob/45bcf7a7381a496d6dfd5b5d533681fff85c608d/src/pentesting-cloud/gcp-security/gcp-privilege-escalation/gcp-apigee-privesc.md,Documented escalation primitive requiring target context or other capabilities
gcp,apikeys.keys.getKeyString,high,critical,https://github.com/HackTricks-wiki/hacktricks-cloud/blob/45bcf7a7381a496d6dfd5b5d533681fff85c608d/src/pentesting-cloud/gcp-security/gcp-persistence/gcp-api-keys-persistence.md,"Sensitive data, secret or plaintext access; no standalone privilege grant"
gcp,apikeys.keys.undelete,high,medium,https://github.com/HackTricks-wiki/hacktricks-cloud/blob/45bcf7a7381a496d6dfd5b5d533681fff85c608d/src/pentesting-cloud/gcp-security/gcp-persistence/gcp-api-keys-persistence.md,Documented sensitive-data or credential access
gcp,appengine.memcache.addKey,medium,medium,https://github.com/HackTricks-wiki/hacktricks-cloud/blob/45bcf7a7381a496d6dfd5b5d533681fff85c608d/src/pentesting-cloud/gcp-security/gcp-post-exploitation/gcp-app-engine-post-exploitation.md,"Availability, integrity or telemetry impact without standalone sensitive access"
gcp,appengine.memcache.update,medium,medium,https://github.com/HackTricks-wiki/hacktricks-cloud/blob/45bcf7a7381a496d6dfd5b5d533681fff85c608d/src/pentesting-cloud/gcp-security/gcp-post-exploitation/gcp-app-engine-post-exploitation.md,"Availability, integrity or telemetry impact without standalone sensitive access"
gcp,artifactregistry.attachments.create,medium,medium,https://github.com/HackTricks-wiki/hacktricks-cloud/blob/45bcf7a7381a496d6dfd5b5d533681fff85c608d/src/pentesting-cloud/gcp-security/gcp-post-exploitation/gcp-artifact-registry-post-exploitation.md,"Availability, integrity or telemetry impact without standalone sensitive access"
gcp,artifactregistry.files.upload,medium,medium,https://github.com/HackTricks-wiki/hacktricks-cloud/blob/45bcf7a7381a496d6dfd5b5d533681fff85c608d/src/pentesting-cloud/gcp-security/gcp-post-exploitation/gcp-artifact-registry-post-exploitation.md,"Availability, integrity or telemetry impact without standalone sensitive access"
gcp,artifactregistry.projectconfigs.update,medium,medium,https://github.com/HackTricks-wiki/hacktricks-cloud/blob/45bcf7a7381a496d6dfd5b5d533681fff85c608d/src/pentesting-cloud/gcp-security/gcp-post-exploitation/gcp-artifact-registry-post-exploitation.md,"Availability, integrity or telemetry impact without standalone sensitive access"
gcp,artifactregistry.repositories.create,high,medium,https://github.com/HackTricks-wiki/hacktricks-cloud/blob/45bcf7a7381a496d6dfd5b5d533681fff85c608d/src/pentesting-cloud/gcp-security/gcp-persistence/gcp-artifact-registry-persistence.md,"Conditional access, interception, execution or security-boundary change"
gcp,artifactregistry.repositories.exportArtifacts,high,medium,https://github.com/HackTricks-wiki/hacktricks-cloud/blob/45bcf7a7381a496d6dfd5b5d533681fff85c608d/src/pentesting-cloud/gcp-security/gcp-post-exploitation/gcp-artifact-registry-post-exploitation.md,Documented sensitive-data or credential access
gcp,artifactregistry.repositories.setIamPolicy,critical,critical,https://github.com/HackTricks-wiki/hacktricks-cloud/blob/45bcf7a7381a496d6dfd5b5d533681fff85c608d/src/pentesting-cloud/gcp-security/gcp-post-exploitation/gcp-artifact-registry-post-exploitation.md,Existing direct escalation rule; separately review disclosure-only grants
gcp,artifactregistry.repositories.update,high,medium,https://github.com/HackTricks-wiki/hacktricks-cloud/blob/45bcf7a7381a496d6dfd5b5d533681fff85c608d/src/pentesting-cloud/gcp-security/gcp-persistence/gcp-artifact-registry-persistence.md,"Conditional access, interception, execution or security-boundary change"
gcp,artifactregistry.tags.update,high,medium,https://github.com/HackTricks-wiki/hacktricks-cloud/blob/45bcf7a7381a496d6dfd5b5d533681fff85c608d/src/pentesting-cloud/gcp-security/gcp-privilege-escalation/gcp-artifact-registry-privesc.md,Documented escalation primitive requiring target context or other capabilities
gcp,backupdr.autoProtectionBindings.create,high,medium,https://github.com/HackTricks-wiki/hacktricks-cloud/blob/45bcf7a7381a496d6dfd5b5d533681fff85c608d/src/pentesting-cloud/gcp-security/gcp-post-exploitation/gcp-backup-and-dr-post-exploitation.md,Documented sensitive-data or credential access
gcp,backupdr.autoProtectionPolicies.create,high,medium,https://github.com/HackTricks-wiki/hacktricks-cloud/blob/45bcf7a7381a496d6dfd5b5d533681fff85c608d/src/pentesting-cloud/gcp-security/gcp-post-exploitation/gcp-backup-and-dr-post-exploitation.md,Documented sensitive-data or credential access
gcp,backupdr.backupPlans.useForComputeDisk,high,medium,https://github.com/HackTricks-wiki/hacktricks-cloud/blob/45bcf7a7381a496d6dfd5b5d533681fff85c608d/src/pentesting-cloud/gcp-security/gcp-post-exploitation/gcp-backup-and-dr-post-exploitation.md,Documented sensitive-data or credential access
gcp,backupdr.backupPlans.useForComputeInstance,high,medium,https://github.com/HackTricks-wiki/hacktricks-cloud/blob/45bcf7a7381a496d6dfd5b5d533681fff85c608d/src/pentesting-cloud/gcp-security/gcp-post-exploitation/gcp-backup-and-dr-post-exploitation.md,Documented sensitive-data or credential access
gcp,backupdr.bvbackups.restore,high,medium,https://github.com/HackTricks-wiki/hacktricks-cloud/blob/45bcf7a7381a496d6dfd5b5d533681fff85c608d/src/pentesting-cloud/gcp-security/gcp-post-exploitation/gcp-backup-and-dr-post-exploitation.md,Documented sensitive-data or credential access
gcp,backupdr.compute.restoreFromBackupVault,high,medium,https://github.com/HackTricks-wiki/hacktricks-cloud/blob/45bcf7a7381a496d6dfd5b5d533681fff85c608d/src/pentesting-cloud/gcp-security/gcp-post-exploitation/gcp-backup-and-dr-post-exploitation.md,Documented sensitive-data or credential access
gcp,batch.jobs.delete,medium,medium,https://github.com/HackTricks-wiki/hacktricks-cloud/blob/45bcf7a7381a496d6dfd5b5d533681fff85c608d/src/pentesting-cloud/gcp-security/gcp-privilege-escalation/gcp-batch-privesc.md,"Availability, integrity, telemetry or operational impact; no direct sensitive access or escalation"
gcp,beyondcorp.sgApplications.setIamPolicy,critical,critical,https://github.com/HackTricks-wiki/hacktricks-cloud/blob/45bcf7a7381a496d6dfd5b5d533681fff85c608d/src/pentesting-cloud/gcp-security/gcp-privilege-escalation/gcp-beyondcorp-privesc.md,Existing direct escalation rule; separately review disclosure-only grants
gcp,beyondcorp.sgApplications.update,high,medium,https://github.com/HackTricks-wiki/hacktricks-cloud/blob/45bcf7a7381a496d6dfd5b5d533681fff85c608d/src/pentesting-cloud/gcp-security/gcp-privilege-escalation/gcp-beyondcorp-privesc.md,Documented escalation primitive requiring target context or other capabilities
gcp,biglake.catalogs.setIamPolicy,critical,critical,https://github.com/HackTricks-wiki/hacktricks-cloud/blob/45bcf7a7381a496d6dfd5b5d533681fff85c608d/src/pentesting-cloud/gcp-security/gcp-persistence/gcp-biglake-persistence.md,Existing direct escalation rule; separately review disclosure-only grants
gcp,biglake.namespaces.setIamPolicy,critical,critical,https://github.com/HackTricks-wiki/hacktricks-cloud/blob/45bcf7a7381a496d6dfd5b5d533681fff85c608d/src/pentesting-cloud/gcp-security/gcp-persistence/gcp-biglake-persistence.md,Existing direct escalation rule; separately review disclosure-only grants
gcp,biglake.tables.get,low,low,https://github.com/HackTricks-wiki/hacktricks-cloud/blob/45bcf7a7381a496d6dfd5b5d533681fff85c608d/src/pentesting-cloud/gcp-security/gcp-post-exploitation/gcp-biglake-post-exploitation.md,Discovery or prerequisite only; does not itself disclose protected content
gcp,biglake.tables.getData,high,medium,https://github.com/HackTricks-wiki/hacktricks-cloud/blob/45bcf7a7381a496d6dfd5b5d533681fff85c608d/src/pentesting-cloud/gcp-security/gcp-post-exploitation/gcp-biglake-post-exploitation.md,Documented sensitive-data or credential access
gcp,biglake.tables.setIamPolicy,critical,critical,https://github.com/HackTricks-wiki/hacktricks-cloud/blob/45bcf7a7381a496d6dfd5b5d533681fff85c608d/src/pentesting-cloud/gcp-security/gcp-persistence/gcp-biglake-persistence.md,Existing direct escalation rule; separately review disclosure-only grants
gcp,biglake.tables.update,high,high,https://github.com/HackTricks-wiki/hacktricks-cloud/blob/45bcf7a7381a496d6dfd5b5d533681fff85c608d/src/pentesting-cloud/gcp-security/gcp-post-exploitation/gcp-biglake-post-exploitation.md,Existing source-validated code/configuration poisoning or privileged trigger; retain conditional impact
gcp,biglake.tables.updateData,medium,medium,https://github.com/HackTricks-wiki/hacktricks-cloud/blob/45bcf7a7381a496d6dfd5b5d533681fff85c608d/src/pentesting-cloud/gcp-security/gcp-post-exploitation/gcp-biglake-post-exploitation.md,"Availability, integrity or telemetry impact without standalone sensitive access"
gcp,bigquery.connections.setIamPolicy,critical,critical,https://github.com/HackTricks-wiki/hacktricks-cloud/blob/45bcf7a7381a496d6dfd5b5d533681fff85c608d/src/pentesting-cloud/gcp-security/gcp-privilege-escalation/gcp-bigquery-privesc.md,Existing direct escalation rule; separately review disclosure-only grants
gcp,bigquery.dataPolicies.delete,high,medium,https://github.com/HackTricks-wiki/hacktricks-cloud/blob/45bcf7a7381a496d6dfd5b5d533681fff85c608d/src/pentesting-cloud/gcp-security/gcp-privilege-escalation/gcp-bigquery-privesc.md,Documented escalation primitive requiring target context or other capabilities
gcp,bigquery.dataPolicies.update,high,medium,https://github.com/HackTricks-wiki/hacktricks-cloud/blob/45bcf7a7381a496d6dfd5b5d533681fff85c608d/src/pentesting-cloud/gcp-security/gcp-privilege-escalation/gcp-bigquery-privesc.md,Documented escalation primitive requiring target context or other capabilities
gcp,bigquery.datasets.create,high,medium,https://github.com/HackTricks-wiki/hacktricks-cloud/blob/45bcf7a7381a496d6dfd5b5d533681fff85c608d/src/pentesting-cloud/gcp-security/gcp-privilege-escalation/gcp-analytics-hub-privesc.md,Documented escalation primitive requiring target context or other capabilities
gcp,bigquery.datasets.setIamPolicy,critical,critical,https://github.com/HackTricks-wiki/hacktricks-cloud/blob/45bcf7a7381a496d6dfd5b5d533681fff85c608d/src/pentesting-cloud/gcp-security/gcp-persistence/gcp-bigquery-persistence.md,Existing direct escalation rule; separately review disclosure-only grants
gcp,bigquery.datasets.update,high,medium,https://github.com/HackTricks-wiki/hacktricks-cloud/blob/45bcf7a7381a496d6dfd5b5d533681fff85c608d/src/pentesting-cloud/gcp-security/gcp-persistence/gcp-bigquery-persistence.md,"Conditional access, interception, execution or security-boundary change"
gcp,bigquery.jobs.create,high,medium,https://github.com/HackTricks-wiki/hacktricks-cloud/blob/45bcf7a7381a496d6dfd5b5d533681fff85c608d/src/pentesting-cloud/gcp-security/gcp-persistence/gcp-bigquery-persistence.md,"Conditional access, interception, execution or security-boundary change"
gcp,bigquery.jobs.listAll,high,low,https://github.com/HackTricks-wiki/hacktricks-cloud/blob/45bcf7a7381a496d6dfd5b5d533681fff85c608d/src/pentesting-cloud/gcp-security/gcp-post-exploitation/gcp-bigquery-post-exploitation.md,Documented sensitive-data or credential access
gcp,bigquery.models.export,high,medium,https://github.com/HackTricks-wiki/hacktricks-cloud/blob/45bcf7a7381a496d6dfd5b5d533681fff85c608d/src/pentesting-cloud/gcp-security/gcp-post-exploitation/gcp-bigquery-post-exploitation.md,Documented sensitive-data or credential access
gcp,bigquery.routines.create,high,medium,https://github.com/HackTricks-wiki/hacktricks-cloud/blob/45bcf7a7381a496d6dfd5b5d533681fff85c608d/src/pentesting-cloud/gcp-security/gcp-privilege-escalation/gcp-bigquery-privesc.md,Documented escalation primitive requiring target context or other capabilities
gcp,bigquery.routines.update,high,medium,https://github.com/HackTricks-wiki/hacktricks-cloud/blob/45bcf7a7381a496d6dfd5b5d533681fff85c608d/src/pentesting-cloud/gcp-security/gcp-privilege-escalation/gcp-bigquery-privesc.md,Documented escalation primitive requiring target context or other capabilities
gcp,bigquery.tables.create,high,medium,https://github.com/HackTricks-wiki/hacktricks-cloud/blob/45bcf7a7381a496d6dfd5b5d533681fff85c608d/src/pentesting-cloud/gcp-security/gcp-persistence/gcp-bigquery-persistence.md,"Conditional access, interception, execution or security-boundary change"
gcp,bigquery.tables.get,low,low,https://github.com/HackTricks-wiki/hacktricks-cloud/blob/45bcf7a7381a496d6dfd5b5d533681fff85c608d/src/pentesting-cloud/gcp-security/gcp-persistence/gcp-bigquery-persistence.md,Discovery or prerequisite only; does not itself disclose protected content
gcp,bigquery.tables.setIamPolicy,critical,critical,https://github.com/HackTricks-wiki/hacktricks-cloud/blob/45bcf7a7381a496d6dfd5b5d533681fff85c608d/src/pentesting-cloud/gcp-security/gcp-privilege-escalation/gcp-bigquery-privesc.md,Existing direct escalation rule; separately review disclosure-only grants
gcp,bigquery.tables.update,high,medium,https://github.com/HackTricks-wiki/hacktricks-cloud/blob/45bcf7a7381a496d6dfd5b5d533681fff85c608d/src/pentesting-cloud/gcp-security/gcp-persistence/gcp-bigquery-persistence.md,"Conditional access, interception, execution or security-boundary change"
gcp,bigquery.transfers.update,high,medium,https://github.com/HackTricks-wiki/hacktricks-cloud/blob/45bcf7a7381a496d6dfd5b5d533681fff85c608d/src/pentesting-cloud/gcp-security/gcp-persistence/gcp-bigquery-persistence.md,Documented conditional persistence or retained access
gcp,bigtable.appProfiles.create,medium,medium,https://github.com/HackTricks-wiki/hacktricks-cloud/blob/45bcf7a7381a496d6dfd5b5d533681fff85c608d/src/pentesting-cloud/gcp-security/gcp-persistence/gcp-bigtable-persistence.md,"Availability, integrity, telemetry or operational impact; no direct sensitive access or escalation"
gcp,bigtable.appProfiles.update,medium,medium,https://github.com/HackTricks-wiki/hacktricks-cloud/blob/45bcf7a7381a496d6dfd5b5d533681fff85c608d/src/pentesting-cloud/gcp-security/gcp-persistence/gcp-bigtable-persistence.md,"Availability, integrity, telemetry or operational impact; no direct sensitive access or escalation"
gcp,bigtable.authorizedViews.mutateRows,high,medium,https://github.com/HackTricks-wiki/hacktricks-cloud/blob/45bcf7a7381a496d6dfd5b5d533681fff85c608d/src/pentesting-cloud/gcp-security/gcp-privilege-escalation/gcp-bigtable-privesc.md,Documented escalation primitive requiring target context or other capabilities
gcp,bigtable.authorizedViews.setIamPolicy,critical,critical,https://github.com/HackTricks-wiki/hacktricks-cloud/blob/45bcf7a7381a496d6dfd5b5d533681fff85c608d/src/pentesting-cloud/gcp-security/gcp-privilege-escalation/gcp-bigtable-privesc.md,Existing direct escalation rule; separately review disclosure-only grants
gcp,bigtable.authorizedViews.update,high,medium,https://github.com/HackTricks-wiki/hacktricks-cloud/blob/45bcf7a7381a496d6dfd5b5d533681fff85c608d/src/pentesting-cloud/gcp-security/gcp-privilege-escalation/gcp-bigtable-privesc.md,Documented escalation primitive requiring target context or other capabilities
gcp,bigtable.backups.restore,high,medium,https://github.com/HackTricks-wiki/hacktricks-cloud/blob/45bcf7a7381a496d6dfd5b5d533681fff85c608d/src/pentesting-cloud/gcp-security/gcp-privilege-escalation/gcp-bigtable-privesc.md,Documented escalation primitive requiring target context or other capabilities
gcp,bigtable.backups.setIamPolicy,critical,critical,https://github.com/HackTricks-wiki/hacktricks-cloud/blob/45bcf7a7381a496d6dfd5b5d533681fff85c608d/src/pentesting-cloud/gcp-security/gcp-privilege-escalation/gcp-bigtable-privesc.md,Existing direct escalation rule; separately review disclosure-only grants
gcp,bigtable.clusters.create,high,medium,https://github.com/HackTricks-wiki/hacktricks-cloud/blob/45bcf7a7381a496d6dfd5b5d533681fff85c608d/src/pentesting-cloud/gcp-security/gcp-persistence/gcp-bigtable-persistence.md,Documented sensitive-data or credential access
gcp,bigtable.clusters.update,high,medium,https://github.com/HackTricks-wiki/hacktricks-cloud/blob/45bcf7a7381a496d6dfd5b5d533681fff85c608d/src/pentesting-cloud/gcp-security/gcp-persistence/gcp-bigtable-persistence.md,Documented sensitive-data or credential access
gcp,bigtable.instances.setIamPolicy,critical,critical,https://github.com/HackTricks-wiki/hacktricks-cloud/blob/45bcf7a7381a496d6dfd5b5d533681fff85c608d/src/pentesting-cloud/gcp-security/gcp-privilege-escalation/gcp-bigtable-privesc.md,Existing direct escalation rule; separately review disclosure-only grants
gcp,bigtable.materializedViews.setIamPolicy,critical,critical,https://github.com/HackTricks-wiki/hacktricks-cloud/blob/45bcf7a7381a496d6dfd5b5d533681fff85c608d/src/pentesting-cloud/gcp-security/gcp-privilege-escalation/gcp-bigtable-privesc.md,Existing direct escalation rule; separately review disclosure-only grants
gcp,bigtable.tables.create,high,medium,https://github.com/HackTricks-wiki/hacktricks-cloud/blob/45bcf7a7381a496d6dfd5b5d533681fff85c608d/src/pentesting-cloud/gcp-security/gcp-privilege-escalation/gcp-bigtable-privesc.md,Documented escalation primitive requiring target context or other capabilities
gcp,bigtable.tables.setIamPolicy,critical,critical,https://github.com/HackTricks-wiki/hacktricks-cloud/blob/45bcf7a7381a496d6dfd5b5d533681fff85c608d/src/pentesting-cloud/gcp-security/gcp-privilege-escalation/gcp-bigtable-privesc.md,Existing direct escalation rule; separately review disclosure-only grants
gcp,bigtable.tables.update,high,medium,https://github.com/HackTricks-wiki/hacktricks-cloud/blob/45bcf7a7381a496d6dfd5b5d533681fff85c608d/src/pentesting-cloud/gcp-security/gcp-persistence/gcp-bigtable-persistence.md,Documented sensitive-data or credential access
gcp,billing.accounts.setIamPolicy,critical,critical,https://github.com/HackTricks-wiki/hacktricks-cloud/blob/45bcf7a7381a496d6dfd5b5d533681fff85c608d/src/pentesting-cloud/gcp-security/gcp-privilege-escalation/gcp-billing-privesc.md,Existing direct escalation rule; separately review disclosure-only grants
gcp,binaryauthorization.attestors.setIamPolicy,critical,critical,https://github.com/HackTricks-wiki/hacktricks-cloud/blob/45bcf7a7381a496d6dfd5b5d533681fff85c608d/src/pentesting-cloud/gcp-security/gcp-persistence/gcp-container-analysis-persistence.md,Existing direct escalation rule; separately review disclosure-only grants
gcp,binaryauthorization.attestors.update,high,medium,https://github.com/HackTricks-wiki/hacktricks-cloud/blob/45bcf7a7381a496d6dfd5b5d533681fff85c608d/src/pentesting-cloud/gcp-security/gcp-post-exploitation/gcp-binary-authorization-post-exploitation.md,"Conditional access, interception, execution or security-boundary change"
gcp,binaryauthorization.policy.update,high,medium,https://github.com/HackTricks-wiki/hacktricks-cloud/blob/45bcf7a7381a496d6dfd5b5d533681fff85c608d/src/pentesting-cloud/gcp-security/gcp-post-exploitation/gcp-binary-authorization-post-exploitation.md,"Conditional access, interception, execution or security-boundary change"
gcp,certificatemanager.certmapentries.create,high,medium,https://github.com/HackTricks-wiki/hacktricks-cloud/blob/45bcf7a7381a496d6dfd5b5d533681fff85c608d/src/pentesting-cloud/gcp-security/gcp-post-exploitation/gcp-certificate-manager-post-exploitation.md,"Conditional access, interception, execution or security-boundary change"
gcp,certificatemanager.certmapentries.update,high,medium,https://github.com/HackTricks-wiki/hacktricks-cloud/blob/45bcf7a7381a496d6dfd5b5d533681fff85c608d/src/pentesting-cloud/gcp-security/gcp-post-exploitation/gcp-certificate-manager-post-exploitation.md,"Conditional access, interception, execution or security-boundary change"
gcp,certificatemanager.certmaps.create,high,medium,https://github.com/HackTricks-wiki/hacktricks-cloud/blob/45bcf7a7381a496d6dfd5b5d533681fff85c608d/src/pentesting-cloud/gcp-security/gcp-post-exploitation/gcp-certificate-manager-post-exploitation.md,"Conditional access, interception, execution or security-boundary change"
gcp,certificatemanager.certmaps.use,high,medium,https://github.com/HackTricks-wiki/hacktricks-cloud/blob/45bcf7a7381a496d6dfd5b5d533681fff85c608d/src/pentesting-cloud/gcp-security/gcp-post-exploitation/gcp-certificate-manager-post-exploitation.md,"Conditional access, interception, execution or security-boundary change"
gcp,certificatemanager.certs.create,high,medium,https://github.com/HackTricks-wiki/hacktricks-cloud/blob/45bcf7a7381a496d6dfd5b5d533681fff85c608d/src/pentesting-cloud/gcp-security/gcp-post-exploitation/gcp-certificate-manager-post-exploitation.md,"Conditional access, interception, execution or security-boundary change"
gcp,certificatemanager.certs.use,high,medium,https://github.com/HackTricks-wiki/hacktricks-cloud/blob/45bcf7a7381a496d6dfd5b5d533681fff85c608d/src/pentesting-cloud/gcp-security/gcp-post-exploitation/gcp-certificate-manager-post-exploitation.md,"Conditional access, interception, execution or security-boundary change"
gcp,certificatemanager.trustconfigs.create,high,medium,https://github.com/HackTricks-wiki/hacktricks-cloud/blob/45bcf7a7381a496d6dfd5b5d533681fff85c608d/src/pentesting-cloud/gcp-security/gcp-post-exploitation/gcp-certificate-manager-post-exploitation.md,"Conditional access, interception, execution or security-boundary change"
gcp,certificatemanager.trustconfigs.update,high,medium,https://github.com/HackTricks-wiki/hacktricks-cloud/blob/45bcf7a7381a496d6dfd5b5d533681fff85c608d/src/pentesting-cloud/gcp-security/gcp-post-exploitation/gcp-certificate-manager-post-exploitation.md,"Conditional access, interception, execution or security-boundary change"
gcp,certificatemanager.trustconfigs.use,high,medium,https://github.com/HackTricks-wiki/hacktricks-cloud/blob/45bcf7a7381a496d6dfd5b5d533681fff85c608d/src/pentesting-cloud/gcp-security/gcp-post-exploitation/gcp-certificate-manager-post-exploitation.md,"Conditional access, interception, execution or security-boundary change"
gcp,ces.agents.update,high,medium,https://github.com/HackTricks-wiki/hacktricks-cloud/blob/45bcf7a7381a496d6dfd5b5d533681fff85c608d/src/pentesting-cloud/gcp-security/gcp-persistence/gcp-cx-agent-studio-persistence.md,"Conditional access, interception, execution or security-boundary change"
gcp,ces.appVersions.create,high,medium,https://github.com/HackTricks-wiki/hacktricks-cloud/blob/45bcf7a7381a496d6dfd5b5d533681fff85c608d/src/pentesting-cloud/gcp-security/gcp-persistence/gcp-cx-agent-studio-persistence.md,"Conditional access, interception, execution or security-boundary change"
gcp,ces.appVersions.restore,high,medium,https://github.com/HackTricks-wiki/hacktricks-cloud/blob/45bcf7a7381a496d6dfd5b5d533681fff85c608d/src/pentesting-cloud/gcp-security/gcp-persistence/gcp-cx-agent-studio-persistence.md,"Conditional access, interception, execution or security-boundary change"
gcp,ces.deployments.update,high,medium,https://github.com/HackTricks-wiki/hacktricks-cloud/blob/45bcf7a7381a496d6dfd5b5d533681fff85c608d/src/pentesting-cloud/gcp-security/gcp-persistence/gcp-cx-agent-studio-persistence.md,"Conditional access, interception, execution or security-boundary change"
gcp,ces.guardrails.delete,medium,medium,https://github.com/HackTricks-wiki/hacktricks-cloud/blob/45bcf7a7381a496d6dfd5b5d533681fff85c608d/src/pentesting-cloud/gcp-security/gcp-post-exploitation/gcp-cx-agent-studio-post-exploitation.md,"Availability or cleanup, not standalone escalation"
gcp,ces.guardrails.update,high,medium,https://github.com/HackTricks-wiki/hacktricks-cloud/blob/45bcf7a7381a496d6dfd5b5d533681fff85c608d/src/pentesting-cloud/gcp-security/gcp-post-exploitation/gcp-cx-agent-studio-post-exploitation.md,"Conditional access, interception, execution or security-boundary change"
gcp,ces.tools.update,high,medium,https://github.com/HackTricks-wiki/hacktricks-cloud/blob/45bcf7a7381a496d6dfd5b5d533681fff85c608d/src/pentesting-cloud/gcp-security/gcp-persistence/gcp-cx-agent-studio-persistence.md,"Conditional access, interception, execution or security-boundary change"
gcp,chronicle.cases.close,medium,medium,https://github.com/HackTricks-wiki/hacktricks-cloud/blob/45bcf7a7381a496d6dfd5b5d533681fff85c608d/src/pentesting-cloud/gcp-security/gcp-post-exploitation/gcp-google-secops-post-exploitation.md,"Availability, integrity or telemetry impact without standalone sensitive access"
gcp,chronicle.dataTableRows.create,medium,medium,https://github.com/HackTricks-wiki/hacktricks-cloud/blob/45bcf7a7381a496d6dfd5b5d533681fff85c608d/src/pentesting-cloud/gcp-security/gcp-post-exploitation/gcp-google-secops-post-exploitation.md,"Availability, integrity or telemetry impact without standalone sensitive access"
gcp,chronicle.events.searchRawLogs,high,low,https://github.com/HackTricks-wiki/hacktricks-cloud/blob/45bcf7a7381a496d6dfd5b5d533681fff85c608d/src/pentesting-cloud/gcp-security/gcp-post-exploitation/gcp-google-secops-post-exploitation.md,Documented sensitive-data or credential access
gcp,chronicle.feeds.disable,medium,medium,https://github.com/HackTricks-wiki/hacktricks-cloud/blob/45bcf7a7381a496d6dfd5b5d533681fff85c608d/src/pentesting-cloud/gcp-security/gcp-post-exploitation/gcp-google-secops-post-exploitation.md,"Availability, integrity or telemetry impact without standalone sensitive access"
gcp,chronicle.referenceLists.update,medium,medium,https://github.com/HackTricks-wiki/hacktricks-cloud/blob/45bcf7a7381a496d6dfd5b5d533681fff85c608d/src/pentesting-cloud/gcp-security/gcp-post-exploitation/gcp-google-secops-post-exploitation.md,"Availability, integrity or telemetry impact without standalone sensitive access"
gcp,chronicle.ruleDeployments.update,medium,medium,https://github.com/HackTricks-wiki/hacktricks-cloud/blob/45bcf7a7381a496d6dfd5b5d533681fff85c608d/src/pentesting-cloud/gcp-security/gcp-post-exploitation/gcp-google-secops-post-exploitation.md,"Availability, integrity or telemetry impact without standalone sensitive access"
gcp,chronicle.rules.update,medium,medium,https://github.com/HackTricks-wiki/hacktricks-cloud/blob/45bcf7a7381a496d6dfd5b5d533681fff85c608d/src/pentesting-cloud/gcp-security/gcp-post-exploitation/gcp-google-secops-post-exploitation.md,"Availability, integrity or telemetry impact without standalone sensitive access"
gcp,cloudasset.assets.exportIamPolicy,high,medium,https://github.com/HackTricks-wiki/hacktricks-cloud/blob/45bcf7a7381a496d6dfd5b5d533681fff85c608d/src/pentesting-cloud/gcp-security/gcp-post-exploitation/gcp-cloud-asset-inventory-post-exploitation.md,Documented sensitive-data or credential access
gcp,cloudasset.assets.exportResource,high,medium,https://github.com/HackTricks-wiki/hacktricks-cloud/blob/45bcf7a7381a496d6dfd5b5d533681fff85c608d/src/pentesting-cloud/gcp-security/gcp-post-exploitation/gcp-cloud-asset-inventory-post-exploitation.md,Documented sensitive-data or credential access
gcp,cloudasset.feeds.create,high,medium,https://github.com/HackTricks-wiki/hacktricks-cloud/blob/45bcf7a7381a496d6dfd5b5d533681fff85c608d/src/pentesting-cloud/gcp-security/gcp-persistence/gcp-cloud-asset-inventory-persistence.md,Documented conditional persistence or retained access
gcp,cloudbuild.connections.setIamPolicy,critical,critical,https://github.com/HackTricks-wiki/hacktricks-cloud/blob/45bcf7a7381a496d6dfd5b5d533681fff85c608d/src/pentesting-cloud/gcp-security/gcp-privilege-escalation/gcp-cloudbuild-privesc.md,Existing direct escalation rule; separately review disclosure-only grants
gcp,clouddeploy.releases.create,high,medium,https://github.com/HackTricks-wiki/hacktricks-cloud/blob/45bcf7a7381a496d6dfd5b5d533681fff85c608d/src/pentesting-cloud/gcp-security/gcp-privilege-escalation/gcp-cloud-deploy-privesc.md,Documented escalation primitive requiring target context or other capabilities
gcp,clouddeploy.releases.get,high,low,https://github.com/HackTricks-wiki/hacktricks-cloud/blob/45bcf7a7381a496d6dfd5b5d533681fff85c608d/src/pentesting-cloud/gcp-security/gcp-post-exploitation/gcp-cloud-deploy-post-exploitation.md,Documented sensitive-data or credential access
gcp,clouddeploy.rollouts.create,high,medium,https://github.com/HackTricks-wiki/hacktricks-cloud/blob/45bcf7a7381a496d6dfd5b5d533681fff85c608d/src/pentesting-cloud/gcp-security/gcp-privilege-escalation/gcp-cloud-deploy-privesc.md,Documented escalation primitive requiring target context or other capabilities
gcp,cloudkms.autokeyConfigs.update,high,medium,https://github.com/HackTricks-wiki/hacktricks-cloud/blob/45bcf7a7381a496d6dfd5b5d533681fff85c608d/src/pentesting-cloud/gcp-security/gcp-privilege-escalation/gcp-kms-privesc.md,Documented escalation primitive requiring target context or other capabilities
gcp,cloudkms.cryptoKeyVersions.destroy,medium,high,https://github.com/HackTricks-wiki/hacktricks-cloud/blob/45bcf7a7381a496d6dfd5b5d533681fff85c608d/src/pentesting-cloud/gcp-security/gcp-post-exploitation/gcp-kms-post-exploitation.md,"Availability, integrity or telemetry impact without standalone sensitive access"
gcp,cloudkms.cryptoKeyVersions.restore,medium,medium,https://github.com/HackTricks-wiki/hacktricks-cloud/blob/45bcf7a7381a496d6dfd5b5d533681fff85c608d/src/pentesting-cloud/gcp-security/gcp-post-exploitation/gcp-kms-post-exploitation.md,"Availability, integrity, telemetry or operational impact; no direct sensitive access or escalation"
gcp,cloudkms.cryptoKeyVersions.update,high,medium,https://github.com/HackTricks-wiki/hacktricks-cloud/blob/45bcf7a7381a496d6dfd5b5d533681fff85c608d/src/pentesting-cloud/gcp-security/gcp-privilege-escalation/gcp-kms-privesc.md,Documented escalation primitive requiring target context or other capabilities
gcp,cloudkms.cryptoKeyVersions.useToDecapsulate,high,medium,https://github.com/HackTricks-wiki/hacktricks-cloud/blob/45bcf7a7381a496d6dfd5b5d533681fff85c608d/src/pentesting-cloud/gcp-security/gcp-post-exploitation/gcp-kms-post-exploitation.md,Documented sensitive-data or credential access
gcp,cloudkms.cryptoKeyVersions.useToDecrypt,high,critical,https://github.com/HackTricks-wiki/hacktricks-cloud/blob/45bcf7a7381a496d6dfd5b5d533681fff85c608d/src/pentesting-cloud/gcp-security/gcp-post-exploitation/gcp-dlp-post-exploitation.md,"Sensitive data, secret or plaintext access; no standalone privilege grant"
gcp,cloudkms.cryptoKeyVersions.useToDecryptViaDelegation,high,critical,https://github.com/HackTricks-wiki/hacktricks-cloud/blob/45bcf7a7381a496d6dfd5b5d533681fff85c608d/src/pentesting-cloud/gcp-security/gcp-privilege-escalation/gcp-kms-privesc.md,"Sensitive data, secret or plaintext access; no standalone privilege grant"
gcp,cloudkms.cryptoKeyVersions.useToEncryptViaDelegation,medium,medium,https://github.com/HackTricks-wiki/hacktricks-cloud/blob/45bcf7a7381a496d6dfd5b5d533681fff85c608d/src/pentesting-cloud/gcp-security/gcp-post-exploitation/gcp-kms-post-exploitation.md,"Availability, integrity or telemetry impact without standalone sensitive access"
gcp,cloudkms.cryptoKeyVersions.useToSign,high,medium,https://github.com/HackTricks-wiki/hacktricks-cloud/blob/45bcf7a7381a496d6dfd5b5d533681fff85c608d/src/pentesting-cloud/gcp-security/gcp-persistence/gcp-certificate-authority-service-persistence.md,Documented conditional persistence or retained access
gcp,cloudkms.cryptoKeys.setIamPolicy,critical,critical,https://github.com/HackTricks-wiki/hacktricks-cloud/blob/45bcf7a7381a496d6dfd5b5d533681fff85c608d/src/pentesting-cloud/gcp-security/gcp-persistence/gcp-certificate-authority-service-persistence.md,Existing direct escalation rule; separately review disclosure-only grants
gcp,cloudkms.cryptoKeys.update,medium,medium,https://github.com/HackTricks-wiki/hacktricks-cloud/blob/45bcf7a7381a496d6dfd5b5d533681fff85c608d/src/pentesting-cloud/gcp-security/gcp-post-exploitation/gcp-kms-post-exploitation.md,"Availability, integrity or telemetry impact without standalone sensitive access"
gcp,cloudkms.keyHandles.create,high,medium,https://github.com/HackTricks-wiki/hacktricks-cloud/blob/45bcf7a7381a496d6dfd5b5d533681fff85c608d/src/pentesting-cloud/gcp-security/gcp-privilege-escalation/gcp-kms-privesc.md,Documented escalation primitive requiring target context or other capabilities
gcp,cloudprivatecatalogproducer.products.update,high,medium,https://github.com/HackTricks-wiki/hacktricks-cloud/blob/45bcf7a7381a496d6dfd5b5d533681fff85c608d/src/pentesting-cloud/gcp-security/gcp-privilege-escalation/gcp-private-catalog-privesc.md,Documented escalation primitive requiring target context or other capabilities
gcp,cloudquotas.quotas.get,low,low,https://github.com/HackTricks-wiki/hacktricks-cloud/blob/45bcf7a7381a496d6dfd5b5d533681fff85c608d/src/pentesting-cloud/gcp-security/gcp-post-exploitation/gcp-cloud-quotas-post-exploitation.md,Discovery or prerequisite only; does not itself disclose protected content
gcp,cloudscheduler.jobs.create,high,medium,https://github.com/HackTricks-wiki/hacktricks-cloud/blob/45bcf7a7381a496d6dfd5b5d533681fff85c608d/src/pentesting-cloud/gcp-security/gcp-persistence/gcp-cloud-scheduler-persistence.md,Documented conditional persistence or retained access
gcp,cloudscheduler.jobs.delete,medium,medium,https://github.com/HackTricks-wiki/hacktricks-cloud/blob/45bcf7a7381a496d6dfd5b5d533681fff85c608d/src/pentesting-cloud/gcp-security/gcp-post-exploitation/gcp-cloud-scheduler-post-exploitation.md,"Availability or cleanup, not standalone escalation"
gcp,cloudscheduler.jobs.enable,medium,medium,https://github.com/HackTricks-wiki/hacktricks-cloud/blob/45bcf7a7381a496d6dfd5b5d533681fff85c608d/src/pentesting-cloud/gcp-security/gcp-post-exploitation/gcp-cloud-scheduler-post-exploitation.md,"Availability, integrity or telemetry impact without standalone sensitive access"
gcp,cloudscheduler.jobs.run,high,medium,https://github.com/HackTricks-wiki/hacktricks-cloud/blob/45bcf7a7381a496d6dfd5b5d533681fff85c608d/src/pentesting-cloud/gcp-security/gcp-privilege-escalation/gcp-cloudscheduler-privesc.md,Documented escalation primitive requiring target context or other capabilities
gcp,cloudscheduler.jobs.update,high,medium,https://github.com/HackTricks-wiki/hacktricks-cloud/blob/45bcf7a7381a496d6dfd5b5d533681fff85c608d/src/pentesting-cloud/gcp-security/gcp-persistence/gcp-cloud-scheduler-persistence.md,"Conditional access, interception, execution or security-boundary change"
gcp,cloudsecuritycompliance.frameworkDeployments.delete,medium,medium,https://github.com/HackTricks-wiki/hacktricks-cloud/blob/45bcf7a7381a496d6dfd5b5d533681fff85c608d/src/pentesting-cloud/gcp-security/gcp-post-exploitation/gcp-compliance-manager-post-exploitation.md,"Availability or cleanup, not standalone escalation"
gcp,cloudsecurityscanner.scans.create,medium,medium,https://github.com/HackTricks-wiki/hacktricks-cloud/blob/45bcf7a7381a496d6dfd5b5d533681fff85c608d/src/pentesting-cloud/gcp-security/gcp-post-exploitation/gcp-web-security-scanner-post-exploitation.md,"Availability, integrity, telemetry or operational impact; no direct sensitive access or escalation"
gcp,cloudsecurityscanner.scans.run,medium,medium,https://github.com/HackTricks-wiki/hacktricks-cloud/blob/45bcf7a7381a496d6dfd5b5d533681fff85c608d/src/pentesting-cloud/gcp-security/gcp-post-exploitation/gcp-web-security-scanner-post-exploitation.md,"Availability, integrity, telemetry or operational impact; no direct sensitive access or escalation"
gcp,cloudsql.backupRuns.delete,medium,medium,https://github.com/HackTricks-wiki/hacktricks-cloud/blob/45bcf7a7381a496d6dfd5b5d533681fff85c608d/src/pentesting-cloud/gcp-security/gcp-post-exploitation/gcp-cloud-sql-post-exploitation.md,"Availability or cleanup, not standalone escalation"
gcp,cloudsql.databases.delete,medium,medium,https://github.com/HackTricks-wiki/hacktricks-cloud/blob/45bcf7a7381a496d6dfd5b5d533681fff85c608d/src/pentesting-cloud/gcp-security/gcp-post-exploitation/gcp-cloud-sql-post-exploitation.md,"Availability or cleanup, not standalone escalation"
gcp,cloudsql.instances.delete,medium,medium,https://github.com/HackTricks-wiki/hacktricks-cloud/blob/45bcf7a7381a496d6dfd5b5d533681fff85c608d/src/pentesting-cloud/gcp-security/gcp-post-exploitation/gcp-cloud-sql-post-exploitation.md,"Availability or cleanup, not standalone escalation"
gcp,cloudsql.instances.import,medium,medium,https://github.com/HackTricks-wiki/hacktricks-cloud/blob/45bcf7a7381a496d6dfd5b5d533681fff85c608d/src/pentesting-cloud/gcp-security/gcp-post-exploitation/gcp-cloud-sql-post-exploitation.md,"Availability, integrity or telemetry impact without standalone sensitive access"
gcp,cloudsql.instances.resetSslConfig,high,medium,https://github.com/HackTricks-wiki/hacktricks-cloud/blob/45bcf7a7381a496d6dfd5b5d533681fff85c608d/src/pentesting-cloud/gcp-security/gcp-post-exploitation/gcp-cloud-sql-post-exploitation.md,"Conditional access, interception, execution or security-boundary change"
gcp,cloudsql.instances.stopReplica,medium,medium,https://github.com/HackTricks-wiki/hacktricks-cloud/blob/45bcf7a7381a496d6dfd5b5d533681fff85c608d/src/pentesting-cloud/gcp-security/gcp-post-exploitation/gcp-cloud-sql-post-exploitation.md,"Availability, integrity or telemetry impact without standalone sensitive access"
gcp,cloudsql.instances.update,high,medium,https://github.com/HackTricks-wiki/hacktricks-cloud/blob/45bcf7a7381a496d6dfd5b5d533681fff85c608d/src/pentesting-cloud/gcp-security/gcp-persistence/gcp-cloud-sql-persistence.md,Documented sensitive-data or credential access
gcp,cloudsql.sslCerts.create,high,medium,https://github.com/HackTricks-wiki/hacktricks-cloud/blob/45bcf7a7381a496d6dfd5b5d533681fff85c608d/src/pentesting-cloud/gcp-security/gcp-persistence/gcp-cloud-sql-persistence.md,Documented sensitive-data or credential access
gcp,cloudsql.users.update,critical,medium,https://github.com/HackTricks-wiki/hacktricks-cloud/blob/45bcf7a7381a496d6dfd5b5d533681fff85c608d/src/pentesting-cloud/gcp-security/gcp-persistence/gcp-cloud-sql-persistence.md,Existing direct administrator takeover or privileged execution; retain source-validated Critical severity
gcp,cloudsupport.techCases.list,high,low,https://github.com/HackTricks-wiki/hacktricks-cloud/blob/45bcf7a7381a496d6dfd5b5d533681fff85c608d/src/pentesting-cloud/gcp-security/gcp-post-exploitation/gcp-cloud-support-post-exploitation.md,Documented sensitive-data or credential access
gcp,cloudtasks.queues.create,high,medium,https://github.com/HackTricks-wiki/hacktricks-cloud/blob/45bcf7a7381a496d6dfd5b5d533681fff85c608d/src/pentesting-cloud/gcp-security/gcp-persistence/gcp-cloud-tasks-persistence.md,"Conditional access, interception, execution or security-boundary change"
gcp,cloudtasks.queues.setIamPolicy,critical,critical,https://github.com/HackTricks-wiki/hacktricks-cloud/blob/45bcf7a7381a496d6dfd5b5d533681fff85c608d/src/pentesting-cloud/gcp-security/gcp-privilege-escalation/gcp-cloudtasks-privesc.md,Existing direct escalation rule; separately review disclosure-only grants
gcp,cloudtasks.queues.update,high,medium,https://github.com/HackTricks-wiki/hacktricks-cloud/blob/45bcf7a7381a496d6dfd5b5d533681fff85c608d/src/pentesting-cloud/gcp-security/gcp-persistence/gcp-cloud-tasks-persistence.md,Documented conditional persistence or retained access
gcp,cloudtasks.tasks.create,high,medium,https://github.com/HackTricks-wiki/hacktricks-cloud/blob/45bcf7a7381a496d6dfd5b5d533681fff85c608d/src/pentesting-cloud/gcp-security/gcp-persistence/gcp-cloud-tasks-persistence.md,"Conditional access, interception, execution or security-boundary change"
gcp,cloudtasks.tasks.delete,medium,medium,https://github.com/HackTricks-wiki/hacktricks-cloud/blob/45bcf7a7381a496d6dfd5b5d533681fff85c608d/src/pentesting-cloud/gcp-security/gcp-post-exploitation/gcp-cloud-tasks-post-exploitation.md,"Availability or cleanup, not standalone escalation"
gcp,cloudtasks.tasks.run,high,medium,https://github.com/HackTricks-wiki/hacktricks-cloud/blob/45bcf7a7381a496d6dfd5b5d533681fff85c608d/src/pentesting-cloud/gcp-security/gcp-privilege-escalation/gcp-cloudtasks-privesc.md,Documented escalation primitive requiring target context or other capabilities
gcp,cloudtrace.traces.patch,medium,medium,https://github.com/HackTricks-wiki/hacktricks-cloud/blob/45bcf7a7381a496d6dfd5b5d533681fff85c608d/src/pentesting-cloud/gcp-security/gcp-post-exploitation/gcp-observability-post-exploitation.md,"Availability, integrity or telemetry impact without standalone sensitive access"
gcp,compute.addresses.use,high,medium,https://github.com/HackTricks-wiki/hacktricks-cloud/blob/45bcf7a7381a496d6dfd5b5d533681fff85c608d/src/pentesting-cloud/gcp-security/gcp-post-exploitation/gcp-compute-post-exploitation.md,"Conditional access, interception, execution or security-boundary change"
gcp,compute.backendBuckets.addSignedUrlKey,high,medium,https://github.com/HackTricks-wiki/hacktricks-cloud/blob/45bcf7a7381a496d6dfd5b5d533681fff85c608d/src/pentesting-cloud/gcp-security/gcp-post-exploitation/gcp-compute-post-exploitation.md,"Conditional access, interception, execution or security-boundary change"
gcp,compute.backendBuckets.update,medium,medium,https://github.com/HackTricks-wiki/hacktricks-cloud/blob/45bcf7a7381a496d6dfd5b5d533681fff85c608d/src/pentesting-cloud/gcp-security/gcp-post-exploitation/gcp-compute-post-exploitation.md,"Availability, integrity or telemetry impact without standalone sensitive access"
gcp,compute.backendServices.addSignedUrlKey,high,medium,https://github.com/HackTricks-wiki/hacktricks-cloud/blob/45bcf7a7381a496d6dfd5b5d533681fff85c608d/src/pentesting-cloud/gcp-security/gcp-post-exploitation/gcp-compute-post-exploitation.md,"Conditional access, interception, execution or security-boundary change"
gcp,compute.backendServices.create,high,medium,https://github.com/HackTricks-wiki/hacktricks-cloud/blob/45bcf7a7381a496d6dfd5b5d533681fff85c608d/src/pentesting-cloud/gcp-security/gcp-privilege-escalation/gcp-networkservices-privesc.md,Documented escalation primitive requiring target context or other capabilities
gcp,compute.backendServices.setSecurityPolicy,high,medium,https://github.com/HackTricks-wiki/hacktricks-cloud/blob/45bcf7a7381a496d6dfd5b5d533681fff85c608d/src/pentesting-cloud/gcp-security/gcp-post-exploitation/gcp-compute-post-exploitation.md,"Conditional access, interception, execution or security-boundary change"
gcp,compute.backendServices.update,high,medium,https://github.com/HackTricks-wiki/hacktricks-cloud/blob/45bcf7a7381a496d6dfd5b5d533681fff85c608d/src/pentesting-cloud/gcp-security/gcp-privilege-escalation/gcp-iap-privesc.md,Documented escalation primitive requiring target context or other capabilities
gcp,compute.backendServices.use,high,medium,https://github.com/HackTricks-wiki/hacktricks-cloud/blob/45bcf7a7381a496d6dfd5b5d533681fff85c608d/src/pentesting-cloud/gcp-security/gcp-post-exploitation/gcp-compute-post-exploitation.md,"Conditional access, interception, execution or security-boundary change"
gcp,compute.disks.create,medium,medium,https://github.com/HackTricks-wiki/hacktricks-cloud/blob/45bcf7a7381a496d6dfd5b5d533681fff85c608d/src/pentesting-cloud/gcp-security/gcp-privilege-escalation/gcp-compute-privesc/README.md,Existing validated permission prerequisite or operational control
gcp,compute.disks.createSnapshot,high,medium,https://github.com/HackTricks-wiki/hacktricks-cloud/blob/45bcf7a7381a496d6dfd5b5d533681fff85c608d/src/pentesting-cloud/gcp-security/gcp-privilege-escalation/gcp-compute-privesc/README.md,Documented escalation primitive requiring target context or other capabilities
gcp,compute.disks.setIamPolicy,critical,critical,https://github.com/HackTricks-wiki/hacktricks-cloud/blob/45bcf7a7381a496d6dfd5b5d533681fff85c608d/src/pentesting-cloud/gcp-security/gcp-privilege-escalation/gcp-compute-privesc/README.md,Existing direct escalation rule; separately review disclosure-only grants
gcp,compute.disks.useReadOnly,high,medium,https://github.com/HackTricks-wiki/hacktricks-cloud/blob/45bcf7a7381a496d6dfd5b5d533681fff85c608d/src/pentesting-cloud/gcp-security/gcp-persistence/gcp-compute-persistence.md,"Conditional access, interception, execution or security-boundary change"
gcp,compute.firewallPolicies.update,high,medium,https://github.com/HackTricks-wiki/hacktricks-cloud/blob/45bcf7a7381a496d6dfd5b5d533681fff85c608d/src/pentesting-cloud/gcp-security/gcp-post-exploitation/gcp-ids-post-exploitation.md,"Conditional access, interception, execution or security-boundary change"
gcp,compute.healthChecks.useReadOnly,medium,medium,https://github.com/HackTricks-wiki/hacktricks-cloud/blob/45bcf7a7381a496d6dfd5b5d533681fff85c608d/src/pentesting-cloud/gcp-security/gcp-post-exploitation/gcp-compute-post-exploitation.md,"Availability, integrity or telemetry impact without standalone sensitive access"
gcp,compute.images.create,high,medium,https://github.com/HackTricks-wiki/hacktricks-cloud/blob/45bcf7a7381a496d6dfd5b5d533681fff85c608d/src/pentesting-cloud/gcp-security/gcp-persistence/gcp-compute-persistence.md,"Conditional access, interception, execution or security-boundary change"
gcp,compute.images.useReadOnly,high,medium,https://github.com/HackTricks-wiki/hacktricks-cloud/blob/45bcf7a7381a496d6dfd5b5d533681fff85c608d/src/pentesting-cloud/gcp-security/gcp-persistence/gcp-compute-persistence.md,"Conditional access, interception, execution or security-boundary change"
gcp,compute.instanceGroupManagers.create,high,medium,https://github.com/HackTricks-wiki/hacktricks-cloud/blob/45bcf7a7381a496d6dfd5b5d533681fff85c608d/src/pentesting-cloud/gcp-security/gcp-privilege-escalation/gcp-compute-privesc/README.md,Documented escalation primitive requiring target context or other capabilities
gcp,compute.instanceGroupManagers.update,high,medium,https://github.com/HackTricks-wiki/hacktricks-cloud/blob/45bcf7a7381a496d6dfd5b5d533681fff85c608d/src/pentesting-cloud/gcp-security/gcp-persistence/gcp-compute-persistence.md,"Conditional access, interception, execution or security-boundary change"
gcp,compute.instanceTemplates.create,high,medium,https://github.com/HackTricks-wiki/hacktricks-cloud/blob/45bcf7a7381a496d6dfd5b5d533681fff85c608d/src/pentesting-cloud/gcp-security/gcp-persistence/gcp-compute-persistence.md,"Conditional access, interception, execution or security-boundary change"
gcp,compute.instanceTemplates.useReadOnly,high,medium,https://github.com/HackTricks-wiki/hacktricks-cloud/blob/45bcf7a7381a496d6dfd5b5d533681fff85c608d/src/pentesting-cloud/gcp-security/gcp-persistence/gcp-compute-persistence.md,"Conditional access, interception, execution or security-boundary change"
gcp,compute.instances.addAccessConfig,high,medium,https://github.com/HackTricks-wiki/hacktricks-cloud/blob/45bcf7a7381a496d6dfd5b5d533681fff85c608d/src/pentesting-cloud/gcp-security/gcp-post-exploitation/gcp-compute-post-exploitation.md,"Conditional access, interception, execution or security-boundary change"
gcp,compute.instances.attachDisk,high,medium,https://github.com/HackTricks-wiki/hacktricks-cloud/blob/45bcf7a7381a496d6dfd5b5d533681fff85c608d/src/pentesting-cloud/gcp-security/gcp-privilege-escalation/gcp-compute-privesc/README.md,Documented escalation primitive requiring target context or other capabilities
gcp,compute.instances.create,high,medium,https://github.com/HackTricks-wiki/hacktricks-cloud/blob/45bcf7a7381a496d6dfd5b5d533681fff85c608d/src/pentesting-cloud/gcp-security/gcp-privilege-escalation/gcp-compute-privesc/README.md,Documented escalation primitive requiring target context or other capabilities
gcp,compute.instances.createTagBinding,high,medium,https://github.com/HackTricks-wiki/hacktricks-cloud/blob/45bcf7a7381a496d6dfd5b5d533681fff85c608d/src/pentesting-cloud/gcp-security/gcp-privilege-escalation/gcp-resourcemanager-privesc.md,Documented escalation primitive requiring target context or other capabilities
gcp,compute.instances.getGuestAttributes,high,low,https://github.com/HackTricks-wiki/hacktricks-cloud/blob/45bcf7a7381a496d6dfd5b5d533681fff85c608d/src/pentesting-cloud/gcp-security/gcp-post-exploitation/gcp-compute-post-exploitation.md,Documented sensitive-data or credential access
gcp,compute.instances.setIamPolicy,critical,critical,https://github.com/HackTricks-wiki/hacktricks-cloud/blob/45bcf7a7381a496d6dfd5b5d533681fff85c608d/src/pentesting-cloud/gcp-security/gcp-privilege-escalation/gcp-compute-privesc/README.md,Existing direct escalation rule; separately review disclosure-only grants
gcp,compute.instances.start,medium,medium,https://github.com/HackTricks-wiki/hacktricks-cloud/blob/45bcf7a7381a496d6dfd5b5d533681fff85c608d/src/pentesting-cloud/gcp-security/gcp-post-exploitation/gcp-compute-post-exploitation.md,"Availability, integrity, telemetry or operational impact; no direct sensitive access or escalation"
gcp,compute.instances.stop,medium,medium,https://github.com/HackTricks-wiki/hacktricks-cloud/blob/45bcf7a7381a496d6dfd5b5d533681fff85c608d/src/pentesting-cloud/gcp-security/gcp-post-exploitation/gcp-compute-post-exploitation.md,"Availability, integrity, telemetry or operational impact; no direct sensitive access or escalation"
gcp,compute.instances.updateNetworkInterface,high,medium,https://github.com/HackTricks-wiki/hacktricks-cloud/blob/45bcf7a7381a496d6dfd5b5d533681fff85c608d/src/pentesting-cloud/gcp-security/gcp-post-exploitation/gcp-compute-post-exploitation.md,"Conditional access, interception, execution or security-boundary change"
gcp,compute.instances.updateSecurity,high,medium,https://github.com/HackTricks-wiki/hacktricks-cloud/blob/45bcf7a7381a496d6dfd5b5d533681fff85c608d/src/pentesting-cloud/gcp-security/gcp-post-exploitation/gcp-compute-post-exploitation.md,"Conditional access, interception, execution or security-boundary change"
gcp,compute.instances.updateShieldedInstanceConfig,high,medium,https://github.com/HackTricks-wiki/hacktricks-cloud/blob/45bcf7a7381a496d6dfd5b5d533681fff85c608d/src/pentesting-cloud/gcp-security/gcp-post-exploitation/gcp-compute-post-exploitation.md,"Conditional access, interception, execution or security-boundary change"
gcp,compute.machineImages.setIamPolicy,critical,critical,https://github.com/HackTricks-wiki/hacktricks-cloud/blob/45bcf7a7381a496d6dfd5b5d533681fff85c608d/src/pentesting-cloud/gcp-security/gcp-privilege-escalation/gcp-compute-privesc/README.md,Existing direct escalation rule; separately review disclosure-only grants
gcp,compute.machineImages.useReadOnly,high,medium,https://github.com/HackTricks-wiki/hacktricks-cloud/blob/45bcf7a7381a496d6dfd5b5d533681fff85c608d/src/pentesting-cloud/gcp-security/gcp-privilege-escalation/gcp-compute-privesc/README.md,Documented escalation primitive requiring target context or other capabilities
gcp,compute.networks.access,high,medium,https://github.com/HackTricks-wiki/hacktricks-cloud/blob/45bcf7a7381a496d6dfd5b5d533681fff85c608d/src/pentesting-cloud/gcp-security/gcp-post-exploitation/gcp-cloud-run-post-exploitation.md,"Conditional access, interception, execution or security-boundary change"
gcp,compute.networks.updatePolicy,high,medium,https://github.com/HackTricks-wiki/hacktricks-cloud/blob/45bcf7a7381a496d6dfd5b5d533681fff85c608d/src/pentesting-cloud/gcp-security/gcp-post-exploitation/gcp-compute-post-exploitation.md,"Conditional access, interception, execution or security-boundary change"
gcp,compute.networks.use,high,medium,https://github.com/HackTricks-wiki/hacktricks-cloud/blob/45bcf7a7381a496d6dfd5b5d533681fff85c608d/src/pentesting-cloud/gcp-security/gcp-post-exploitation/gcp-ids-post-exploitation.md,"Conditional access, interception, execution or security-boundary change"
gcp,compute.oslogin.updateExternalUser,high,medium,https://github.com/HackTricks-wiki/hacktricks-cloud/blob/45bcf7a7381a496d6dfd5b5d533681fff85c608d/src/pentesting-cloud/gcp-security/gcp-privilege-escalation/gcp-compute-privesc/README.md,Documented escalation primitive requiring target context or other capabilities
gcp,compute.packetMirrorings.create,high,medium,https://github.com/HackTricks-wiki/hacktricks-cloud/blob/45bcf7a7381a496d6dfd5b5d533681fff85c608d/src/pentesting-cloud/gcp-security/gcp-post-exploitation/gcp-compute-post-exploitation.md,"Conditional access, interception, execution or security-boundary change"
gcp,compute.recoverableSnapshots.setIamPolicy,critical,critical,https://github.com/HackTricks-wiki/hacktricks-cloud/blob/45bcf7a7381a496d6dfd5b5d533681fff85c608d/src/pentesting-cloud/gcp-security/gcp-privilege-escalation/gcp-compute-privesc/README.md,Existing direct escalation rule; separately review disclosure-only grants
gcp,compute.routers.create,high,medium,https://github.com/HackTricks-wiki/hacktricks-cloud/blob/45bcf7a7381a496d6dfd5b5d533681fff85c608d/src/pentesting-cloud/gcp-security/gcp-post-exploitation/gcp-compute-post-exploitation.md,"Conditional access, interception, execution or security-boundary change"
gcp,compute.routers.update,high,medium,https://github.com/HackTricks-wiki/hacktricks-cloud/blob/45bcf7a7381a496d6dfd5b5d533681fff85c608d/src/pentesting-cloud/gcp-security/gcp-post-exploitation/gcp-compute-post-exploitation.md,"Conditional access, interception, execution or security-boundary change"
gcp,compute.routes.create,high,medium,https://github.com/HackTricks-wiki/hacktricks-cloud/blob/45bcf7a7381a496d6dfd5b5d533681fff85c608d/src/pentesting-cloud/gcp-security/gcp-post-exploitation/gcp-compute-post-exploitation.md,"Conditional access, interception, execution or security-boundary change"
gcp,compute.securityPolicies.update,high,medium,https://github.com/HackTricks-wiki/hacktricks-cloud/blob/45bcf7a7381a496d6dfd5b5d533681fff85c608d/src/pentesting-cloud/gcp-security/gcp-post-exploitation/gcp-compute-post-exploitation.md,"Conditional access, interception, execution or security-boundary change"
gcp,compute.securityPolicies.use,high,medium,https://github.com/HackTricks-wiki/hacktricks-cloud/blob/45bcf7a7381a496d6dfd5b5d533681fff85c608d/src/pentesting-cloud/gcp-security/gcp-post-exploitation/gcp-compute-post-exploitation.md,"Conditional access, interception, execution or security-boundary change"
gcp,compute.snapshots.create,high,medium,https://github.com/HackTricks-wiki/hacktricks-cloud/blob/45bcf7a7381a496d6dfd5b5d533681fff85c608d/src/pentesting-cloud/gcp-security/gcp-privilege-escalation/gcp-compute-privesc/README.md,Documented escalation primitive requiring target context or other capabilities
gcp,compute.snapshots.setIamPolicy,critical,critical,https://github.com/HackTricks-wiki/hacktricks-cloud/blob/45bcf7a7381a496d6dfd5b5d533681fff85c608d/src/pentesting-cloud/gcp-security/gcp-privilege-escalation/gcp-compute-privesc/README.md,Existing direct escalation rule; separately review disclosure-only grants
gcp,compute.snapshots.useReadOnly,high,medium,https://github.com/HackTricks-wiki/hacktricks-cloud/blob/45bcf7a7381a496d6dfd5b5d533681fff85c608d/src/pentesting-cloud/gcp-security/gcp-persistence/gcp-compute-persistence.md,"Conditional access, interception, execution or security-boundary change"
gcp,compute.subnetworks.update,high,medium,https://github.com/HackTricks-wiki/hacktricks-cloud/blob/45bcf7a7381a496d6dfd5b5d533681fff85c608d/src/pentesting-cloud/gcp-security/gcp-post-exploitation/gcp-compute-post-exploitation.md,"Conditional access, interception, execution or security-boundary change"
gcp,compute.subnetworks.use,high,medium,https://github.com/HackTricks-wiki/hacktricks-cloud/blob/45bcf7a7381a496d6dfd5b5d533681fff85c608d/src/pentesting-cloud/gcp-security/gcp-post-exploitation/gcp-compute-post-exploitation.md,"Conditional access, interception, execution or security-boundary change"
gcp,compute.subnetworks.useExternalIp,high,medium,https://github.com/HackTricks-wiki/hacktricks-cloud/blob/45bcf7a7381a496d6dfd5b5d533681fff85c608d/src/pentesting-cloud/gcp-security/gcp-post-exploitation/gcp-compute-post-exploitation.md,"Conditional access, interception, execution or security-boundary change"
gcp,compute.targetHttpsProxies.update,high,medium,https://github.com/HackTricks-wiki/hacktricks-cloud/blob/45bcf7a7381a496d6dfd5b5d533681fff85c608d/src/pentesting-cloud/gcp-security/gcp-post-exploitation/gcp-certificate-manager-post-exploitation.md,"Conditional access, interception, execution or security-boundary change"
gcp,compute.targetSslProxies.update,high,medium,https://github.com/HackTricks-wiki/hacktricks-cloud/blob/45bcf7a7381a496d6dfd5b5d533681fff85c608d/src/pentesting-cloud/gcp-security/gcp-post-exploitation/gcp-certificate-manager-post-exploitation.md,"Conditional access, interception, execution or security-boundary change"
gcp,compute.urlMaps.update,high,medium,https://github.com/HackTricks-wiki/hacktricks-cloud/blob/45bcf7a7381a496d6dfd5b5d533681fff85c608d/src/pentesting-cloud/gcp-security/gcp-post-exploitation/gcp-compute-post-exploitation.md,"Conditional access, interception, execution or security-boundary change"
gcp,config.deployments.create,high,medium,https://github.com/HackTricks-wiki/hacktricks-cloud/blob/45bcf7a7381a496d6dfd5b5d533681fff85c608d/src/pentesting-cloud/gcp-security/gcp-privilege-escalation/gcp-infra-manager-privesc.md,Documented escalation primitive requiring target context or other capabilities
gcp,configdelivery.fleetPackages.update,high,medium,https://github.com/HackTricks-wiki/hacktricks-cloud/blob/45bcf7a7381a496d6dfd5b5d533681fff85c608d/src/pentesting-cloud/gcp-security/gcp-privilege-escalation/gcp-config-delivery-privesc.md,Documented escalation primitive requiring target context or other capabilities
gcp,connectors.actions.execute,high,medium,https://github.com/HackTricks-wiki/hacktricks-cloud/blob/45bcf7a7381a496d6dfd5b5d533681fff85c608d/src/pentesting-cloud/gcp-security/gcp-post-exploitation/gcp-integration-connectors-post-exploitation.md,Documented sensitive-data or credential access
gcp,connectors.connections.executeSqlQuery,high,medium,https://github.com/HackTricks-wiki/hacktricks-cloud/blob/45bcf7a7381a496d6dfd5b5d533681fff85c608d/src/pentesting-cloud/gcp-security/gcp-post-exploitation/gcp-integration-connectors-post-exploitation.md,Documented sensitive-data or credential access
gcp,connectors.connections.setIamPolicy,critical,critical,https://github.com/HackTricks-wiki/hacktricks-cloud/blob/45bcf7a7381a496d6dfd5b5d533681fff85c608d/src/pentesting-cloud/gcp-security/gcp-privilege-escalation/gcp-integration-connectors-privesc.md,Existing direct escalation rule; separately review disclosure-only grants
gcp,contactcenterinsights.conversations.generateSignedAudio,high,medium,https://github.com/HackTricks-wiki/hacktricks-cloud/blob/45bcf7a7381a496d6dfd5b5d533681fff85c608d/src/pentesting-cloud/gcp-security/gcp-post-exploitation/gcp-contact-center-insights-post-exploitation.md,Documented sensitive-data or credential access
gcp,container.clusterRoles.bind,critical,medium,https://github.com/HackTricks-wiki/hacktricks-cloud/blob/45bcf7a7381a496d6dfd5b5d533681fff85c608d/src/pentesting-cloud/gcp-security/gcp-privilege-escalation/gcp-container-privesc.md,"Direct privilege grant, identity takeover or near-self-sufficient privileged execution documented by the source"
gcp,container.clusterRoles.escalate,critical,medium,https://github.com/HackTricks-wiki/hacktricks-cloud/blob/45bcf7a7381a496d6dfd5b5d533681fff85c608d/src/pentesting-cloud/gcp-security/gcp-privilege-escalation/gcp-container-privesc.md,"Direct privilege grant, identity takeover or near-self-sufficient privileged execution documented by the source"
gcp,container.clusters.create,high,medium,https://github.com/HackTricks-wiki/hacktricks-cloud/blob/45bcf7a7381a496d6dfd5b5d533681fff85c608d/src/pentesting-cloud/gcp-security/gcp-privilege-escalation/gcp-container-privesc.md,Documented escalation primitive requiring target context or other capabilities
gcp,container.clusters.impersonate,critical,medium,https://github.com/HackTricks-wiki/hacktricks-cloud/blob/45bcf7a7381a496d6dfd5b5d533681fff85c608d/src/pentesting-cloud/gcp-security/gcp-privilege-escalation/gcp-container-privesc.md,"Direct privilege grant, identity takeover or near-self-sufficient privileged execution documented by the source"
gcp,container.clusters.update,high,medium,https://github.com/HackTricks-wiki/hacktricks-cloud/blob/45bcf7a7381a496d6dfd5b5d533681fff85c608d/src/pentesting-cloud/gcp-security/gcp-privilege-escalation/gcp-container-privesc.md,Documented escalation primitive requiring target context or other capabilities
gcp,container.mutatingWebhookConfigurations.create,high,medium,https://github.com/HackTricks-wiki/hacktricks-cloud/blob/45bcf7a7381a496d6dfd5b5d533681fff85c608d/src/pentesting-cloud/gcp-security/gcp-privilege-escalation/gcp-container-privesc.md,Documented escalation primitive requiring target context or other capabilities
gcp,container.mutatingWebhookConfigurations.update,high,medium,https://github.com/HackTricks-wiki/hacktricks-cloud/blob/45bcf7a7381a496d6dfd5b5d533681fff85c608d/src/pentesting-cloud/gcp-security/gcp-privilege-escalation/gcp-container-privesc.md,Documented escalation primitive requiring target context or other capabilities
gcp,container.pods.create,high,medium,https://github.com/HackTricks-wiki/hacktricks-cloud/blob/45bcf7a7381a496d6dfd5b5d533681fff85c608d/src/pentesting-cloud/gcp-security/gcp-privilege-escalation/gcp-container-privesc.md,Documented escalation primitive requiring target context or other capabilities
gcp,container.pods.update,high,medium,https://github.com/HackTricks-wiki/hacktricks-cloud/blob/45bcf7a7381a496d6dfd5b5d533681fff85c608d/src/pentesting-cloud/gcp-security/gcp-privilege-escalation/gcp-container-privesc.md,Documented escalation primitive requiring target context or other capabilities
gcp,container.roles.bind,critical,medium,https://github.com/HackTricks-wiki/hacktricks-cloud/blob/45bcf7a7381a496d6dfd5b5d533681fff85c608d/src/pentesting-cloud/gcp-security/gcp-privilege-escalation/gcp-container-privesc.md,"Direct privilege grant, identity takeover or near-self-sufficient privileged execution documented by the source"
gcp,container.roles.escalate,critical,medium,https://github.com/HackTricks-wiki/hacktricks-cloud/blob/45bcf7a7381a496d6dfd5b5d533681fff85c608d/src/pentesting-cloud/gcp-security/gcp-privilege-escalation/gcp-container-privesc.md,"Direct privilege grant, identity takeover or near-self-sufficient privileged execution documented by the source"
gcp,container.secrets.get,high,critical,https://github.com/HackTricks-wiki/hacktricks-cloud/blob/45bcf7a7381a496d6dfd5b5d533681fff85c608d/src/pentesting-cloud/gcp-security/gcp-privilege-escalation/gcp-container-privesc.md,"Sensitive data, secret or plaintext access; no standalone privilege grant"
gcp,container.secrets.list,high,critical,https://github.com/HackTricks-wiki/hacktricks-cloud/blob/45bcf7a7381a496d6dfd5b5d533681fff85c608d/src/pentesting-cloud/gcp-security/gcp-privilege-escalation/gcp-container-privesc.md,"Sensitive data, secret or plaintext access; no standalone privilege grant"
gcp,containeranalysis.notes.attachOccurrence,high,medium,https://github.com/HackTricks-wiki/hacktricks-cloud/blob/45bcf7a7381a496d6dfd5b5d533681fff85c608d/src/pentesting-cloud/gcp-security/gcp-post-exploitation/gcp-binary-authorization-post-exploitation.md,"Conditional access, interception, execution or security-boundary change"
gcp,containeranalysis.notes.setIamPolicy,critical,critical,https://github.com/HackTricks-wiki/hacktricks-cloud/blob/45bcf7a7381a496d6dfd5b5d533681fff85c608d/src/pentesting-cloud/gcp-security/gcp-persistence/gcp-container-analysis-persistence.md,Existing direct escalation rule; separately review disclosure-only grants
gcp,containeranalysis.occurrences.create,high,medium,https://github.com/HackTricks-wiki/hacktricks-cloud/blob/45bcf7a7381a496d6dfd5b5d533681fff85c608d/src/pentesting-cloud/gcp-security/gcp-post-exploitation/gcp-binary-authorization-post-exploitation.md,"Conditional access, interception, execution or security-boundary change"
gcp,containeranalysis.occurrences.list,low,low,https://github.com/HackTricks-wiki/hacktricks-cloud/blob/45bcf7a7381a496d6dfd5b5d533681fff85c608d/src/pentesting-cloud/gcp-security/gcp-post-exploitation/gcp-container-analysis-post-exploitation.md,Discovery or prerequisite only; does not itself disclose protected content
gcp,datacatalog.categories.setIamPolicy,critical,critical,https://github.com/HackTricks-wiki/hacktricks-cloud/blob/45bcf7a7381a496d6dfd5b5d533681fff85c608d/src/pentesting-cloud/gcp-security/gcp-privilege-escalation/gcp-bigquery-privesc.md,Existing direct escalation rule; separately review disclosure-only grants
gcp,datacatalog.taxonomies.setIamPolicy,critical,critical,https://github.com/HackTricks-wiki/hacktricks-cloud/blob/45bcf7a7381a496d6dfd5b5d533681fff85c608d/src/pentesting-cloud/gcp-security/gcp-privilege-escalation/gcp-bigquery-privesc.md,Existing direct escalation rule; separately review disclosure-only grants
gcp,datacatalog.taxonomies.update,high,medium,https://github.com/HackTricks-wiki/hacktricks-cloud/blob/45bcf7a7381a496d6dfd5b5d533681fff85c608d/src/pentesting-cloud/gcp-security/gcp-privilege-escalation/gcp-bigquery-privesc.md,Documented escalation primitive requiring target context or other capabilities
gcp,dataform.compilationResults.create,high,medium,https://github.com/HackTricks-wiki/hacktricks-cloud/blob/45bcf7a7381a496d6dfd5b5d533681fff85c608d/src/pentesting-cloud/gcp-security/gcp-privilege-escalation/gcp-dataform-privesc.md,Documented escalation primitive requiring target context or other capabilities
gcp,dataform.repositories.create,high,medium,https://github.com/HackTricks-wiki/hacktricks-cloud/blob/45bcf7a7381a496d6dfd5b5d533681fff85c608d/src/pentesting-cloud/gcp-security/gcp-privilege-escalation/gcp-dataform-privesc.md,Documented escalation primitive requiring target context or other capabilities
gcp,dataform.workflowInvocations.create,high,medium,https://github.com/HackTricks-wiki/hacktricks-cloud/blob/45bcf7a7381a496d6dfd5b5d533681fff85c608d/src/pentesting-cloud/gcp-security/gcp-privilege-escalation/gcp-dataform-privesc.md,Documented escalation primitive requiring target context or other capabilities
gcp,dataform.workspaces.create,high,medium,https://github.com/HackTricks-wiki/hacktricks-cloud/blob/45bcf7a7381a496d6dfd5b5d533681fff85c608d/src/pentesting-cloud/gcp-security/gcp-privilege-escalation/gcp-dataform-privesc.md,Documented escalation primitive requiring target context or other capabilities
gcp,dataform.workspaces.writeFile,high,medium,https://github.com/HackTricks-wiki/hacktricks-cloud/blob/45bcf7a7381a496d6dfd5b5d533681fff85c608d/src/pentesting-cloud/gcp-security/gcp-privilege-escalation/gcp-dataform-privesc.md,Documented escalation primitive requiring target context or other capabilities
gcp,datafusion.artifacts.create,high,medium,https://github.com/HackTricks-wiki/hacktricks-cloud/blob/45bcf7a7381a496d6dfd5b5d533681fff85c608d/src/pentesting-cloud/gcp-security/gcp-persistence/gcp-data-fusion-persistence.md,Documented conditional persistence or retained access
gcp,datafusion.artifacts.update,high,medium,https://github.com/HackTricks-wiki/hacktricks-cloud/blob/45bcf7a7381a496d6dfd5b5d533681fff85c608d/src/pentesting-cloud/gcp-security/gcp-privilege-escalation/gcp-data-fusion-privesc.md,Documented escalation primitive requiring target context or other capabilities
gcp,datafusion.instances.setIamPolicy,critical,critical,https://github.com/HackTricks-wiki/hacktricks-cloud/blob/45bcf7a7381a496d6dfd5b5d533681fff85c608d/src/pentesting-cloud/gcp-security/gcp-persistence/gcp-data-fusion-persistence.md,Existing direct escalation rule; separately review disclosure-only grants
gcp,datafusion.namespaces.setIamPolicy,critical,critical,https://github.com/HackTricks-wiki/hacktricks-cloud/blob/45bcf7a7381a496d6dfd5b5d533681fff85c608d/src/pentesting-cloud/gcp-security/gcp-privilege-escalation/gcp-data-fusion-privesc.md,Existing direct escalation rule; separately review disclosure-only grants
gcp,datafusion.pipelineConnections.use,high,medium,https://github.com/HackTricks-wiki/hacktricks-cloud/blob/45bcf7a7381a496d6dfd5b5d533681fff85c608d/src/pentesting-cloud/gcp-security/gcp-privilege-escalation/gcp-data-fusion-privesc.md,Documented escalation primitive requiring target context or other capabilities
gcp,datafusion.pipelines.create,high,medium,https://github.com/HackTricks-wiki/hacktricks-cloud/blob/45bcf7a7381a496d6dfd5b5d533681fff85c608d/src/pentesting-cloud/gcp-security/gcp-privilege-escalation/gcp-data-fusion-privesc.md,Documented escalation primitive requiring target context or other capabilities
gcp,datafusion.pipelines.execute,high,medium,https://github.com/HackTricks-wiki/hacktricks-cloud/blob/45bcf7a7381a496d6dfd5b5d533681fff85c608d/src/pentesting-cloud/gcp-security/gcp-privilege-escalation/gcp-data-fusion-privesc.md,Documented escalation primitive requiring target context or other capabilities
gcp,datafusion.secureKeys.getSecret,high,medium,https://github.com/HackTricks-wiki/hacktricks-cloud/blob/45bcf7a7381a496d6dfd5b5d533681fff85c608d/src/pentesting-cloud/gcp-security/gcp-post-exploitation/gcp-data-fusion-post-exploitation.md,Documented sensitive-data or credential access
gcp,datapipelines.pipelines.create,high,medium,https://github.com/HackTricks-wiki/hacktricks-cloud/blob/45bcf7a7381a496d6dfd5b5d533681fff85c608d/src/pentesting-cloud/gcp-security/gcp-persistence/gcp-dataflow-persistence.md,Documented conditional persistence or retained access
gcp,dataplex.assets.setIamPolicy,critical,critical,https://github.com/HackTricks-wiki/hacktricks-cloud/blob/45bcf7a7381a496d6dfd5b5d533681fff85c608d/src/pentesting-cloud/gcp-security/gcp-privilege-escalation/gcp-dataplex-privesc.md,Existing direct escalation rule; separately review disclosure-only grants
gcp,dataplex.lakes.setIamPolicy,critical,critical,https://github.com/HackTricks-wiki/hacktricks-cloud/blob/45bcf7a7381a496d6dfd5b5d533681fff85c608d/src/pentesting-cloud/gcp-security/gcp-privilege-escalation/gcp-dataplex-privesc.md,Existing direct escalation rule; separately review disclosure-only grants
gcp,dataplex.tasks.create,high,medium,https://github.com/HackTricks-wiki/hacktricks-cloud/blob/45bcf7a7381a496d6dfd5b5d533681fff85c608d/src/pentesting-cloud/gcp-security/gcp-privilege-escalation/gcp-dataplex-privesc.md,Documented escalation primitive requiring target context or other capabilities
gcp,dataplex.zones.setIamPolicy,critical,critical,https://github.com/HackTricks-wiki/hacktricks-cloud/blob/45bcf7a7381a496d6dfd5b5d533681fff85c608d/src/pentesting-cloud/gcp-security/gcp-privilege-escalation/gcp-dataplex-privesc.md,Existing direct escalation rule; separately review disclosure-only grants
gcp,dataproc.batches.create,high,medium,https://github.com/HackTricks-wiki/hacktricks-cloud/blob/45bcf7a7381a496d6dfd5b5d533681fff85c608d/src/pentesting-cloud/gcp-security/gcp-privilege-escalation/gcp-dataproc-privesc.md,Documented escalation primitive requiring target context or other capabilities
gcp,dataproc.clusters.create,high,medium,https://github.com/HackTricks-wiki/hacktricks-cloud/blob/45bcf7a7381a496d6dfd5b5d533681fff85c608d/src/pentesting-cloud/gcp-security/gcp-privilege-escalation/gcp-dataproc-privesc.md,Documented escalation primitive requiring target context or other capabilities
gcp,dataproc.clusters.setIamPolicy,critical,critical,https://github.com/HackTricks-wiki/hacktricks-cloud/blob/45bcf7a7381a496d6dfd5b5d533681fff85c608d/src/pentesting-cloud/gcp-security/gcp-privilege-escalation/gcp-dataproc-privesc.md,Existing direct escalation rule; separately review disclosure-only grants
gcp,dataproc.sessionTemplates.create,high,medium,https://github.com/HackTricks-wiki/hacktricks-cloud/blob/45bcf7a7381a496d6dfd5b5d533681fff85c608d/src/pentesting-cloud/gcp-security/gcp-privilege-escalation/gcp-dataproc-privesc.md,Documented escalation primitive requiring target context or other capabilities
gcp,dataproc.sessions.create,high,medium,https://github.com/HackTricks-wiki/hacktricks-cloud/blob/45bcf7a7381a496d6dfd5b5d533681fff85c608d/src/pentesting-cloud/gcp-security/gcp-privilege-escalation/gcp-dataproc-privesc.md,Documented escalation primitive requiring target context or other capabilities
gcp,dataproc.workflowTemplates.create,high,medium,https://github.com/HackTricks-wiki/hacktricks-cloud/blob/45bcf7a7381a496d6dfd5b5d533681fff85c608d/src/pentesting-cloud/gcp-security/gcp-privilege-escalation/gcp-dataproc-privesc.md,Documented escalation primitive requiring target context or other capabilities
gcp,datastore.databases.delete,medium,medium,https://github.com/HackTricks-wiki/hacktricks-cloud/blob/45bcf7a7381a496d6dfd5b5d533681fff85c608d/src/pentesting-cloud/gcp-security/gcp-post-exploitation/gcp-firestore-post-exploitation.md,"Availability or cleanup, not standalone escalation"
gcp,datastore.databases.export,high,medium,https://github.com/HackTricks-wiki/hacktricks-cloud/blob/45bcf7a7381a496d6dfd5b5d533681fff85c608d/src/pentesting-cloud/gcp-security/gcp-post-exploitation/gcp-firestore-post-exploitation.md,Documented sensitive-data or credential access
gcp,datastore.databases.import,medium,medium,https://github.com/HackTricks-wiki/hacktricks-cloud/blob/45bcf7a7381a496d6dfd5b5d533681fff85c608d/src/pentesting-cloud/gcp-security/gcp-post-exploitation/gcp-firestore-post-exploitation.md,"Availability, integrity or telemetry impact without standalone sensitive access"
gcp,datastore.databases.update,medium,medium,https://github.com/HackTricks-wiki/hacktricks-cloud/blob/45bcf7a7381a496d6dfd5b5d533681fff85c608d/src/pentesting-cloud/gcp-security/gcp-post-exploitation/gcp-firestore-post-exploitation.md,"Availability, integrity or telemetry impact without standalone sensitive access"
gcp,datastore.userCreds.create,high,medium,https://github.com/HackTricks-wiki/hacktricks-cloud/blob/45bcf7a7381a496d6dfd5b5d533681fff85c608d/src/pentesting-cloud/gcp-security/gcp-persistence/gcp-firestore-persistence.md,Documented conditional persistence or retained access
gcp,datastore.userCreds.update,high,medium,https://github.com/HackTricks-wiki/hacktricks-cloud/blob/45bcf7a7381a496d6dfd5b5d533681fff85c608d/src/pentesting-cloud/gcp-security/gcp-persistence/gcp-firestore-persistence.md,Documented conditional persistence or retained access
gcp,datastream.connectionProfiles.create,high,medium,https://github.com/HackTricks-wiki/hacktricks-cloud/blob/45bcf7a7381a496d6dfd5b5d533681fff85c608d/src/pentesting-cloud/gcp-security/gcp-persistence/gcp-datastream-persistence.md,Documented sensitive-data or credential access
gcp,datastream.objects.startBackfillJob,high,medium,https://github.com/HackTricks-wiki/hacktricks-cloud/blob/45bcf7a7381a496d6dfd5b5d533681fff85c608d/src/pentesting-cloud/gcp-security/gcp-post-exploitation/gcp-datastream-post-exploitation.md,Documented sensitive-data or credential access
gcp,datastream.privateConnections.create,high,medium,https://github.com/HackTricks-wiki/hacktricks-cloud/blob/45bcf7a7381a496d6dfd5b5d533681fff85c608d/src/pentesting-cloud/gcp-security/gcp-persistence/gcp-datastream-persistence.md,Documented conditional persistence or retained access
gcp,datastream.routes.create,high,medium,https://github.com/HackTricks-wiki/hacktricks-cloud/blob/45bcf7a7381a496d6dfd5b5d533681fff85c608d/src/pentesting-cloud/gcp-security/gcp-persistence/gcp-datastream-persistence.md,Documented conditional persistence or retained access
gcp,datastream.streams.create,high,medium,https://github.com/HackTricks-wiki/hacktricks-cloud/blob/45bcf7a7381a496d6dfd5b5d533681fff85c608d/src/pentesting-cloud/gcp-security/gcp-persistence/gcp-datastream-persistence.md,Documented sensitive-data or credential access
gcp,datastream.streams.update,high,medium,https://github.com/HackTricks-wiki/hacktricks-cloud/blob/45bcf7a7381a496d6dfd5b5d533681fff85c608d/src/pentesting-cloud/gcp-security/gcp-persistence/gcp-datastream-persistence.md,Documented sensitive-data or credential access
gcp,deploymentmanager.deployments.create,critical,medium,https://github.com/HackTricks-wiki/hacktricks-cloud/blob/45bcf7a7381a496d6dfd5b5d533681fff85c608d/src/pentesting-cloud/gcp-security/gcp-privilege-escalation/gcp-deploymentmaneger-privesc.md,Existing direct administrator takeover or privileged execution; retain source-validated Critical severity
gcp,deploymentmanager.deployments.setIamPolicy,critical,critical,https://github.com/HackTricks-wiki/hacktricks-cloud/blob/45bcf7a7381a496d6dfd5b5d533681fff85c608d/src/pentesting-cloud/gcp-security/gcp-privilege-escalation/gcp-deploymentmaneger-privesc.md,Existing direct escalation rule; separately review disclosure-only grants
gcp,deploymentmanager.deployments.update,critical,medium,https://github.com/HackTricks-wiki/hacktricks-cloud/blob/45bcf7a7381a496d6dfd5b5d533681fff85c608d/src/pentesting-cloud/gcp-security/gcp-privilege-escalation/gcp-deploymentmaneger-privesc.md,Existing direct administrator takeover or privileged execution; retain source-validated Critical severity
gcp,deploymentmanager.manifests.get,high,low,https://github.com/HackTricks-wiki/hacktricks-cloud/blob/45bcf7a7381a496d6dfd5b5d533681fff85c608d/src/pentesting-cloud/gcp-security/gcp-post-exploitation/gcp-deployment-manager-post-exploitation.md,Documented sensitive-data or credential access
gcp,developerconnect.gitRepositoryLinks.fetchReadToken,high,medium,https://github.com/HackTricks-wiki/hacktricks-cloud/blob/45bcf7a7381a496d6dfd5b5d533681fff85c608d/src/pentesting-cloud/gcp-security/gcp-post-exploitation/gcp-developer-connect-post-exploitation.md,Documented sensitive-data or credential access
gcp,developerconnect.gitRepositoryLinks.fetchReadWriteToken,high,medium,https://github.com/HackTricks-wiki/hacktricks-cloud/blob/45bcf7a7381a496d6dfd5b5d533681fff85c608d/src/pentesting-cloud/gcp-security/gcp-post-exploitation/gcp-developer-connect-post-exploitation.md,Documented sensitive-data or credential access
gcp,developerconnect.users.fetchAccessToken,medium,medium,https://github.com/HackTricks-wiki/hacktricks-cloud/blob/45bcf7a7381a496d6dfd5b5d533681fff85c608d/src/pentesting-cloud/gcp-security/gcp-post-exploitation/gcp-developer-connect-post-exploitation.md,Existing validated permission prerequisite or operational control
gcp,dialogflow.webhooks.update,high,medium,https://github.com/HackTricks-wiki/hacktricks-cloud/blob/45bcf7a7381a496d6dfd5b5d533681fff85c608d/src/pentesting-cloud/gcp-security/gcp-post-exploitation/gcp-dialogflow-post-exploitation.md,"Conditional access, interception, execution or security-boundary change"
gcp,discoveryengine.collections.setIamPolicy,critical,critical,https://github.com/HackTricks-wiki/hacktricks-cloud/blob/45bcf7a7381a496d6dfd5b5d533681fff85c608d/src/pentesting-cloud/gcp-security/gcp-persistence/gcp-discovery-engine-persistence.md,Existing direct escalation rule; separately review disclosure-only grants
gcp,discoveryengine.dataStores.setIamPolicy,critical,critical,https://github.com/HackTricks-wiki/hacktricks-cloud/blob/45bcf7a7381a496d6dfd5b5d533681fff85c608d/src/pentesting-cloud/gcp-security/gcp-persistence/gcp-discovery-engine-persistence.md,Existing direct escalation rule; separately review disclosure-only grants
gcp,discoveryengine.engines.setIamPolicy,critical,critical,https://github.com/HackTricks-wiki/hacktricks-cloud/blob/45bcf7a7381a496d6dfd5b5d533681fff85c608d/src/pentesting-cloud/gcp-security/gcp-persistence/gcp-discovery-engine-persistence.md,Existing direct escalation rule; separately review disclosure-only grants
gcp,discoveryengine.identityMappingStores.importIdentityMappings,high,medium,https://github.com/HackTricks-wiki/hacktricks-cloud/blob/45bcf7a7381a496d6dfd5b5d533681fff85c608d/src/pentesting-cloud/gcp-security/gcp-privilege-escalation/gcp-discovery-engine-privesc.md,Documented escalation primitive requiring target context or other capabilities
gcp,dlp.contentPolicies.update,high,medium,https://github.com/HackTricks-wiki/hacktricks-cloud/blob/45bcf7a7381a496d6dfd5b5d533681fff85c608d/src/pentesting-cloud/gcp-security/gcp-post-exploitation/gcp-dlp-post-exploitation.md,"Conditional access, interception, execution or security-boundary change"
gcp,dlp.deidentifyTemplates.get,high,low,https://github.com/HackTricks-wiki/hacktricks-cloud/blob/45bcf7a7381a496d6dfd5b5d533681fff85c608d/src/pentesting-cloud/gcp-security/gcp-post-exploitation/gcp-dlp-post-exploitation.md,Documented sensitive-data or credential access
gcp,dlp.deidentifyTemplates.update,high,medium,https://github.com/HackTricks-wiki/hacktricks-cloud/blob/45bcf7a7381a496d6dfd5b5d533681fff85c608d/src/pentesting-cloud/gcp-security/gcp-post-exploitation/gcp-dlp-post-exploitation.md,"Conditional access, interception, execution or security-boundary change"
gcp,dlp.inspectTemplates.update,medium,medium,https://github.com/HackTricks-wiki/hacktricks-cloud/blob/45bcf7a7381a496d6dfd5b5d533681fff85c608d/src/pentesting-cloud/gcp-security/gcp-post-exploitation/gcp-dlp-post-exploitation.md,"Availability, integrity or telemetry impact without standalone sensitive access"
gcp,dlp.jobTriggers.create,high,medium,https://github.com/HackTricks-wiki/hacktricks-cloud/blob/45bcf7a7381a496d6dfd5b5d533681fff85c608d/src/pentesting-cloud/gcp-security/gcp-persistence/gcp-dlp-persistence.md,Documented conditional persistence or retained access
gcp,dlp.jobs.create,high,medium,https://github.com/HackTricks-wiki/hacktricks-cloud/blob/45bcf7a7381a496d6dfd5b5d533681fff85c608d/src/pentesting-cloud/gcp-security/gcp-persistence/gcp-dlp-persistence.md,Documented conditional persistence or retained access
gcp,dns.gkeClusters.bindDNSResponsePolicy,high,medium,https://github.com/HackTricks-wiki/hacktricks-cloud/blob/45bcf7a7381a496d6dfd5b5d533681fff85c608d/src/pentesting-cloud/gcp-security/gcp-post-exploitation/gcp-cloud-dns-post-exploitation.md,"Conditional access, interception, execution or security-boundary change"
gcp,dns.gkeClusters.bindPrivateDNSZone,high,medium,https://github.com/HackTricks-wiki/hacktricks-cloud/blob/45bcf7a7381a496d6dfd5b5d533681fff85c608d/src/pentesting-cloud/gcp-security/gcp-post-exploitation/gcp-cloud-dns-post-exploitation.md,"Conditional access, interception, execution or security-boundary change"
gcp,dns.managedZones.create,high,medium,https://github.com/HackTricks-wiki/hacktricks-cloud/blob/45bcf7a7381a496d6dfd5b5d533681fff85c608d/src/pentesting-cloud/gcp-security/gcp-post-exploitation/gcp-cloud-dns-post-exploitation.md,"Conditional access, interception, execution or security-boundary change"
gcp,dns.managedZones.update,medium,medium,https://github.com/HackTricks-wiki/hacktricks-cloud/blob/45bcf7a7381a496d6dfd5b5d533681fff85c608d/src/pentesting-cloud/gcp-security/gcp-post-exploitation/gcp-cloud-dns-post-exploitation.md,"Availability, integrity or telemetry impact without standalone sensitive access"
gcp,dns.networks.bindDNSResponsePolicy,high,medium,https://github.com/HackTricks-wiki/hacktricks-cloud/blob/45bcf7a7381a496d6dfd5b5d533681fff85c608d/src/pentesting-cloud/gcp-security/gcp-post-exploitation/gcp-cloud-dns-post-exploitation.md,"Conditional access, interception, execution or security-boundary change"
gcp,dns.networks.bindPrivateDNSPolicy,high,medium,https://github.com/HackTricks-wiki/hacktricks-cloud/blob/45bcf7a7381a496d6dfd5b5d533681fff85c608d/src/pentesting-cloud/gcp-security/gcp-post-exploitation/gcp-cloud-dns-post-exploitation.md,"Conditional access, interception, execution or security-boundary change"
gcp,dns.networks.bindPrivateDNSZone,high,medium,https://github.com/HackTricks-wiki/hacktricks-cloud/blob/45bcf7a7381a496d6dfd5b5d533681fff85c608d/src/pentesting-cloud/gcp-security/gcp-post-exploitation/gcp-cloud-dns-post-exploitation.md,"Conditional access, interception, execution or security-boundary change"
gcp,dns.policies.create,high,medium,https://github.com/HackTricks-wiki/hacktricks-cloud/blob/45bcf7a7381a496d6dfd5b5d533681fff85c608d/src/pentesting-cloud/gcp-security/gcp-post-exploitation/gcp-cloud-dns-post-exploitation.md,"Conditional access, interception, execution or security-boundary change"
gcp,dns.policies.update,high,medium,https://github.com/HackTricks-wiki/hacktricks-cloud/blob/45bcf7a7381a496d6dfd5b5d533681fff85c608d/src/pentesting-cloud/gcp-security/gcp-post-exploitation/gcp-cloud-dns-post-exploitation.md,"Conditional access, interception, execution or security-boundary change"
gcp,dns.resourceRecordSets.delete,medium,medium,https://github.com/HackTricks-wiki/hacktricks-cloud/blob/45bcf7a7381a496d6dfd5b5d533681fff85c608d/src/pentesting-cloud/gcp-security/gcp-post-exploitation/gcp-cloud-dns-post-exploitation.md,Existing validated permission prerequisite or operational control
gcp,dns.responsePolicies.create,high,medium,https://github.com/HackTricks-wiki/hacktricks-cloud/blob/45bcf7a7381a496d6dfd5b5d533681fff85c608d/src/pentesting-cloud/gcp-security/gcp-post-exploitation/gcp-cloud-dns-post-exploitation.md,"Conditional access, interception, execution or security-boundary change"
gcp,dns.responsePolicyRules.create,high,medium,https://github.com/HackTricks-wiki/hacktricks-cloud/blob/45bcf7a7381a496d6dfd5b5d533681fff85c608d/src/pentesting-cloud/gcp-security/gcp-post-exploitation/gcp-cloud-dns-post-exploitation.md,"Conditional access, interception, execution or security-boundary change"
gcp,documentai.datasets.getDocuments,high,low,https://github.com/HackTricks-wiki/hacktricks-cloud/blob/45bcf7a7381a496d6dfd5b5d533681fff85c608d/src/pentesting-cloud/gcp-security/gcp-post-exploitation/gcp-document-ai-post-exploitation.md,Documented sensitive-data or credential access
gcp,documentai.datasets.listDocuments,high,low,https://github.com/HackTricks-wiki/hacktricks-cloud/blob/45bcf7a7381a496d6dfd5b5d533681fff85c608d/src/pentesting-cloud/gcp-security/gcp-post-exploitation/gcp-document-ai-post-exploitation.md,Documented sensitive-data or credential access
gcp,documentai.processorVersions.create,high,medium,https://github.com/HackTricks-wiki/hacktricks-cloud/blob/45bcf7a7381a496d6dfd5b5d533681fff85c608d/src/pentesting-cloud/gcp-security/gcp-post-exploitation/gcp-document-ai-post-exploitation.md,Documented sensitive-data or credential access
gcp,domains.registrations.setIamPolicy,critical,critical,https://github.com/HackTricks-wiki/hacktricks-cloud/blob/45bcf7a7381a496d6dfd5b5d533681fff85c608d/src/pentesting-cloud/gcp-security/gcp-persistence/gcp-cloud-domains-persistence.md,Existing direct escalation rule; separately review disclosure-only grants
gcp,errorreporting.errorEvents.create,medium,medium,https://github.com/HackTricks-wiki/hacktricks-cloud/blob/45bcf7a7381a496d6dfd5b5d533681fff85c608d/src/pentesting-cloud/gcp-security/gcp-post-exploitation/gcp-observability-post-exploitation.md,"Availability, integrity or telemetry impact without standalone sensitive access"
gcp,errorreporting.errorEvents.delete,medium,medium,https://github.com/HackTricks-wiki/hacktricks-cloud/blob/45bcf7a7381a496d6dfd5b5d533681fff85c608d/src/pentesting-cloud/gcp-security/gcp-post-exploitation/gcp-observability-post-exploitation.md,"Availability or cleanup, not standalone escalation"
gcp,errorreporting.groupMetadata.update,medium,medium,https://github.com/HackTricks-wiki/hacktricks-cloud/blob/45bcf7a7381a496d6dfd5b5d533681fff85c608d/src/pentesting-cloud/gcp-security/gcp-post-exploitation/gcp-observability-post-exploitation.md,"Availability, integrity or telemetry impact without standalone sensitive access"
gcp,essentialcontacts.contacts.create,high,medium,https://github.com/HackTricks-wiki/hacktricks-cloud/blob/45bcf7a7381a496d6dfd5b5d533681fff85c608d/src/pentesting-cloud/gcp-security/gcp-persistence/gcp-essential-contacts-persistence.md,Documented conditional persistence or retained access
gcp,eventarc.enrollments.update,high,medium,https://github.com/HackTricks-wiki/hacktricks-cloud/blob/45bcf7a7381a496d6dfd5b5d533681fff85c608d/src/pentesting-cloud/gcp-security/gcp-post-exploitation/gcp-eventarc-post-exploitation.md,"Conditional access, interception, execution or security-boundary change"
gcp,eventarc.messageBuses.publish,medium,medium,https://github.com/HackTricks-wiki/hacktricks-cloud/blob/45bcf7a7381a496d6dfd5b5d533681fff85c608d/src/pentesting-cloud/gcp-security/gcp-post-exploitation/gcp-eventarc-post-exploitation.md,"Availability, integrity or telemetry impact without standalone sensitive access"
gcp,eventarc.pipelines.create,high,medium,https://github.com/HackTricks-wiki/hacktricks-cloud/blob/45bcf7a7381a496d6dfd5b5d533681fff85c608d/src/pentesting-cloud/gcp-security/gcp-persistence/gcp-eventarc-persistence.md,Documented conditional persistence or retained access
gcp,eventarc.triggers.create,high,medium,https://github.com/HackTricks-wiki/hacktricks-cloud/blob/45bcf7a7381a496d6dfd5b5d533681fff85c608d/src/pentesting-cloud/gcp-security/gcp-persistence/gcp-cloud-run-persistence.md,Documented conditional persistence or retained access
gcp,eventarc.triggers.update,high,medium,https://github.com/HackTricks-wiki/hacktricks-cloud/blob/45bcf7a7381a496d6dfd5b5d533681fff85c608d/src/pentesting-cloud/gcp-security/gcp-post-exploitation/gcp-eventarc-post-exploitation.md,"Conditional access, interception, execution or security-boundary change"
gcp,file.backups.create,high,medium,https://github.com/HackTricks-wiki/hacktricks-cloud/blob/45bcf7a7381a496d6dfd5b5d533681fff85c608d/src/pentesting-cloud/gcp-security/gcp-post-exploitation/gcp-filestore-post-exploitation.md,Documented sensitive-data or credential access
gcp,file.backups.useReadOnly,high,medium,https://github.com/HackTricks-wiki/hacktricks-cloud/blob/45bcf7a7381a496d6dfd5b5d533681fff85c608d/src/pentesting-cloud/gcp-security/gcp-post-exploitation/gcp-filestore-post-exploitation.md,Documented sensitive-data or credential access
gcp,file.instances.create,high,medium,https://github.com/HackTricks-wiki/hacktricks-cloud/blob/45bcf7a7381a496d6dfd5b5d533681fff85c608d/src/pentesting-cloud/gcp-security/gcp-post-exploitation/gcp-filestore-post-exploitation.md,Documented sensitive-data or credential access
gcp,file.instances.update,high,medium,https://github.com/HackTricks-wiki/hacktricks-cloud/blob/45bcf7a7381a496d6dfd5b5d533681fff85c608d/src/pentesting-cloud/gcp-security/gcp-persistence/gcp-filestore-persistence.md,Documented conditional persistence or retained access
gcp,firebaseapphosting.backends.update,high,medium,https://github.com/HackTricks-wiki/hacktricks-cloud/blob/45bcf7a7381a496d6dfd5b5d533681fff85c608d/src/pentesting-cloud/gcp-security/gcp-privilege-escalation/gcp-firebase-app-hosting-privesc.md,Documented escalation primitive requiring target context or other capabilities
gcp,firebaseapphosting.builds.create,high,medium,https://github.com/HackTricks-wiki/hacktricks-cloud/blob/45bcf7a7381a496d6dfd5b5d533681fff85c608d/src/pentesting-cloud/gcp-security/gcp-privilege-escalation/gcp-firebase-app-hosting-privesc.md,Documented escalation primitive requiring target context or other capabilities
gcp,firebaseapphosting.rollouts.create,high,medium,https://github.com/HackTricks-wiki/hacktricks-cloud/blob/45bcf7a7381a496d6dfd5b5d533681fff85c608d/src/pentesting-cloud/gcp-security/gcp-privilege-escalation/gcp-firebase-app-hosting-privesc.md,Documented escalation primitive requiring target context or other capabilities
gcp,firebaseauth.configs.update,high,medium,https://github.com/HackTricks-wiki/hacktricks-cloud/blob/45bcf7a7381a496d6dfd5b5d533681fff85c608d/src/pentesting-cloud/gcp-security/gcp-privilege-escalation/gcp-firebase-privesc.md,Documented escalation primitive requiring target context or other capabilities
gcp,firebaseauth.users.update,critical,medium,https://github.com/HackTricks-wiki/hacktricks-cloud/blob/45bcf7a7381a496d6dfd5b5d533681fff85c608d/src/pentesting-cloud/gcp-security/gcp-privilege-escalation/gcp-firebase-privesc.md,"Direct privilege grant, identity takeover or near-self-sufficient privileged execution documented by the source"
gcp,firebaserules.releases.create,high,medium,https://github.com/HackTricks-wiki/hacktricks-cloud/blob/45bcf7a7381a496d6dfd5b5d533681fff85c608d/src/pentesting-cloud/gcp-security/gcp-privilege-escalation/gcp-firebase-privesc.md,Documented escalation primitive requiring target context or other capabilities
gcp,firebaserules.releases.update,high,medium,https://github.com/HackTricks-wiki/hacktricks-cloud/blob/45bcf7a7381a496d6dfd5b5d533681fff85c608d/src/pentesting-cloud/gcp-security/gcp-privilege-escalation/gcp-firebase-privesc.md,Documented escalation primitive requiring target context or other capabilities
gcp,firebaserules.rulesets.create,high,medium,https://github.com/HackTricks-wiki/hacktricks-cloud/blob/45bcf7a7381a496d6dfd5b5d533681fff85c608d/src/pentesting-cloud/gcp-security/gcp-privilege-escalation/gcp-firebase-privesc.md,Documented escalation primitive requiring target context or other capabilities
gcp,gkebackup.backupPlans.create,high,medium,https://github.com/HackTricks-wiki/hacktricks-cloud/blob/45bcf7a7381a496d6dfd5b5d533681fff85c608d/src/pentesting-cloud/gcp-security/gcp-post-exploitation/gcp-backup-and-dr-post-exploitation.md,Documented sensitive-data or credential access
gcp,gkebackup.backups.create,high,medium,https://github.com/HackTricks-wiki/hacktricks-cloud/blob/45bcf7a7381a496d6dfd5b5d533681fff85c608d/src/pentesting-cloud/gcp-security/gcp-post-exploitation/gcp-backup-and-dr-post-exploitation.md,Documented sensitive-data or credential access
gcp,gkebackup.restorePlans.create,high,medium,https://github.com/HackTricks-wiki/hacktricks-cloud/blob/45bcf7a7381a496d6dfd5b5d533681fff85c608d/src/pentesting-cloud/gcp-security/gcp-post-exploitation/gcp-backup-and-dr-post-exploitation.md,Documented sensitive-data or credential access
gcp,gkebackup.restores.create,high,medium,https://github.com/HackTricks-wiki/hacktricks-cloud/blob/45bcf7a7381a496d6dfd5b5d533681fff85c608d/src/pentesting-cloud/gcp-security/gcp-post-exploitation/gcp-backup-and-dr-post-exploitation.md,Documented sensitive-data or credential access
gcp,gkehub.features.create,high,medium,https://github.com/HackTricks-wiki/hacktricks-cloud/blob/45bcf7a7381a496d6dfd5b5d533681fff85c608d/src/pentesting-cloud/gcp-security/gcp-privilege-escalation/gcp-container-privesc.md,Documented escalation primitive requiring target context or other capabilities
gcp,gkehub.gateway.generateCredentials,high,medium,https://github.com/HackTricks-wiki/hacktricks-cloud/blob/45bcf7a7381a496d6dfd5b5d533681fff85c608d/src/pentesting-cloud/gcp-security/gcp-privilege-escalation/gcp-container-privesc.md,Documented escalation primitive requiring target context or other capabilities
gcp,gkehub.membershipfeatures.update,high,medium,https://github.com/HackTricks-wiki/hacktricks-cloud/blob/45bcf7a7381a496d6dfd5b5d533681fff85c608d/src/pentesting-cloud/gcp-security/gcp-privilege-escalation/gcp-container-privesc.md,Documented escalation primitive requiring target context or other capabilities
gcp,gkehub.memberships.setIamPolicy,critical,critical,https://github.com/HackTricks-wiki/hacktricks-cloud/blob/45bcf7a7381a496d6dfd5b5d533681fff85c608d/src/pentesting-cloud/gcp-security/gcp-privilege-escalation/gcp-container-privesc.md,Existing direct escalation rule; separately review disclosure-only grants
gcp,gkehub.rbacrolebindings.create,high,medium,https://github.com/HackTricks-wiki/hacktricks-cloud/blob/45bcf7a7381a496d6dfd5b5d533681fff85c608d/src/pentesting-cloud/gcp-security/gcp-privilege-escalation/gcp-container-privesc.md,Documented escalation primitive requiring target context or other capabilities
gcp,healthcare.consentStores.setIamPolicy,critical,critical,https://github.com/HackTricks-wiki/hacktricks-cloud/blob/45bcf7a7381a496d6dfd5b5d533681fff85c608d/src/pentesting-cloud/gcp-security/gcp-privilege-escalation/gcp-healthcare-privesc.md,Existing direct escalation rule; separately review disclosure-only grants
gcp,healthcare.datasets.create,high,medium,https://github.com/HackTricks-wiki/hacktricks-cloud/blob/45bcf7a7381a496d6dfd5b5d533681fff85c608d/src/pentesting-cloud/gcp-security/gcp-post-exploitation/gcp-healthcare-post-exploitation.md,Documented sensitive-data or credential access
gcp,healthcare.datasets.setIamPolicy,critical,critical,https://github.com/HackTricks-wiki/hacktricks-cloud/blob/45bcf7a7381a496d6dfd5b5d533681fff85c608d/src/pentesting-cloud/gcp-security/gcp-privilege-escalation/gcp-healthcare-privesc.md,Existing direct escalation rule; separately review disclosure-only grants
gcp,healthcare.dicomStores.export,high,medium,https://github.com/HackTricks-wiki/hacktricks-cloud/blob/45bcf7a7381a496d6dfd5b5d533681fff85c608d/src/pentesting-cloud/gcp-security/gcp-post-exploitation/gcp-healthcare-post-exploitation.md,Documented sensitive-data or credential access
gcp,healthcare.dicomStores.import,medium,medium,https://github.com/HackTricks-wiki/hacktricks-cloud/blob/45bcf7a7381a496d6dfd5b5d533681fff85c608d/src/pentesting-cloud/gcp-security/gcp-post-exploitation/gcp-healthcare-post-exploitation.md,"Availability, integrity or telemetry impact without standalone sensitive access"
gcp,healthcare.dicomStores.setIamPolicy,critical,critical,https://github.com/HackTricks-wiki/hacktricks-cloud/blob/45bcf7a7381a496d6dfd5b5d533681fff85c608d/src/pentesting-cloud/gcp-security/gcp-privilege-escalation/gcp-healthcare-privesc.md,Existing direct escalation rule; separately review disclosure-only grants
gcp,healthcare.fhirStores.export,high,medium,https://github.com/HackTricks-wiki/hacktricks-cloud/blob/45bcf7a7381a496d6dfd5b5d533681fff85c608d/src/pentesting-cloud/gcp-security/gcp-post-exploitation/gcp-healthcare-post-exploitation.md,Documented sensitive-data or credential access
gcp,healthcare.fhirStores.import,medium,medium,https://github.com/HackTricks-wiki/hacktricks-cloud/blob/45bcf7a7381a496d6dfd5b5d533681fff85c608d/src/pentesting-cloud/gcp-security/gcp-post-exploitation/gcp-healthcare-post-exploitation.md,"Availability, integrity or telemetry impact without standalone sensitive access"
gcp,healthcare.fhirStores.setIamPolicy,critical,critical,https://github.com/HackTricks-wiki/hacktricks-cloud/blob/45bcf7a7381a496d6dfd5b5d533681fff85c608d/src/pentesting-cloud/gcp-security/gcp-privilege-escalation/gcp-healthcare-privesc.md,Existing direct escalation rule; separately review disclosure-only grants
gcp,healthcare.fhirStores.update,high,medium,https://github.com/HackTricks-wiki/hacktricks-cloud/blob/45bcf7a7381a496d6dfd5b5d533681fff85c608d/src/pentesting-cloud/gcp-security/gcp-persistence/gcp-healthcare-persistence.md,Documented sensitive-data or credential access
gcp,healthcare.hl7V2Messages.create,high,high,https://github.com/HackTricks-wiki/hacktricks-cloud/blob/45bcf7a7381a496d6dfd5b5d533681fff85c608d/src/pentesting-cloud/gcp-security/gcp-post-exploitation/gcp-healthcare-post-exploitation.md,Existing source-validated code/configuration poisoning or privileged trigger; retain conditional impact
gcp,healthcare.hl7V2Stores.export,high,medium,https://github.com/HackTricks-wiki/hacktricks-cloud/blob/45bcf7a7381a496d6dfd5b5d533681fff85c608d/src/pentesting-cloud/gcp-security/gcp-post-exploitation/gcp-healthcare-post-exploitation.md,Documented sensitive-data or credential access
gcp,healthcare.hl7V2Stores.import,medium,medium,https://github.com/HackTricks-wiki/hacktricks-cloud/blob/45bcf7a7381a496d6dfd5b5d533681fff85c608d/src/pentesting-cloud/gcp-security/gcp-post-exploitation/gcp-healthcare-post-exploitation.md,"Availability, integrity or telemetry impact without standalone sensitive access"
gcp,healthcare.hl7V2Stores.setIamPolicy,critical,critical,https://github.com/HackTricks-wiki/hacktricks-cloud/blob/45bcf7a7381a496d6dfd5b5d533681fff85c608d/src/pentesting-cloud/gcp-security/gcp-privilege-escalation/gcp-healthcare-privesc.md,Existing direct escalation rule; separately review disclosure-only grants
gcp,hypercomputecluster.clusters.update,high,medium,https://github.com/HackTricks-wiki/hacktricks-cloud/blob/45bcf7a7381a496d6dfd5b5d533681fff85c608d/src/pentesting-cloud/gcp-security/gcp-persistence/gcp-cluster-director-persistence.md,Documented conditional persistence or retained access
gcp,iam.denypolicies.create,medium,medium,https://github.com/HackTricks-wiki/hacktricks-cloud/blob/45bcf7a7381a496d6dfd5b5d533681fff85c608d/src/pentesting-cloud/gcp-security/gcp-persistence/gcp-iam-deny-policies-persistence.md,"Availability, integrity, telemetry or operational impact; no direct sensitive access or escalation"
gcp,iam.principalaccessboundarypolicies.bind,medium,medium,https://github.com/HackTricks-wiki/hacktricks-cloud/blob/45bcf7a7381a496d6dfd5b5d533681fff85c608d/src/pentesting-cloud/gcp-security/gcp-persistence/gcp-iam-deny-policies-persistence.md,"Availability, integrity, telemetry or operational impact; no direct sensitive access or escalation"
gcp,iam.principalaccessboundarypolicies.create,medium,medium,https://github.com/HackTricks-wiki/hacktricks-cloud/blob/45bcf7a7381a496d6dfd5b5d533681fff85c608d/src/pentesting-cloud/gcp-security/gcp-persistence/gcp-iam-deny-policies-persistence.md,"Availability, integrity, telemetry or operational impact; no direct sensitive access or escalation"
gcp,iam.principalaccessboundarypolicies.update,medium,medium,https://github.com/HackTricks-wiki/hacktricks-cloud/blob/45bcf7a7381a496d6dfd5b5d533681fff85c608d/src/pentesting-cloud/gcp-security/gcp-persistence/gcp-iam-deny-policies-persistence.md,"Availability, integrity or telemetry impact without standalone sensitive access"
gcp,iam.serviceAccounts.actAs,critical,critical,https://github.com/HackTricks-wiki/hacktricks-cloud/blob/45bcf7a7381a496d6dfd5b5d533681fff85c608d/src/pentesting-cloud/gcp-security/gcp-persistence/gcp-bigquery-persistence.md,"Direct privilege grant, identity takeover or near-self-sufficient privileged execution documented by the source"
gcp,iam.serviceAccounts.undelete,high,medium,https://github.com/HackTricks-wiki/hacktricks-cloud/blob/45bcf7a7381a496d6dfd5b5d533681fff85c608d/src/pentesting-cloud/gcp-security/gcp-persistence/gcp-iam-persistence.md,"Conditional access, interception, execution or security-boundary change"
gcp,iap.tunnelInstances.accessViaIAP,high,medium,https://github.com/HackTricks-wiki/hacktricks-cloud/blob/45bcf7a7381a496d6dfd5b5d533681fff85c608d/src/pentesting-cloud/gcp-security/gcp-privilege-escalation/gcp-iap-privesc.md,Documented escalation primitive requiring target context or other capabilities
gcp,iap.tunnelInstances.setIamPolicy,critical,critical,https://github.com/HackTricks-wiki/hacktricks-cloud/blob/45bcf7a7381a496d6dfd5b5d533681fff85c608d/src/pentesting-cloud/gcp-security/gcp-persistence/gcp-iap-persistence.md,Existing direct escalation rule; separately review disclosure-only grants
gcp,iap.tunnelZones.setIamPolicy,critical,critical,https://github.com/HackTricks-wiki/hacktricks-cloud/blob/45bcf7a7381a496d6dfd5b5d533681fff85c608d/src/pentesting-cloud/gcp-security/gcp-persistence/gcp-iap-persistence.md,Existing direct escalation rule; separately review disclosure-only grants
gcp,iap.web.setIamPolicy,critical,critical,https://github.com/HackTricks-wiki/hacktricks-cloud/blob/45bcf7a7381a496d6dfd5b5d533681fff85c608d/src/pentesting-cloud/gcp-security/gcp-persistence/gcp-iap-persistence.md,Existing direct escalation rule; separately review disclosure-only grants
gcp,iap.web.updateSettings,high,medium,https://github.com/HackTricks-wiki/hacktricks-cloud/blob/45bcf7a7381a496d6dfd5b5d533681fff85c608d/src/pentesting-cloud/gcp-security/gcp-privilege-escalation/gcp-iap-privesc.md,Documented escalation primitive requiring target context or other capabilities
gcp,iap.webServiceVersions.setIamPolicy,critical,critical,https://github.com/HackTricks-wiki/hacktricks-cloud/blob/45bcf7a7381a496d6dfd5b5d533681fff85c608d/src/pentesting-cloud/gcp-security/gcp-persistence/gcp-iap-persistence.md,Existing direct escalation rule; separately review disclosure-only grants
gcp,iap.webServices.setIamPolicy,critical,critical,https://github.com/HackTricks-wiki/hacktricks-cloud/blob/45bcf7a7381a496d6dfd5b5d533681fff85c608d/src/pentesting-cloud/gcp-security/gcp-persistence/gcp-iap-persistence.md,Existing direct escalation rule; separately review disclosure-only grants
gcp,identitytoolkit.tenants.setIamPolicy,critical,critical,https://github.com/HackTricks-wiki/hacktricks-cloud/blob/45bcf7a7381a496d6dfd5b5d533681fff85c608d/src/pentesting-cloud/gcp-security/gcp-privilege-escalation/gcp-firebase-privesc.md,Existing direct escalation rule; separately review disclosure-only grants
gcp,ids.endpoints.update,medium,medium,https://github.com/HackTricks-wiki/hacktricks-cloud/blob/45bcf7a7381a496d6dfd5b5d533681fff85c608d/src/pentesting-cloud/gcp-security/gcp-post-exploitation/gcp-ids-post-exploitation.md,"Availability, integrity or telemetry impact without standalone sensitive access"
gcp,integrations.authConfigs.get,high,critical,https://github.com/HackTricks-wiki/hacktricks-cloud/blob/45bcf7a7381a496d6dfd5b5d533681fff85c608d/src/pentesting-cloud/gcp-security/gcp-to-workspace-pivoting/gcp-application-integration-privesc.md,"Sensitive data, secret or plaintext access; no standalone privilege grant"
gcp,livestream.channels.get,high,low,https://github.com/HackTricks-wiki/hacktricks-cloud/blob/45bcf7a7381a496d6dfd5b5d533681fff85c608d/src/pentesting-cloud/gcp-security/gcp-post-exploitation/gcp-live-stream-post-exploitation.md,Documented sensitive-data or credential access
gcp,livestream.channels.start,high,medium,https://github.com/HackTricks-wiki/hacktricks-cloud/blob/45bcf7a7381a496d6dfd5b5d533681fff85c608d/src/pentesting-cloud/gcp-security/gcp-post-exploitation/gcp-live-stream-post-exploitation.md,Documented sensitive-data or credential access
gcp,livestream.events.create,high,medium,https://github.com/HackTricks-wiki/hacktricks-cloud/blob/45bcf7a7381a496d6dfd5b5d533681fff85c608d/src/pentesting-cloud/gcp-security/gcp-post-exploitation/gcp-live-stream-post-exploitation.md,Documented sensitive-data or credential access
gcp,livestream.inputs.create,high,medium,https://github.com/HackTricks-wiki/hacktricks-cloud/blob/45bcf7a7381a496d6dfd5b5d533681fff85c608d/src/pentesting-cloud/gcp-security/gcp-post-exploitation/gcp-live-stream-post-exploitation.md,Documented sensitive-data or credential access
gcp,logging.buckets.delete,medium,medium,https://github.com/HackTricks-wiki/hacktricks-cloud/blob/45bcf7a7381a496d6dfd5b5d533681fff85c608d/src/pentesting-cloud/gcp-security/gcp-post-exploitation/gcp-logging-post-exploitation.md,"Availability or cleanup, not standalone escalation"
gcp,logging.buckets.undelete,medium,medium,https://github.com/HackTricks-wiki/hacktricks-cloud/blob/45bcf7a7381a496d6dfd5b5d533681fff85c608d/src/pentesting-cloud/gcp-security/gcp-post-exploitation/gcp-logging-post-exploitation.md,"Availability, integrity or telemetry impact without standalone sensitive access"
gcp,logging.buckets.update,medium,medium,https://github.com/HackTricks-wiki/hacktricks-cloud/blob/45bcf7a7381a496d6dfd5b5d533681fff85c608d/src/pentesting-cloud/gcp-security/gcp-persistence/gcp-logging-persistence.md,Durable disruption or operational state
gcp,logging.exclusions.create,medium,medium,https://github.com/HackTricks-wiki/hacktricks-cloud/blob/45bcf7a7381a496d6dfd5b5d533681fff85c608d/src/pentesting-cloud/gcp-security/gcp-post-exploitation/gcp-logging-post-exploitation.md,"Availability, integrity or telemetry impact without standalone sensitive access"
gcp,logging.fields.access,medium,medium,https://github.com/HackTricks-wiki/hacktricks-cloud/blob/45bcf7a7381a496d6dfd5b5d533681fff85c608d/src/pentesting-cloud/gcp-security/gcp-post-exploitation/gcp-logging-post-exploitation.md,"Availability, integrity or telemetry impact without standalone sensitive access"
gcp,logging.links.create,high,medium,https://github.com/HackTricks-wiki/hacktricks-cloud/blob/45bcf7a7381a496d6dfd5b5d533681fff85c608d/src/pentesting-cloud/gcp-security/gcp-post-exploitation/gcp-logging-post-exploitation.md,Documented sensitive-data or credential access
gcp,logging.links.delete,medium,medium,https://github.com/HackTricks-wiki/hacktricks-cloud/blob/45bcf7a7381a496d6dfd5b5d533681fff85c608d/src/pentesting-cloud/gcp-security/gcp-post-exploitation/gcp-logging-post-exploitation.md,"Availability or cleanup, not standalone escalation"
gcp,logging.logEntries.create,medium,medium,https://github.com/HackTricks-wiki/hacktricks-cloud/blob/45bcf7a7381a496d6dfd5b5d533681fff85c608d/src/pentesting-cloud/gcp-security/gcp-post-exploitation/gcp-logging-post-exploitation.md,"Availability, integrity or telemetry impact without standalone sensitive access"
gcp,logging.logMetrics.delete,medium,high,https://github.com/HackTricks-wiki/hacktricks-cloud/blob/45bcf7a7381a496d6dfd5b5d533681fff85c608d/src/pentesting-cloud/gcp-security/gcp-post-exploitation/gcp-logging-post-exploitation.md,"Availability or cleanup, not standalone escalation"
gcp,logging.logMetrics.update,medium,medium,https://github.com/HackTricks-wiki/hacktricks-cloud/blob/45bcf7a7381a496d6dfd5b5d533681fff85c608d/src/pentesting-cloud/gcp-security/gcp-post-exploitation/gcp-logging-post-exploitation.md,"Availability, integrity or telemetry impact without standalone sensitive access"
gcp,logging.logs.delete,medium,high,https://github.com/HackTricks-wiki/hacktricks-cloud/blob/45bcf7a7381a496d6dfd5b5d533681fff85c608d/src/pentesting-cloud/gcp-security/gcp-post-exploitation/gcp-logging-post-exploitation.md,"Availability or cleanup, not standalone escalation"
gcp,logging.notificationRules.create,high,medium,https://github.com/HackTricks-wiki/hacktricks-cloud/blob/45bcf7a7381a496d6dfd5b5d533681fff85c608d/src/pentesting-cloud/gcp-security/gcp-persistence/gcp-monitoring-persistence.md,Documented sensitive-data or credential access
gcp,logging.settings.update,medium,medium,https://github.com/HackTricks-wiki/hacktricks-cloud/blob/45bcf7a7381a496d6dfd5b5d533681fff85c608d/src/pentesting-cloud/gcp-security/gcp-post-exploitation/gcp-logging-post-exploitation.md,"Availability, integrity or telemetry impact without standalone sensitive access"
gcp,logging.sinks.create,high,medium,https://github.com/HackTricks-wiki/hacktricks-cloud/blob/45bcf7a7381a496d6dfd5b5d533681fff85c608d/src/pentesting-cloud/gcp-security/gcp-persistence/gcp-logging-persistence.md,Documented conditional persistence or retained access
gcp,logging.sinks.delete,medium,high,https://github.com/HackTricks-wiki/hacktricks-cloud/blob/45bcf7a7381a496d6dfd5b5d533681fff85c608d/src/pentesting-cloud/gcp-security/gcp-post-exploitation/gcp-logging-post-exploitation.md,"Availability or cleanup, not standalone escalation"
gcp,logging.sinks.update,high,medium,https://github.com/HackTricks-wiki/hacktricks-cloud/blob/45bcf7a7381a496d6dfd5b5d533681fff85c608d/src/pentesting-cloud/gcp-security/gcp-persistence/gcp-logging-persistence.md,Documented conditional persistence or retained access
gcp,logging.views.create,high,medium,https://github.com/HackTricks-wiki/hacktricks-cloud/blob/45bcf7a7381a496d6dfd5b5d533681fff85c608d/src/pentesting-cloud/gcp-security/gcp-post-exploitation/gcp-logging-post-exploitation.md,"Conditional access, interception, execution or security-boundary change"
gcp,logging.views.delete,medium,medium,https://github.com/HackTricks-wiki/hacktricks-cloud/blob/45bcf7a7381a496d6dfd5b5d533681fff85c608d/src/pentesting-cloud/gcp-security/gcp-post-exploitation/gcp-logging-post-exploitation.md,"Availability or cleanup, not standalone escalation"
gcp,logging.views.setIamPolicy,critical,critical,https://github.com/HackTricks-wiki/hacktricks-cloud/blob/45bcf7a7381a496d6dfd5b5d533681fff85c608d/src/pentesting-cloud/gcp-security/gcp-post-exploitation/gcp-logging-post-exploitation.md,Existing direct escalation rule; separately review disclosure-only grants
gcp,logging.views.update,medium,medium,https://github.com/HackTricks-wiki/hacktricks-cloud/blob/45bcf7a7381a496d6dfd5b5d533681fff85c608d/src/pentesting-cloud/gcp-security/gcp-post-exploitation/gcp-logging-post-exploitation.md,"Availability, integrity or telemetry impact without standalone sensitive access"
gcp,managedflink.deployments.create,high,medium,https://github.com/HackTricks-wiki/hacktricks-cloud/blob/45bcf7a7381a496d6dfd5b5d533681fff85c608d/src/pentesting-cloud/gcp-security/gcp-persistence/gcp-managed-flink-persistence.md,Documented conditional persistence or retained access
gcp,managedflink.jobs.create,high,medium,https://github.com/HackTricks-wiki/hacktricks-cloud/blob/45bcf7a7381a496d6dfd5b5d533681fff85c608d/src/pentesting-cloud/gcp-security/gcp-persistence/gcp-managed-flink-persistence.md,Documented conditional persistence or retained access
gcp,managedidentities.domains.resetpassword,critical,medium,https://github.com/HackTricks-wiki/hacktricks-cloud/blob/45bcf7a7381a496d6dfd5b5d533681fff85c608d/src/pentesting-cloud/gcp-security/gcp-post-exploitation/gcp-managed-microsoft-ad-post-exploitation.md,"Direct privilege grant, identity takeover or near-self-sufficient privileged execution documented by the source"
gcp,managedkafka.acls.create,high,medium,https://github.com/HackTricks-wiki/hacktricks-cloud/blob/45bcf7a7381a496d6dfd5b5d533681fff85c608d/src/pentesting-cloud/gcp-security/gcp-persistence/gcp-managed-kafka-persistence.md,"Conditional access, interception, execution or security-boundary change"
gcp,managedkafka.consumerGroups.delete,medium,medium,https://github.com/HackTricks-wiki/hacktricks-cloud/blob/45bcf7a7381a496d6dfd5b5d533681fff85c608d/src/pentesting-cloud/gcp-security/gcp-post-exploitation/gcp-managed-kafka-post-exploitation.md,"Availability or cleanup, not standalone escalation"
gcp,managedkafka.consumerGroups.update,medium,medium,https://github.com/HackTricks-wiki/hacktricks-cloud/blob/45bcf7a7381a496d6dfd5b5d533681fff85c608d/src/pentesting-cloud/gcp-security/gcp-post-exploitation/gcp-managed-kafka-post-exploitation.md,"Availability, integrity or telemetry impact without standalone sensitive access"
gcp,managedkafka.subjects.delete,medium,medium,https://github.com/HackTricks-wiki/hacktricks-cloud/blob/45bcf7a7381a496d6dfd5b5d533681fff85c608d/src/pentesting-cloud/gcp-security/gcp-post-exploitation/gcp-managed-kafka-post-exploitation.md,"Availability or cleanup, not standalone escalation"
gcp,managedkafka.topics.create,medium,medium,https://github.com/HackTricks-wiki/hacktricks-cloud/blob/45bcf7a7381a496d6dfd5b5d533681fff85c608d/src/pentesting-cloud/gcp-security/gcp-persistence/gcp-managed-kafka-persistence.md,"Availability, integrity, telemetry or operational impact; no direct sensitive access or escalation"
gcp,managedkafka.topics.delete,medium,medium,https://github.com/HackTricks-wiki/hacktricks-cloud/blob/45bcf7a7381a496d6dfd5b5d533681fff85c608d/src/pentesting-cloud/gcp-security/gcp-post-exploitation/gcp-managed-kafka-post-exploitation.md,"Availability or cleanup, not standalone escalation"
gcp,managedkafka.topics.update,medium,medium,https://github.com/HackTricks-wiki/hacktricks-cloud/blob/45bcf7a7381a496d6dfd5b5d533681fff85c608d/src/pentesting-cloud/gcp-security/gcp-post-exploitation/gcp-managed-kafka-post-exploitation.md,"Availability, integrity or telemetry impact without standalone sensitive access"
gcp,managedkafka.versions.delete,medium,medium,https://github.com/HackTricks-wiki/hacktricks-cloud/blob/45bcf7a7381a496d6dfd5b5d533681fff85c608d/src/pentesting-cloud/gcp-security/gcp-post-exploitation/gcp-managed-kafka-post-exploitation.md,"Availability or cleanup, not standalone escalation"
gcp,metastore.services.setIamPolicy,critical,critical,https://github.com/HackTricks-wiki/hacktricks-cloud/blob/45bcf7a7381a496d6dfd5b5d533681fff85c608d/src/pentesting-cloud/gcp-security/gcp-persistence/gcp-dataproc-metastore-persistence.md,Existing direct escalation rule; separately review disclosure-only grants
gcp,modelarmor.floorSettings.update,high,medium,https://github.com/HackTricks-wiki/hacktricks-cloud/blob/45bcf7a7381a496d6dfd5b5d533681fff85c608d/src/pentesting-cloud/gcp-security/gcp-post-exploitation/gcp-model-armor-post-exploitation.md,"Conditional access, interception, execution or security-boundary change"
gcp,modelarmor.templates.update,high,medium,https://github.com/HackTricks-wiki/hacktricks-cloud/blob/45bcf7a7381a496d6dfd5b5d533681fff85c608d/src/pentesting-cloud/gcp-security/gcp-post-exploitation/gcp-model-armor-post-exploitation.md,"Conditional access, interception, execution or security-boundary change"
gcp,monitoring.alertPolicies.create,high,medium,https://github.com/HackTricks-wiki/hacktricks-cloud/blob/45bcf7a7381a496d6dfd5b5d533681fff85c608d/src/pentesting-cloud/gcp-security/gcp-persistence/gcp-monitoring-persistence.md,Documented sensitive-data or credential access
gcp,monitoring.alertPolicies.delete,medium,high,https://github.com/HackTricks-wiki/hacktricks-cloud/blob/45bcf7a7381a496d6dfd5b5d533681fff85c608d/src/pentesting-cloud/gcp-security/gcp-post-exploitation/gcp-monitoring-post-exploitation.md,"Availability or cleanup, not standalone escalation"
gcp,monitoring.alertPolicies.update,medium,medium,https://github.com/HackTricks-wiki/hacktricks-cloud/blob/45bcf7a7381a496d6dfd5b5d533681fff85c608d/src/pentesting-cloud/gcp-security/gcp-post-exploitation/gcp-monitoring-post-exploitation.md,"Availability, integrity or telemetry impact without standalone sensitive access"
gcp,monitoring.dashboards.update,medium,medium,https://github.com/HackTricks-wiki/hacktricks-cloud/blob/45bcf7a7381a496d6dfd5b5d533681fff85c608d/src/pentesting-cloud/gcp-security/gcp-post-exploitation/gcp-monitoring-post-exploitation.md,"Availability, integrity or telemetry impact without standalone sensitive access"
gcp,monitoring.metricDescriptors.delete,medium,medium,https://github.com/HackTricks-wiki/hacktricks-cloud/blob/45bcf7a7381a496d6dfd5b5d533681fff85c608d/src/pentesting-cloud/gcp-security/gcp-post-exploitation/gcp-monitoring-post-exploitation.md,"Availability or cleanup, not standalone escalation"
gcp,monitoring.notificationChannels.create,high,medium,https://github.com/HackTricks-wiki/hacktricks-cloud/blob/45bcf7a7381a496d6dfd5b5d533681fff85c608d/src/pentesting-cloud/gcp-security/gcp-persistence/gcp-monitoring-persistence.md,Documented sensitive-data or credential access
gcp,monitoring.notificationChannels.delete,medium,high,https://github.com/HackTricks-wiki/hacktricks-cloud/blob/45bcf7a7381a496d6dfd5b5d533681fff85c608d/src/pentesting-cloud/gcp-security/gcp-post-exploitation/gcp-monitoring-post-exploitation.md,"Availability or cleanup, not standalone escalation"
gcp,monitoring.notificationChannels.update,high,medium,https://github.com/HackTricks-wiki/hacktricks-cloud/blob/45bcf7a7381a496d6dfd5b5d533681fff85c608d/src/pentesting-cloud/gcp-security/gcp-persistence/gcp-monitoring-persistence.md,Documented sensitive-data or credential access
gcp,monitoring.services.delete,medium,medium,https://github.com/HackTricks-wiki/hacktricks-cloud/blob/45bcf7a7381a496d6dfd5b5d533681fff85c608d/src/pentesting-cloud/gcp-security/gcp-post-exploitation/gcp-monitoring-post-exploitation.md,"Availability or cleanup, not standalone escalation"
gcp,monitoring.slos.delete,medium,medium,https://github.com/HackTricks-wiki/hacktricks-cloud/blob/45bcf7a7381a496d6dfd5b5d533681fff85c608d/src/pentesting-cloud/gcp-security/gcp-post-exploitation/gcp-monitoring-post-exploitation.md,"Availability or cleanup, not standalone escalation"
gcp,monitoring.slos.update,medium,medium,https://github.com/HackTricks-wiki/hacktricks-cloud/blob/45bcf7a7381a496d6dfd5b5d533681fff85c608d/src/pentesting-cloud/gcp-security/gcp-post-exploitation/gcp-monitoring-post-exploitation.md,"Availability, integrity or telemetry impact without standalone sensitive access"
gcp,monitoring.snoozes.create,medium,medium,https://github.com/HackTricks-wiki/hacktricks-cloud/blob/45bcf7a7381a496d6dfd5b5d533681fff85c608d/src/pentesting-cloud/gcp-security/gcp-persistence/gcp-monitoring-persistence.md,"Availability, integrity, telemetry or operational impact; no direct sensitive access or escalation"
gcp,monitoring.snoozes.update,medium,medium,https://github.com/HackTricks-wiki/hacktricks-cloud/blob/45bcf7a7381a496d6dfd5b5d533681fff85c608d/src/pentesting-cloud/gcp-security/gcp-persistence/gcp-monitoring-persistence.md,"Availability, integrity, telemetry or operational impact; no direct sensitive access or escalation"
gcp,monitoring.timeSeries.create,medium,medium,https://github.com/HackTricks-wiki/hacktricks-cloud/blob/45bcf7a7381a496d6dfd5b5d533681fff85c608d/src/pentesting-cloud/gcp-security/gcp-post-exploitation/gcp-monitoring-post-exploitation.md,"Availability, integrity or telemetry impact without standalone sensitive access"
gcp,monitoring.uptimeCheckConfigs.create,high,medium,https://github.com/HackTricks-wiki/hacktricks-cloud/blob/45bcf7a7381a496d6dfd5b5d533681fff85c608d/src/pentesting-cloud/gcp-security/gcp-persistence/gcp-monitoring-persistence.md,Documented conditional persistence or retained access
gcp,monitoring.uptimeCheckConfigs.update,medium,medium,https://github.com/HackTricks-wiki/hacktricks-cloud/blob/45bcf7a7381a496d6dfd5b5d533681fff85c608d/src/pentesting-cloud/gcp-security/gcp-post-exploitation/gcp-monitoring-post-exploitation.md,"Availability, integrity or telemetry impact without standalone sensitive access"
gcp,netapp.backupVaults.delete,medium,medium,https://github.com/HackTricks-wiki/hacktricks-cloud/blob/45bcf7a7381a496d6dfd5b5d533681fff85c608d/src/pentesting-cloud/gcp-security/gcp-post-exploitation/gcp-netapp-volumes-post-exploitation.md,"Availability or cleanup, not standalone escalation"
gcp,netapp.backups.delete,medium,medium,https://github.com/HackTricks-wiki/hacktricks-cloud/blob/45bcf7a7381a496d6dfd5b5d533681fff85c608d/src/pentesting-cloud/gcp-security/gcp-post-exploitation/gcp-netapp-volumes-post-exploitation.md,"Availability or cleanup, not standalone escalation"
gcp,netapp.backups.useReadOnly,high,medium,https://github.com/HackTricks-wiki/hacktricks-cloud/blob/45bcf7a7381a496d6dfd5b5d533681fff85c608d/src/pentesting-cloud/gcp-security/gcp-post-exploitation/gcp-netapp-volumes-post-exploitation.md,Documented sensitive-data or credential access
gcp,netapp.snapshots.delete,medium,medium,https://github.com/HackTricks-wiki/hacktricks-cloud/blob/45bcf7a7381a496d6dfd5b5d533681fff85c608d/src/pentesting-cloud/gcp-security/gcp-post-exploitation/gcp-netapp-volumes-post-exploitation.md,"Availability or cleanup, not standalone escalation"
gcp,netapp.volumes.create,high,medium,https://github.com/HackTricks-wiki/hacktricks-cloud/blob/45bcf7a7381a496d6dfd5b5d533681fff85c608d/src/pentesting-cloud/gcp-security/gcp-post-exploitation/gcp-netapp-volumes-post-exploitation.md,Documented sensitive-data or credential access
gcp,netapp.volumes.delete,medium,medium,https://github.com/HackTricks-wiki/hacktricks-cloud/blob/45bcf7a7381a496d6dfd5b5d533681fff85c608d/src/pentesting-cloud/gcp-security/gcp-post-exploitation/gcp-netapp-volumes-post-exploitation.md,"Availability or cleanup, not standalone escalation"
gcp,networkconnectivity.groups.setIamPolicy,critical,critical,https://github.com/HackTricks-wiki/hacktricks-cloud/blob/45bcf7a7381a496d6dfd5b5d533681fff85c608d/src/pentesting-cloud/gcp-security/gcp-privilege-escalation/gcp-network-connectivity-center-privesc.md,Existing direct escalation rule; separately review disclosure-only grants
gcp,networkconnectivity.hubs.create,high,medium,https://github.com/HackTricks-wiki/hacktricks-cloud/blob/45bcf7a7381a496d6dfd5b5d533681fff85c608d/src/pentesting-cloud/gcp-security/gcp-post-exploitation/gcp-vpc-network-post-exploitation.md,"Conditional access, interception, execution or security-boundary change"
gcp,networkconnectivity.hubs.setIamPolicy,critical,critical,https://github.com/HackTricks-wiki/hacktricks-cloud/blob/45bcf7a7381a496d6dfd5b5d533681fff85c608d/src/pentesting-cloud/gcp-security/gcp-privilege-escalation/gcp-network-connectivity-center-privesc.md,Existing direct escalation rule; separately review disclosure-only grants
gcp,networkconnectivity.internalRanges.create,medium,medium,https://github.com/HackTricks-wiki/hacktricks-cloud/blob/45bcf7a7381a496d6dfd5b5d533681fff85c608d/src/pentesting-cloud/gcp-security/gcp-post-exploitation/gcp-vpc-network-post-exploitation.md,"Availability, integrity or telemetry impact without standalone sensitive access"
gcp,networkconnectivity.policyBasedRoutes.create,high,medium,https://github.com/HackTricks-wiki/hacktricks-cloud/blob/45bcf7a7381a496d6dfd5b5d533681fff85c608d/src/pentesting-cloud/gcp-security/gcp-post-exploitation/gcp-vpc-network-post-exploitation.md,"Conditional access, interception, execution or security-boundary change"
gcp,networkconnectivity.spokes.create,high,medium,https://github.com/HackTricks-wiki/hacktricks-cloud/blob/45bcf7a7381a496d6dfd5b5d533681fff85c608d/src/pentesting-cloud/gcp-security/gcp-post-exploitation/gcp-vpc-network-post-exploitation.md,"Conditional access, interception, execution or security-boundary change"
gcp,networkmanagement.connectivitytests.create,medium,medium,https://github.com/HackTricks-wiki/hacktricks-cloud/blob/45bcf7a7381a496d6dfd5b5d533681fff85c608d/src/pentesting-cloud/gcp-security/gcp-post-exploitation/gcp-network-intelligence-center-post-exploitation.md,"Availability, integrity, telemetry or operational impact; no direct sensitive access or escalation"
gcp,networkmanagement.connectivitytests.list,medium,low,https://github.com/HackTricks-wiki/hacktricks-cloud/blob/45bcf7a7381a496d6dfd5b5d533681fff85c608d/src/pentesting-cloud/gcp-security/gcp-post-exploitation/gcp-network-intelligence-center-post-exploitation.md,"Availability, integrity, telemetry or operational impact; no direct sensitive access or escalation"
gcp,networkmanagement.vpcflowlogsconfigs.delete,medium,medium,https://github.com/HackTricks-wiki/hacktricks-cloud/blob/45bcf7a7381a496d6dfd5b5d533681fff85c608d/src/pentesting-cloud/gcp-security/gcp-post-exploitation/gcp-compute-post-exploitation.md,"Availability or cleanup, not standalone escalation"
gcp,networkmanagement.vpcflowlogsconfigs.update,medium,medium,https://github.com/HackTricks-wiki/hacktricks-cloud/blob/45bcf7a7381a496d6dfd5b5d533681fff85c608d/src/pentesting-cloud/gcp-security/gcp-post-exploitation/gcp-compute-post-exploitation.md,"Availability, integrity or telemetry impact without standalone sensitive access"
gcp,networksecurity.addressGroups.setIamPolicy,critical,critical,https://github.com/HackTricks-wiki/hacktricks-cloud/blob/45bcf7a7381a496d6dfd5b5d533681fff85c608d/src/pentesting-cloud/gcp-security/gcp-privilege-escalation/gcp-networksecurity-privesc.md,Existing direct escalation rule; separately review disclosure-only grants
gcp,networksecurity.addressGroups.update,high,medium,https://github.com/HackTricks-wiki/hacktricks-cloud/blob/45bcf7a7381a496d6dfd5b5d533681fff85c608d/src/pentesting-cloud/gcp-security/gcp-privilege-escalation/gcp-networksecurity-privesc.md,Documented escalation primitive requiring target context or other capabilities
gcp,networksecurity.authorizationPolicies.setIamPolicy,critical,critical,https://github.com/HackTricks-wiki/hacktricks-cloud/blob/45bcf7a7381a496d6dfd5b5d533681fff85c608d/src/pentesting-cloud/gcp-security/gcp-privilege-escalation/gcp-networksecurity-privesc.md,Existing direct escalation rule; separately review disclosure-only grants
gcp,networksecurity.authorizationPolicies.update,high,medium,https://github.com/HackTricks-wiki/hacktricks-cloud/blob/45bcf7a7381a496d6dfd5b5d533681fff85c608d/src/pentesting-cloud/gcp-security/gcp-privilege-escalation/gcp-networksecurity-privesc.md,Documented escalation primitive requiring target context or other capabilities
gcp,networksecurity.authzPolicies.create,high,medium,https://github.com/HackTricks-wiki/hacktricks-cloud/blob/45bcf7a7381a496d6dfd5b5d533681fff85c608d/src/pentesting-cloud/gcp-security/gcp-privilege-escalation/gcp-networksecurity-privesc.md,Documented escalation primitive requiring target context or other capabilities
gcp,networksecurity.authzPolicies.setIamPolicy,critical,critical,https://github.com/HackTricks-wiki/hacktricks-cloud/blob/45bcf7a7381a496d6dfd5b5d533681fff85c608d/src/pentesting-cloud/gcp-security/gcp-privilege-escalation/gcp-networksecurity-privesc.md,Existing direct escalation rule; separately review disclosure-only grants
gcp,networksecurity.authzPolicies.update,high,medium,https://github.com/HackTricks-wiki/hacktricks-cloud/blob/45bcf7a7381a496d6dfd5b5d533681fff85c608d/src/pentesting-cloud/gcp-security/gcp-privilege-escalation/gcp-networksecurity-privesc.md,Documented escalation primitive requiring target context or other capabilities
gcp,networksecurity.clientTlsPolicies.setIamPolicy,critical,critical,https://github.com/HackTricks-wiki/hacktricks-cloud/blob/45bcf7a7381a496d6dfd5b5d533681fff85c608d/src/pentesting-cloud/gcp-security/gcp-privilege-escalation/gcp-networksecurity-privesc.md,Existing direct escalation rule; separately review disclosure-only grants
gcp,networksecurity.dnsThreatDetectors.update,medium,medium,https://github.com/HackTricks-wiki/hacktricks-cloud/blob/45bcf7a7381a496d6dfd5b5d533681fff85c608d/src/pentesting-cloud/gcp-security/gcp-post-exploitation/gcp-ids-post-exploitation.md,"Availability, integrity or telemetry impact without standalone sensitive access"
gcp,networksecurity.interceptDeploymentGroups.use,high,medium,https://github.com/HackTricks-wiki/hacktricks-cloud/blob/45bcf7a7381a496d6dfd5b5d533681fff85c608d/src/pentesting-cloud/gcp-security/gcp-post-exploitation/gcp-ids-post-exploitation.md,"Conditional access, interception, execution or security-boundary change"
gcp,networksecurity.interceptDeployments.create,high,medium,https://github.com/HackTricks-wiki/hacktricks-cloud/blob/45bcf7a7381a496d6dfd5b5d533681fff85c608d/src/pentesting-cloud/gcp-security/gcp-privilege-escalation/gcp-networksecurity-privesc.md,Documented escalation primitive requiring target context or other capabilities
gcp,networksecurity.interceptEndpointGroupAssociations.create,high,medium,https://github.com/HackTricks-wiki/hacktricks-cloud/blob/45bcf7a7381a496d6dfd5b5d533681fff85c608d/src/pentesting-cloud/gcp-security/gcp-post-exploitation/gcp-ids-post-exploitation.md,"Conditional access, interception, execution or security-boundary change"
gcp,networksecurity.interceptEndpointGroups.create,high,medium,https://github.com/HackTricks-wiki/hacktricks-cloud/blob/45bcf7a7381a496d6dfd5b5d533681fff85c608d/src/pentesting-cloud/gcp-security/gcp-post-exploitation/gcp-ids-post-exploitation.md,"Conditional access, interception, execution or security-boundary change"
gcp,networksecurity.interceptEndpointGroups.use,high,medium,https://github.com/HackTricks-wiki/hacktricks-cloud/blob/45bcf7a7381a496d6dfd5b5d533681fff85c608d/src/pentesting-cloud/gcp-security/gcp-post-exploitation/gcp-ids-post-exploitation.md,"Conditional access, interception, execution or security-boundary change"
gcp,networksecurity.mirroringDeploymentGroups.use,high,medium,https://github.com/HackTricks-wiki/hacktricks-cloud/blob/45bcf7a7381a496d6dfd5b5d533681fff85c608d/src/pentesting-cloud/gcp-security/gcp-post-exploitation/gcp-ids-post-exploitation.md,"Conditional access, interception, execution or security-boundary change"
gcp,networksecurity.mirroringEndpointGroupAssociations.create,high,medium,https://github.com/HackTricks-wiki/hacktricks-cloud/blob/45bcf7a7381a496d6dfd5b5d533681fff85c608d/src/pentesting-cloud/gcp-security/gcp-post-exploitation/gcp-ids-post-exploitation.md,"Conditional access, interception, execution or security-boundary change"
gcp,networksecurity.mirroringEndpointGroups.create,high,medium,https://github.com/HackTricks-wiki/hacktricks-cloud/blob/45bcf7a7381a496d6dfd5b5d533681fff85c608d/src/pentesting-cloud/gcp-security/gcp-post-exploitation/gcp-ids-post-exploitation.md,"Conditional access, interception, execution or security-boundary change"
gcp,networksecurity.mirroringEndpointGroups.use,high,medium,https://github.com/HackTricks-wiki/hacktricks-cloud/blob/45bcf7a7381a496d6dfd5b5d533681fff85c608d/src/pentesting-cloud/gcp-security/gcp-post-exploitation/gcp-ids-post-exploitation.md,"Conditional access, interception, execution or security-boundary change"
gcp,networksecurity.securityProfileGroups.create,high,medium,https://github.com/HackTricks-wiki/hacktricks-cloud/blob/45bcf7a7381a496d6dfd5b5d533681fff85c608d/src/pentesting-cloud/gcp-security/gcp-post-exploitation/gcp-ids-post-exploitation.md,"Conditional access, interception, execution or security-boundary change"
gcp,networksecurity.securityProfileGroups.use,high,medium,https://github.com/HackTricks-wiki/hacktricks-cloud/blob/45bcf7a7381a496d6dfd5b5d533681fff85c608d/src/pentesting-cloud/gcp-security/gcp-post-exploitation/gcp-ids-post-exploitation.md,"Conditional access, interception, execution or security-boundary change"
gcp,networksecurity.securityProfiles.create,high,medium,https://github.com/HackTricks-wiki/hacktricks-cloud/blob/45bcf7a7381a496d6dfd5b5d533681fff85c608d/src/pentesting-cloud/gcp-security/gcp-post-exploitation/gcp-ids-post-exploitation.md,"Conditional access, interception, execution or security-boundary change"
gcp,networksecurity.securityProfiles.update,high,medium,https://github.com/HackTricks-wiki/hacktricks-cloud/blob/45bcf7a7381a496d6dfd5b5d533681fff85c608d/src/pentesting-cloud/gcp-security/gcp-post-exploitation/gcp-ids-post-exploitation.md,"Conditional access, interception, execution or security-boundary change"
gcp,networksecurity.securityProfiles.use,high,medium,https://github.com/HackTricks-wiki/hacktricks-cloud/blob/45bcf7a7381a496d6dfd5b5d533681fff85c608d/src/pentesting-cloud/gcp-security/gcp-post-exploitation/gcp-ids-post-exploitation.md,"Conditional access, interception, execution or security-boundary change"
gcp,networksecurity.serverTlsPolicies.setIamPolicy,critical,critical,https://github.com/HackTricks-wiki/hacktricks-cloud/blob/45bcf7a7381a496d6dfd5b5d533681fff85c608d/src/pentesting-cloud/gcp-security/gcp-privilege-escalation/gcp-networksecurity-privesc.md,Existing direct escalation rule; separately review disclosure-only grants
gcp,networksecurity.serverTlsPolicies.use,high,medium,https://github.com/HackTricks-wiki/hacktricks-cloud/blob/45bcf7a7381a496d6dfd5b5d533681fff85c608d/src/pentesting-cloud/gcp-security/gcp-post-exploitation/gcp-certificate-manager-post-exploitation.md,"Conditional access, interception, execution or security-boundary change"
gcp,networkservices.authzExtensions.create,high,medium,https://github.com/HackTricks-wiki/hacktricks-cloud/blob/45bcf7a7381a496d6dfd5b5d533681fff85c608d/src/pentesting-cloud/gcp-security/gcp-privilege-escalation/gcp-networkservices-privesc.md,Documented escalation primitive requiring target context or other capabilities
gcp,networkservices.authzExtensions.use,high,medium,https://github.com/HackTricks-wiki/hacktricks-cloud/blob/45bcf7a7381a496d6dfd5b5d533681fff85c608d/src/pentesting-cloud/gcp-security/gcp-privilege-escalation/gcp-networksecurity-privesc.md,Documented escalation primitive requiring target context or other capabilities
gcp,networkservices.googleTagGatewayPolicies.create,high,medium,https://github.com/HackTricks-wiki/hacktricks-cloud/blob/45bcf7a7381a496d6dfd5b5d533681fff85c608d/src/pentesting-cloud/gcp-security/gcp-privilege-escalation/gcp-networkservices-privesc.md,Documented escalation primitive requiring target context or other capabilities
gcp,networkservices.lbTrafficExtensions.create,high,medium,https://github.com/HackTricks-wiki/hacktricks-cloud/blob/45bcf7a7381a496d6dfd5b5d533681fff85c608d/src/pentesting-cloud/gcp-security/gcp-privilege-escalation/gcp-networkservices-privesc.md,Documented escalation primitive requiring target context or other capabilities
gcp,networkservices.meshes.use,high,medium,https://github.com/HackTricks-wiki/hacktricks-cloud/blob/45bcf7a7381a496d6dfd5b5d533681fff85c608d/src/pentesting-cloud/gcp-security/gcp-privilege-escalation/gcp-networkservices-privesc.md,Documented escalation primitive requiring target context or other capabilities
gcp,networkservices.wasmPlugins.create,high,medium,https://github.com/HackTricks-wiki/hacktricks-cloud/blob/45bcf7a7381a496d6dfd5b5d533681fff85c608d/src/pentesting-cloud/gcp-security/gcp-privilege-escalation/gcp-networkservices-privesc.md,Documented escalation primitive requiring target context or other capabilities
gcp,notebooks.instances.create,high,medium,https://github.com/HackTricks-wiki/hacktricks-cloud/blob/45bcf7a7381a496d6dfd5b5d533681fff85c608d/src/pentesting-cloud/gcp-security/gcp-privilege-escalation/gcp-vertex-ai-privesc.md,Documented escalation primitive requiring target context or other capabilities
gcp,notebooks.instances.reset,high,medium,https://github.com/HackTricks-wiki/hacktricks-cloud/blob/45bcf7a7381a496d6dfd5b5d533681fff85c608d/src/pentesting-cloud/gcp-security/gcp-privilege-escalation/gcp-vertex-ai-privesc.md,Documented escalation primitive requiring target context or other capabilities
gcp,notebooks.instances.setIamPolicy,critical,critical,https://github.com/HackTricks-wiki/hacktricks-cloud/blob/45bcf7a7381a496d6dfd5b5d533681fff85c608d/src/pentesting-cloud/gcp-security/gcp-privilege-escalation/gcp-vertex-ai-privesc.md,Existing direct escalation rule; separately review disclosure-only grants
gcp,notebooks.instances.update,high,medium,https://github.com/HackTricks-wiki/hacktricks-cloud/blob/45bcf7a7381a496d6dfd5b5d533681fff85c608d/src/pentesting-cloud/gcp-security/gcp-privilege-escalation/gcp-vertex-ai-privesc.md,Documented escalation primitive requiring target context or other capabilities
gcp,notebooks.instances.use,high,medium,https://github.com/HackTricks-wiki/hacktricks-cloud/blob/45bcf7a7381a496d6dfd5b5d533681fff85c608d/src/pentesting-cloud/gcp-security/gcp-privilege-escalation/gcp-vertex-ai-privesc.md,Documented escalation primitive requiring target context or other capabilities
gcp,observability.links.create,high,medium,https://github.com/HackTricks-wiki/hacktricks-cloud/blob/45bcf7a7381a496d6dfd5b5d533681fff85c608d/src/pentesting-cloud/gcp-security/gcp-post-exploitation/gcp-observability-post-exploitation.md,Documented sensitive-data or credential access
gcp,observability.views.access,high,medium,https://github.com/HackTricks-wiki/hacktricks-cloud/blob/45bcf7a7381a496d6dfd5b5d533681fff85c608d/src/pentesting-cloud/gcp-security/gcp-post-exploitation/gcp-observability-post-exploitation.md,Documented sensitive-data or credential access
gcp,oracledatabase.autonomousDatabases.generateWallet,high,medium,https://github.com/HackTricks-wiki/hacktricks-cloud/blob/45bcf7a7381a496d6dfd5b5d533681fff85c608d/src/pentesting-cloud/gcp-security/gcp-post-exploitation/gcp-oracle-database-post-exploitation.md,Documented sensitive-data or credential access
gcp,orgpolicy.customConstraints.create,high,medium,https://github.com/HackTricks-wiki/hacktricks-cloud/blob/45bcf7a7381a496d6dfd5b5d533681fff85c608d/src/pentesting-cloud/gcp-security/gcp-privilege-escalation/gcp-orgpolicy-privesc.md,Documented escalation primitive requiring target context or other capabilities
gcp,orgpolicy.customConstraints.update,high,medium,https://github.com/HackTricks-wiki/hacktricks-cloud/blob/45bcf7a7381a496d6dfd5b5d533681fff85c608d/src/pentesting-cloud/gcp-security/gcp-privilege-escalation/gcp-orgpolicy-privesc.md,Documented escalation primitive requiring target context or other capabilities
gcp,orgpolicy.policies.create,high,medium,https://github.com/HackTricks-wiki/hacktricks-cloud/blob/45bcf7a7381a496d6dfd5b5d533681fff85c608d/src/pentesting-cloud/gcp-security/gcp-privilege-escalation/gcp-orgpolicy-privesc.md,Documented escalation primitive requiring target context or other capabilities
gcp,orgpolicy.policies.delete,high,medium,https://github.com/HackTricks-wiki/hacktricks-cloud/blob/45bcf7a7381a496d6dfd5b5d533681fff85c608d/src/pentesting-cloud/gcp-security/gcp-privilege-escalation/gcp-orgpolicy-privesc.md,Documented escalation primitive requiring target context or other capabilities
gcp,orgpolicy.policies.update,high,medium,https://github.com/HackTricks-wiki/hacktricks-cloud/blob/45bcf7a7381a496d6dfd5b5d533681fff85c608d/src/pentesting-cloud/gcp-security/gcp-privilege-escalation/gcp-orgpolicy-privesc.md,Documented escalation primitive requiring target context or other capabilities
gcp,osconfig.guestPolicies.create,critical,medium,https://github.com/HackTricks-wiki/hacktricks-cloud/blob/45bcf7a7381a496d6dfd5b5d533681fff85c608d/src/pentesting-cloud/gcp-security/gcp-privilege-escalation/gcp-osconfig-privesc.md,"Direct privilege grant, identity takeover or near-self-sufficient privileged execution documented by the source"
gcp,osconfig.guestPolicies.update,critical,medium,https://github.com/HackTricks-wiki/hacktricks-cloud/blob/45bcf7a7381a496d6dfd5b5d533681fff85c608d/src/pentesting-cloud/gcp-security/gcp-privilege-escalation/gcp-osconfig-privesc.md,"Direct privilege grant, identity takeover or near-self-sufficient privileged execution documented by the source"
gcp,osconfig.osPolicyAssignments.create,critical,medium,https://github.com/HackTricks-wiki/hacktricks-cloud/blob/45bcf7a7381a496d6dfd5b5d533681fff85c608d/src/pentesting-cloud/gcp-security/gcp-privilege-escalation/gcp-osconfig-privesc.md,"Direct privilege grant, identity takeover or near-self-sufficient privileged execution documented by the source"
gcp,osconfig.osPolicyAssignments.update,critical,medium,https://github.com/HackTricks-wiki/hacktricks-cloud/blob/45bcf7a7381a496d6dfd5b5d533681fff85c608d/src/pentesting-cloud/gcp-security/gcp-privilege-escalation/gcp-osconfig-privesc.md,"Direct privilege grant, identity takeover or near-self-sufficient privileged execution documented by the source"
gcp,osconfig.patchDeployments.create,critical,medium,https://github.com/HackTricks-wiki/hacktricks-cloud/blob/45bcf7a7381a496d6dfd5b5d533681fff85c608d/src/pentesting-cloud/gcp-security/gcp-persistence/gcp-compute-persistence.md,Existing direct administrator takeover or privileged execution; retain source-validated Critical severity
gcp,osconfig.patchDeployments.update,high,medium,https://github.com/HackTricks-wiki/hacktricks-cloud/blob/45bcf7a7381a496d6dfd5b5d533681fff85c608d/src/pentesting-cloud/gcp-security/gcp-privilege-escalation/gcp-osconfig-privesc.md,Documented escalation primitive requiring target context or other capabilities
gcp,osconfig.policyOrchestrators.create,critical,medium,https://github.com/HackTricks-wiki/hacktricks-cloud/blob/45bcf7a7381a496d6dfd5b5d533681fff85c608d/src/pentesting-cloud/gcp-security/gcp-privilege-escalation/gcp-osconfig-privesc.md,"Direct privilege grant, identity takeover or near-self-sufficient privileged execution documented by the source"
gcp,privateca.caPools.setIamPolicy,critical,critical,https://github.com/HackTricks-wiki/hacktricks-cloud/blob/45bcf7a7381a496d6dfd5b5d533681fff85c608d/src/pentesting-cloud/gcp-security/gcp-privilege-escalation/gcp-certificate-authority-service-privesc.md,Existing direct escalation rule; separately review disclosure-only grants
gcp,privateca.caPools.update,high,medium,https://github.com/HackTricks-wiki/hacktricks-cloud/blob/45bcf7a7381a496d6dfd5b5d533681fff85c608d/src/pentesting-cloud/gcp-security/gcp-privilege-escalation/gcp-certificate-authority-service-privesc.md,Documented escalation primitive requiring target context or other capabilities
gcp,privateca.certificateAuthorities.create,high,medium,https://github.com/HackTricks-wiki/hacktricks-cloud/blob/45bcf7a7381a496d6dfd5b5d533681fff85c608d/src/pentesting-cloud/gcp-security/gcp-persistence/gcp-certificate-authority-service-persistence.md,Documented conditional persistence or retained access
gcp,privateca.certificateAuthorities.update,high,medium,https://github.com/HackTricks-wiki/hacktricks-cloud/blob/45bcf7a7381a496d6dfd5b5d533681fff85c608d/src/pentesting-cloud/gcp-security/gcp-persistence/gcp-certificate-authority-service-persistence.md,Documented conditional persistence or retained access
gcp,privateca.certificateTemplates.update,high,medium,https://github.com/HackTricks-wiki/hacktricks-cloud/blob/45bcf7a7381a496d6dfd5b5d533681fff85c608d/src/pentesting-cloud/gcp-security/gcp-privilege-escalation/gcp-certificate-authority-service-privesc.md,Documented escalation primitive requiring target context or other capabilities
gcp,privateca.certificateTemplates.use,high,medium,https://github.com/HackTricks-wiki/hacktricks-cloud/blob/45bcf7a7381a496d6dfd5b5d533681fff85c608d/src/pentesting-cloud/gcp-security/gcp-privilege-escalation/gcp-certificate-authority-service-privesc.md,Documented escalation primitive requiring target context or other capabilities
gcp,privateca.certificates.create,high,medium,https://github.com/HackTricks-wiki/hacktricks-cloud/blob/45bcf7a7381a496d6dfd5b5d533681fff85c608d/src/pentesting-cloud/gcp-security/gcp-persistence/gcp-certificate-authority-service-persistence.md,Documented conditional persistence or retained access
gcp,privateca.certificates.createForSelf,high,medium,https://github.com/HackTricks-wiki/hacktricks-cloud/blob/45bcf7a7381a496d6dfd5b5d533681fff85c608d/src/pentesting-cloud/gcp-security/gcp-privilege-escalation/gcp-certificate-authority-service-privesc.md,Documented escalation primitive requiring target context or other capabilities
gcp,pubsub.schemas.attach,medium,medium,https://github.com/HackTricks-wiki/hacktricks-cloud/blob/45bcf7a7381a496d6dfd5b5d533681fff85c608d/src/pentesting-cloud/gcp-security/gcp-post-exploitation/gcp-pub-sub-post-exploitation.md,"Availability, integrity or telemetry impact without standalone sensitive access"
gcp,pubsub.schemas.create,medium,medium,https://github.com/HackTricks-wiki/hacktricks-cloud/blob/45bcf7a7381a496d6dfd5b5d533681fff85c608d/src/pentesting-cloud/gcp-security/gcp-post-exploitation/gcp-pub-sub-post-exploitation.md,"Availability, integrity or telemetry impact without standalone sensitive access"
gcp,pubsub.snapshots.create,medium,medium,https://github.com/HackTricks-wiki/hacktricks-cloud/blob/45bcf7a7381a496d6dfd5b5d533681fff85c608d/src/pentesting-cloud/gcp-security/gcp-post-exploitation/gcp-pub-sub-post-exploitation.md,"Availability, integrity or telemetry impact without standalone sensitive access"
gcp,pubsub.subscriptions.create,high,medium,https://github.com/HackTricks-wiki/hacktricks-cloud/blob/45bcf7a7381a496d6dfd5b5d533681fff85c608d/src/pentesting-cloud/gcp-security/gcp-persistence/gcp-cloud-run-persistence.md,Documented conditional persistence or retained access
gcp,pubsub.subscriptions.delete,medium,medium,https://github.com/HackTricks-wiki/hacktricks-cloud/blob/45bcf7a7381a496d6dfd5b5d533681fff85c608d/src/pentesting-cloud/gcp-security/gcp-post-exploitation/gcp-pub-sub-post-exploitation.md,"Availability or cleanup, not standalone escalation"
gcp,pubsub.subscriptions.setIamPolicy,critical,critical,https://github.com/HackTricks-wiki/hacktricks-cloud/blob/45bcf7a7381a496d6dfd5b5d533681fff85c608d/src/pentesting-cloud/gcp-security/gcp-persistence/gcp-pub-sub-persistence.md,Existing direct escalation rule; separately review disclosure-only grants
gcp,pubsub.subscriptions.update,high,medium,https://github.com/HackTricks-wiki/hacktricks-cloud/blob/45bcf7a7381a496d6dfd5b5d533681fff85c608d/src/pentesting-cloud/gcp-security/gcp-post-exploitation/gcp-pub-sub-post-exploitation.md,Documented sensitive-data or credential access
gcp,pubsub.topics.attachSubscription,high,medium,https://github.com/HackTricks-wiki/hacktricks-cloud/blob/45bcf7a7381a496d6dfd5b5d533681fff85c608d/src/pentesting-cloud/gcp-security/gcp-post-exploitation/gcp-pub-sub-post-exploitation.md,Documented sensitive-data or credential access
gcp,pubsub.topics.create,medium,medium,https://github.com/HackTricks-wiki/hacktricks-cloud/blob/45bcf7a7381a496d6dfd5b5d533681fff85c608d/src/pentesting-cloud/gcp-security/gcp-post-exploitation/gcp-pub-sub-post-exploitation.md,"Availability, integrity or telemetry impact without standalone sensitive access"
gcp,pubsub.topics.delete,medium,medium,https://github.com/HackTricks-wiki/hacktricks-cloud/blob/45bcf7a7381a496d6dfd5b5d533681fff85c608d/src/pentesting-cloud/gcp-security/gcp-post-exploitation/gcp-pub-sub-post-exploitation.md,"Availability or cleanup, not standalone escalation"
gcp,pubsub.topics.detachSubscription,medium,medium,https://github.com/HackTricks-wiki/hacktricks-cloud/blob/45bcf7a7381a496d6dfd5b5d533681fff85c608d/src/pentesting-cloud/gcp-security/gcp-post-exploitation/gcp-pub-sub-post-exploitation.md,"Availability, integrity or telemetry impact without standalone sensitive access"
gcp,pubsub.topics.setIamPolicy,critical,critical,https://github.com/HackTricks-wiki/hacktricks-cloud/blob/45bcf7a7381a496d6dfd5b5d533681fff85c608d/src/pentesting-cloud/gcp-security/gcp-persistence/gcp-healthcare-persistence.md,Existing direct escalation rule; separately review disclosure-only grants
gcp,pubsub.topics.update,medium,medium,https://github.com/HackTricks-wiki/hacktricks-cloud/blob/45bcf7a7381a496d6dfd5b5d533681fff85c608d/src/pentesting-cloud/gcp-security/gcp-post-exploitation/gcp-pub-sub-post-exploitation.md,"Availability, integrity or telemetry impact without standalone sensitive access"
gcp,recaptchaenterprise.assessments.create,medium,medium,https://github.com/HackTricks-wiki/hacktricks-cloud/blob/45bcf7a7381a496d6dfd5b5d533681fff85c608d/src/pentesting-cloud/gcp-security/gcp-post-exploitation/gcp-recaptcha-enterprise-post-exploitation.md,"Availability, integrity or telemetry impact without standalone sensitive access"
gcp,recaptchaenterprise.firewallpolicies.create,high,medium,https://github.com/HackTricks-wiki/hacktricks-cloud/blob/45bcf7a7381a496d6dfd5b5d533681fff85c608d/src/pentesting-cloud/gcp-security/gcp-post-exploitation/gcp-recaptcha-enterprise-post-exploitation.md,"Conditional access, interception, execution or security-boundary change"
gcp,recaptchaenterprise.firewallpolicies.update,high,medium,https://github.com/HackTricks-wiki/hacktricks-cloud/blob/45bcf7a7381a496d6dfd5b5d533681fff85c608d/src/pentesting-cloud/gcp-security/gcp-post-exploitation/gcp-recaptcha-enterprise-post-exploitation.md,"Conditional access, interception, execution or security-boundary change"
gcp,recaptchaenterprise.keys.retrievelegacysecretkey,high,medium,https://github.com/HackTricks-wiki/hacktricks-cloud/blob/45bcf7a7381a496d6dfd5b5d533681fff85c608d/src/pentesting-cloud/gcp-security/gcp-post-exploitation/gcp-recaptcha-enterprise-post-exploitation.md,Documented sensitive-data or credential access
gcp,recaptchaenterprise.keys.update,high,medium,https://github.com/HackTricks-wiki/hacktricks-cloud/blob/45bcf7a7381a496d6dfd5b5d533681fff85c608d/src/pentesting-cloud/gcp-security/gcp-post-exploitation/gcp-recaptcha-enterprise-post-exploitation.md,"Conditional access, interception, execution or security-boundary change"
gcp,recaptchaenterprise.policies.update,high,medium,https://github.com/HackTricks-wiki/hacktricks-cloud/blob/45bcf7a7381a496d6dfd5b5d533681fff85c608d/src/pentesting-cloud/gcp-security/gcp-post-exploitation/gcp-recaptcha-enterprise-post-exploitation.md,"Conditional access, interception, execution or security-boundary change"
gcp,recommender.iamPolicyInsights.update,medium,medium,https://github.com/HackTricks-wiki/hacktricks-cloud/blob/45bcf7a7381a496d6dfd5b5d533681fff85c608d/src/pentesting-cloud/gcp-security/gcp-post-exploitation/gcp-recommender-post-exploitation.md,"Availability, integrity or telemetry impact without standalone sensitive access"
gcp,recommender.iamPolicyRecommendations.update,medium,medium,https://github.com/HackTricks-wiki/hacktricks-cloud/blob/45bcf7a7381a496d6dfd5b5d533681fff85c608d/src/pentesting-cloud/gcp-security/gcp-post-exploitation/gcp-recommender-post-exploitation.md,"Availability, integrity or telemetry impact without standalone sensitive access"
gcp,redis.clusters.connect,high,medium,https://github.com/HackTricks-wiki/hacktricks-cloud/blob/45bcf7a7381a496d6dfd5b5d533681fff85c608d/src/pentesting-cloud/gcp-security/gcp-post-exploitation/gcp-memorystore-post-exploitation.md,Documented sensitive-data or credential access
gcp,redis.instances.export,high,medium,https://github.com/HackTricks-wiki/hacktricks-cloud/blob/45bcf7a7381a496d6dfd5b5d533681fff85c608d/src/pentesting-cloud/gcp-security/gcp-post-exploitation/gcp-memorystore-post-exploitation.md,Documented sensitive-data or credential access
gcp,redis.instances.update,medium,medium,https://github.com/HackTricks-wiki/hacktricks-cloud/blob/45bcf7a7381a496d6dfd5b5d533681fff85c608d/src/pentesting-cloud/gcp-security/gcp-post-exploitation/gcp-memorystore-post-exploitation.md,"Availability, integrity or telemetry impact without standalone sensitive access"
gcp,resourcemanager.folders.move,high,medium,https://github.com/HackTricks-wiki/hacktricks-cloud/blob/45bcf7a7381a496d6dfd5b5d533681fff85c608d/src/pentesting-cloud/gcp-security/gcp-privilege-escalation/gcp-resourcemanager-privesc.md,Documented escalation primitive requiring target context or other capabilities
gcp,resourcemanager.hierarchyNodes.createTagBinding,high,medium,https://github.com/HackTricks-wiki/hacktricks-cloud/blob/45bcf7a7381a496d6dfd5b5d533681fff85c608d/src/pentesting-cloud/gcp-security/gcp-privilege-escalation/gcp-resourcemanager-privesc.md,Documented escalation primitive requiring target context or other capabilities
gcp,resourcemanager.projects.deletePolicyBinding,high,medium,https://github.com/HackTricks-wiki/hacktricks-cloud/blob/45bcf7a7381a496d6dfd5b5d533681fff85c608d/src/pentesting-cloud/gcp-security/gcp-privilege-escalation/gcp-resourcemanager-privesc.md,Documented escalation primitive requiring target context or other capabilities
gcp,resourcemanager.projects.move,high,medium,https://github.com/HackTricks-wiki/hacktricks-cloud/blob/45bcf7a7381a496d6dfd5b5d533681fff85c608d/src/pentesting-cloud/gcp-security/gcp-privilege-escalation/gcp-resourcemanager-privesc.md,Documented escalation primitive requiring target context or other capabilities
gcp,resourcemanager.projects.update,high,medium,https://github.com/HackTricks-wiki/hacktricks-cloud/blob/45bcf7a7381a496d6dfd5b5d533681fff85c608d/src/pentesting-cloud/gcp-security/gcp-privilege-escalation/gcp-resourcemanager-privesc.md,Documented escalation primitive requiring target context or other capabilities
gcp,resourcemanager.projects.updatePolicyBinding,high,medium,https://github.com/HackTricks-wiki/hacktricks-cloud/blob/45bcf7a7381a496d6dfd5b5d533681fff85c608d/src/pentesting-cloud/gcp-security/gcp-privilege-escalation/gcp-resourcemanager-privesc.md,Documented escalation primitive requiring target context or other capabilities
gcp,resourcemanager.tagKeys.setIamPolicy,critical,critical,https://github.com/HackTricks-wiki/hacktricks-cloud/blob/45bcf7a7381a496d6dfd5b5d533681fff85c608d/src/pentesting-cloud/gcp-security/gcp-privilege-escalation/gcp-resourcemanager-privesc.md,Existing direct escalation rule; separately review disclosure-only grants
gcp,resourcemanager.tagValueBindings.create,high,medium,https://github.com/HackTricks-wiki/hacktricks-cloud/blob/45bcf7a7381a496d6dfd5b5d533681fff85c608d/src/pentesting-cloud/gcp-security/gcp-privilege-escalation/gcp-resourcemanager-privesc.md,Documented escalation primitive requiring target context or other capabilities
gcp,resourcemanager.tagValues.setIamPolicy,critical,critical,https://github.com/HackTricks-wiki/hacktricks-cloud/blob/45bcf7a7381a496d6dfd5b5d533681fff85c608d/src/pentesting-cloud/gcp-security/gcp-privilege-escalation/gcp-resourcemanager-privesc.md,Existing direct escalation rule; separately review disclosure-only grants
gcp,run.jobs.create,high,medium,https://github.com/HackTricks-wiki/hacktricks-cloud/blob/45bcf7a7381a496d6dfd5b5d533681fff85c608d/src/pentesting-cloud/gcp-security/gcp-privilege-escalation/gcp-run-privesc.md,Documented escalation primitive requiring target context or other capabilities
gcp,run.jobs.delete,medium,medium,https://github.com/HackTricks-wiki/hacktricks-cloud/blob/45bcf7a7381a496d6dfd5b5d533681fff85c608d/src/pentesting-cloud/gcp-security/gcp-post-exploitation/gcp-cloud-run-post-exploitation.md,"Availability or cleanup, not standalone escalation"
gcp,run.jobs.setIamPolicy,critical,critical,https://github.com/HackTricks-wiki/hacktricks-cloud/blob/45bcf7a7381a496d6dfd5b5d533681fff85c608d/src/pentesting-cloud/gcp-security/gcp-privilege-escalation/gcp-run-privesc.md,Existing direct escalation rule; separately review disclosure-only grants
gcp,run.jobs.update,high,medium,https://github.com/HackTricks-wiki/hacktricks-cloud/blob/45bcf7a7381a496d6dfd5b5d533681fff85c608d/src/pentesting-cloud/gcp-security/gcp-privilege-escalation/gcp-run-privesc.md,Documented escalation primitive requiring target context or other capabilities
gcp,run.locations.exportImage,high,medium,https://github.com/HackTricks-wiki/hacktricks-cloud/blob/45bcf7a7381a496d6dfd5b5d533681fff85c608d/src/pentesting-cloud/gcp-security/gcp-post-exploitation/gcp-cloud-run-post-exploitation.md,Documented sensitive-data or credential access
gcp,run.revisions.delete,medium,medium,https://github.com/HackTricks-wiki/hacktricks-cloud/blob/45bcf7a7381a496d6dfd5b5d533681fff85c608d/src/pentesting-cloud/gcp-security/gcp-post-exploitation/gcp-cloud-run-post-exploitation.md,"Availability or cleanup, not standalone escalation"
gcp,run.services.create,high,medium,https://github.com/HackTricks-wiki/hacktricks-cloud/blob/45bcf7a7381a496d6dfd5b5d533681fff85c608d/src/pentesting-cloud/gcp-security/gcp-post-exploitation/gcp-cloud-run-post-exploitation.md,"Conditional access, interception, execution or security-boundary change"
gcp,run.services.delete,medium,medium,https://github.com/HackTricks-wiki/hacktricks-cloud/blob/45bcf7a7381a496d6dfd5b5d533681fff85c608d/src/pentesting-cloud/gcp-security/gcp-post-exploitation/gcp-cloud-run-post-exploitation.md,"Availability or cleanup, not standalone escalation"
gcp,run.services.setIamPolicy,critical,critical,https://github.com/HackTricks-wiki/hacktricks-cloud/blob/45bcf7a7381a496d6dfd5b5d533681fff85c608d/src/pentesting-cloud/gcp-security/gcp-persistence/gcp-cloud-run-persistence.md,Existing direct escalation rule; separately review disclosure-only grants
gcp,run.services.update,high,medium,https://github.com/HackTricks-wiki/hacktricks-cloud/blob/45bcf7a7381a496d6dfd5b5d533681fff85c608d/src/pentesting-cloud/gcp-security/gcp-persistence/gcp-cloud-run-persistence.md,Documented conditional persistence or retained access
gcp,run.workerpools.create,high,medium,https://github.com/HackTricks-wiki/hacktricks-cloud/blob/45bcf7a7381a496d6dfd5b5d533681fff85c608d/src/pentesting-cloud/gcp-security/gcp-privilege-escalation/gcp-run-privesc.md,Documented escalation primitive requiring target context or other capabilities
gcp,run.workerpools.update,high,medium,https://github.com/HackTricks-wiki/hacktricks-cloud/blob/45bcf7a7381a496d6dfd5b5d533681fff85c608d/src/pentesting-cloud/gcp-security/gcp-privilege-escalation/gcp-run-privesc.md,Documented escalation primitive requiring target context or other capabilities
gcp,runtimeconfig.configs.setIamPolicy,critical,critical,https://github.com/HackTricks-wiki/hacktricks-cloud/blob/45bcf7a7381a496d6dfd5b5d533681fff85c608d/src/pentesting-cloud/gcp-security/gcp-privilege-escalation/gcp-runtimeconfig-privesc.md,Existing direct escalation rule; separately review disclosure-only grants
gcp,runtimeconfig.variables.get,high,low,https://github.com/HackTricks-wiki/hacktricks-cloud/blob/45bcf7a7381a496d6dfd5b5d533681fff85c608d/src/pentesting-cloud/gcp-security/gcp-post-exploitation/gcp-runtimeconfig-post-exploitation.md,Documented sensitive-data or credential access
gcp,saasservicemgmt.flagReleases.create,medium,medium,https://github.com/HackTricks-wiki/hacktricks-cloud/blob/45bcf7a7381a496d6dfd5b5d533681fff85c608d/src/pentesting-cloud/gcp-security/gcp-post-exploitation/gcp-app-lifecycle-manager-post-exploitation.md,"Availability, integrity or telemetry impact without standalone sensitive access"
gcp,saasservicemgmt.flags.update,medium,medium,https://github.com/HackTricks-wiki/hacktricks-cloud/blob/45bcf7a7381a496d6dfd5b5d533681fff85c608d/src/pentesting-cloud/gcp-security/gcp-post-exploitation/gcp-app-lifecycle-manager-post-exploitation.md,"Availability, integrity or telemetry impact without standalone sensitive access"
gcp,saasservicemgmt.releases.create,high,medium,https://github.com/HackTricks-wiki/hacktricks-cloud/blob/45bcf7a7381a496d6dfd5b5d533681fff85c608d/src/pentesting-cloud/gcp-security/gcp-privilege-escalation/gcp-app-lifecycle-manager-privesc.md,Documented escalation primitive requiring target context or other capabilities
gcp,secretmanager.secrets.delete,medium,medium,https://github.com/HackTricks-wiki/hacktricks-cloud/blob/45bcf7a7381a496d6dfd5b5d533681fff85c608d/src/pentesting-cloud/gcp-security/gcp-post-exploitation/gcp-secretmanager-post-exploitation.md,"Availability or cleanup, not standalone escalation"
gcp,secretmanager.secrets.enableManagedRotation,high,medium,https://github.com/HackTricks-wiki/hacktricks-cloud/blob/45bcf7a7381a496d6dfd5b5d533681fff85c608d/src/pentesting-cloud/gcp-security/gcp-privilege-escalation/gcp-secretmanager-privesc.md,Documented escalation primitive requiring target context or other capabilities
gcp,secretmanager.secrets.setIamPolicy,critical,critical,https://github.com/HackTricks-wiki/hacktricks-cloud/blob/45bcf7a7381a496d6dfd5b5d533681fff85c608d/src/pentesting-cloud/gcp-security/gcp-privilege-escalation/gcp-secretmanager-privesc.md,Existing direct escalation rule; separately review disclosure-only grants
gcp,secretmanager.secrets.update,high,medium,https://github.com/HackTricks-wiki/hacktricks-cloud/blob/45bcf7a7381a496d6dfd5b5d533681fff85c608d/src/pentesting-cloud/gcp-security/gcp-persistence/gcp-secret-manager-persistence.md,Documented conditional persistence or retained access
gcp,secretmanager.versions.access,high,critical,https://github.com/HackTricks-wiki/hacktricks-cloud/blob/45bcf7a7381a496d6dfd5b5d533681fff85c608d/src/pentesting-cloud/gcp-security/gcp-post-exploitation/gcp-cloud-sql-post-exploitation.md,"Sensitive data, secret or plaintext access; no standalone privilege grant"
gcp,secretmanager.versions.add,high,high,https://github.com/HackTricks-wiki/hacktricks-cloud/blob/45bcf7a7381a496d6dfd5b5d533681fff85c608d/src/pentesting-cloud/gcp-security/gcp-post-exploitation/gcp-secretmanager-post-exploitation.md,Existing source-validated code/configuration poisoning or privileged trigger; retain conditional impact
gcp,secretmanager.versions.destroy,medium,high,https://github.com/HackTricks-wiki/hacktricks-cloud/blob/45bcf7a7381a496d6dfd5b5d533681fff85c608d/src/pentesting-cloud/gcp-security/gcp-post-exploitation/gcp-secretmanager-post-exploitation.md,"Availability, integrity or telemetry impact without standalone sensitive access"
gcp,secretmanager.versions.disable,medium,medium,https://github.com/HackTricks-wiki/hacktricks-cloud/blob/45bcf7a7381a496d6dfd5b5d533681fff85c608d/src/pentesting-cloud/gcp-security/gcp-post-exploitation/gcp-secretmanager-post-exploitation.md,"Availability, integrity or telemetry impact without standalone sensitive access"
gcp,secretmanager.versions.enable,medium,medium,https://github.com/HackTricks-wiki/hacktricks-cloud/blob/45bcf7a7381a496d6dfd5b5d533681fff85c608d/src/pentesting-cloud/gcp-security/gcp-persistence/gcp-secret-manager-persistence.md,"Availability, integrity, telemetry or operational impact; no direct sensitive access or escalation"
gcp,securesourcemanager.branchRules.create,high,medium,https://github.com/HackTricks-wiki/hacktricks-cloud/blob/45bcf7a7381a496d6dfd5b5d533681fff85c608d/src/pentesting-cloud/gcp-security/gcp-privilege-escalation/gcp-secure-source-manager-privesc.md,Documented escalation primitive requiring target context or other capabilities
gcp,securesourcemanager.hooks.create,high,medium,https://github.com/HackTricks-wiki/hacktricks-cloud/blob/45bcf7a7381a496d6dfd5b5d533681fff85c608d/src/pentesting-cloud/gcp-security/gcp-privilege-escalation/gcp-secure-source-manager-privesc.md,Documented escalation primitive requiring target context or other capabilities
gcp,securesourcemanager.instances.setIamPolicy,critical,critical,https://github.com/HackTricks-wiki/hacktricks-cloud/blob/45bcf7a7381a496d6dfd5b5d533681fff85c608d/src/pentesting-cloud/gcp-security/gcp-privilege-escalation/gcp-secure-source-manager-privesc.md,Existing direct escalation rule; separately review disclosure-only grants
gcp,securesourcemanager.repositories.approvePullRequests,high,medium,https://github.com/HackTricks-wiki/hacktricks-cloud/blob/45bcf7a7381a496d6dfd5b5d533681fff85c608d/src/pentesting-cloud/gcp-security/gcp-privilege-escalation/gcp-secure-source-manager-privesc.md,Documented escalation primitive requiring target context or other capabilities
gcp,securesourcemanager.repositories.fetch,high,low,https://github.com/HackTricks-wiki/hacktricks-cloud/blob/45bcf7a7381a496d6dfd5b5d533681fff85c608d/src/pentesting-cloud/gcp-security/gcp-post-exploitation/gcp-secure-source-manager-post-exploitation.md,Documented sensitive-data or credential access
gcp,securesourcemanager.repositories.readPullRequests,high,low,https://github.com/HackTricks-wiki/hacktricks-cloud/blob/45bcf7a7381a496d6dfd5b5d533681fff85c608d/src/pentesting-cloud/gcp-security/gcp-post-exploitation/gcp-secure-source-manager-post-exploitation.md,Documented sensitive-data or credential access
gcp,securesourcemanager.repositories.setIamPolicy,critical,critical,https://github.com/HackTricks-wiki/hacktricks-cloud/blob/45bcf7a7381a496d6dfd5b5d533681fff85c608d/src/pentesting-cloud/gcp-security/gcp-privilege-escalation/gcp-secure-source-manager-privesc.md,Existing direct escalation rule; separately review disclosure-only grants
gcp,securesourcemanager.sshkeys.createAny,critical,medium,https://github.com/HackTricks-wiki/hacktricks-cloud/blob/45bcf7a7381a496d6dfd5b5d533681fff85c608d/src/pentesting-cloud/gcp-security/gcp-privilege-escalation/gcp-secure-source-manager-privesc.md,"Direct privilege grant, identity takeover or near-self-sufficient privileged execution documented by the source"
gcp,securitycenter.bigQueryExports.delete,medium,medium,https://github.com/HackTricks-wiki/hacktricks-cloud/blob/45bcf7a7381a496d6dfd5b5d533681fff85c608d/src/pentesting-cloud/gcp-security/gcp-post-exploitation/gcp-security-command-center-post-exploitation.md,"Availability or cleanup, not standalone escalation"
gcp,securitycenter.bigQueryExports.update,medium,medium,https://github.com/HackTricks-wiki/hacktricks-cloud/blob/45bcf7a7381a496d6dfd5b5d533681fff85c608d/src/pentesting-cloud/gcp-security/gcp-post-exploitation/gcp-security-command-center-post-exploitation.md,"Availability, integrity or telemetry impact without standalone sensitive access"
gcp,securitycenter.findings.setMute,medium,high,https://github.com/HackTricks-wiki/hacktricks-cloud/blob/45bcf7a7381a496d6dfd5b5d533681fff85c608d/src/pentesting-cloud/gcp-security/gcp-post-exploitation/gcp-security-command-center-post-exploitation.md,"Availability, integrity or telemetry impact without standalone sensitive access"
gcp,securitycenter.findings.setState,medium,medium,https://github.com/HackTricks-wiki/hacktricks-cloud/blob/45bcf7a7381a496d6dfd5b5d533681fff85c608d/src/pentesting-cloud/gcp-security/gcp-post-exploitation/gcp-security-command-center-post-exploitation.md,"Availability, integrity or telemetry impact without standalone sensitive access"
gcp,securitycenter.findings.update,medium,medium,https://github.com/HackTricks-wiki/hacktricks-cloud/blob/45bcf7a7381a496d6dfd5b5d533681fff85c608d/src/pentesting-cloud/gcp-security/gcp-post-exploitation/gcp-security-command-center-post-exploitation.md,"Availability, integrity or telemetry impact without standalone sensitive access"
gcp,securitycenter.muteconfigs.create,medium,medium,https://github.com/HackTricks-wiki/hacktricks-cloud/blob/45bcf7a7381a496d6dfd5b5d533681fff85c608d/src/pentesting-cloud/gcp-security/gcp-post-exploitation/gcp-security-command-center-post-exploitation.md,"Availability, integrity or telemetry impact without standalone sensitive access"
gcp,securitycenter.muteconfigs.update,medium,medium,https://github.com/HackTricks-wiki/hacktricks-cloud/blob/45bcf7a7381a496d6dfd5b5d533681fff85c608d/src/pentesting-cloud/gcp-security/gcp-post-exploitation/gcp-security-command-center-post-exploitation.md,"Availability, integrity or telemetry impact without standalone sensitive access"
gcp,securitycenter.notificationconfig.delete,medium,medium,https://github.com/HackTricks-wiki/hacktricks-cloud/blob/45bcf7a7381a496d6dfd5b5d533681fff85c608d/src/pentesting-cloud/gcp-security/gcp-post-exploitation/gcp-security-command-center-post-exploitation.md,"Availability or cleanup, not standalone escalation"
gcp,securitycenter.notificationconfig.update,medium,medium,https://github.com/HackTricks-wiki/hacktricks-cloud/blob/45bcf7a7381a496d6dfd5b5d533681fff85c608d/src/pentesting-cloud/gcp-security/gcp-post-exploitation/gcp-security-command-center-post-exploitation.md,"Availability, integrity or telemetry impact without standalone sensitive access"
gcp,securitycenter.sources.setIamPolicy,critical,critical,https://github.com/HackTricks-wiki/hacktricks-cloud/blob/45bcf7a7381a496d6dfd5b5d533681fff85c608d/src/pentesting-cloud/gcp-security/gcp-privilege-escalation/gcp-security-command-center-privesc.md,Existing direct escalation rule; separately review disclosure-only grants
gcp,securitycentermanagement.eventThreatDetectionCustomModules.delete,medium,medium,https://github.com/HackTricks-wiki/hacktricks-cloud/blob/45bcf7a7381a496d6dfd5b5d533681fff85c608d/src/pentesting-cloud/gcp-security/gcp-post-exploitation/gcp-security-command-center-post-exploitation.md,"Availability or cleanup, not standalone escalation"
gcp,securitycentermanagement.securityCenterServices.update,medium,medium,https://github.com/HackTricks-wiki/hacktricks-cloud/blob/45bcf7a7381a496d6dfd5b5d533681fff85c608d/src/pentesting-cloud/gcp-security/gcp-post-exploitation/gcp-security-command-center-post-exploitation.md,"Availability, integrity or telemetry impact without standalone sensitive access"
gcp,securitycentermanagement.securityHealthAnalyticsCustomModules.delete,medium,medium,https://github.com/HackTricks-wiki/hacktricks-cloud/blob/45bcf7a7381a496d6dfd5b5d533681fff85c608d/src/pentesting-cloud/gcp-security/gcp-post-exploitation/gcp-security-command-center-post-exploitation.md,"Availability or cleanup, not standalone escalation"
gcp,securityposture.postureDeployments.delete,medium,medium,https://github.com/HackTricks-wiki/hacktricks-cloud/blob/45bcf7a7381a496d6dfd5b5d533681fff85c608d/src/pentesting-cloud/gcp-security/gcp-persistence/gcp-security-command-center-persistence.md,"Availability or cleanup, not standalone escalation"
gcp,servicedirectory.endpoints.create,high,medium,https://github.com/HackTricks-wiki/hacktricks-cloud/blob/45bcf7a7381a496d6dfd5b5d533681fff85c608d/src/pentesting-cloud/gcp-security/gcp-post-exploitation/gcp-service-directory-post-exploitation.md,"Conditional access, interception, execution or security-boundary change"
gcp,servicedirectory.endpoints.update,high,medium,https://github.com/HackTricks-wiki/hacktricks-cloud/blob/45bcf7a7381a496d6dfd5b5d533681fff85c608d/src/pentesting-cloud/gcp-security/gcp-post-exploitation/gcp-service-directory-post-exploitation.md,"Conditional access, interception, execution or security-boundary change"
gcp,servicedirectory.namespaces.setIamPolicy,critical,critical,https://github.com/HackTricks-wiki/hacktricks-cloud/blob/45bcf7a7381a496d6dfd5b5d533681fff85c608d/src/pentesting-cloud/gcp-security/gcp-persistence/gcp-service-directory-persistence.md,Existing direct escalation rule; separately review disclosure-only grants
gcp,servicedirectory.networks.attach,high,medium,https://github.com/HackTricks-wiki/hacktricks-cloud/blob/45bcf7a7381a496d6dfd5b5d533681fff85c608d/src/pentesting-cloud/gcp-security/gcp-post-exploitation/gcp-service-directory-post-exploitation.md,"Conditional access, interception, execution or security-boundary change"
gcp,servicedirectory.services.setIamPolicy,critical,critical,https://github.com/HackTricks-wiki/hacktricks-cloud/blob/45bcf7a7381a496d6dfd5b5d533681fff85c608d/src/pentesting-cloud/gcp-security/gcp-persistence/gcp-service-directory-persistence.md,Existing direct escalation rule; separately review disclosure-only grants
gcp,servicemanagement.services.bind,medium,medium,https://github.com/HackTricks-wiki/hacktricks-cloud/blob/45bcf7a7381a496d6dfd5b5d533681fff85c608d/src/pentesting-cloud/gcp-security/gcp-privilege-escalation/gcp-serviceusage-privesc.md,"Availability, integrity, telemetry or operational impact; no direct sensitive access or escalation"
gcp,servicemanagement.services.delete,medium,medium,https://github.com/HackTricks-wiki/hacktricks-cloud/blob/45bcf7a7381a496d6dfd5b5d533681fff85c608d/src/pentesting-cloud/gcp-security/gcp-privilege-escalation/gcp-service-management-privesc.md,"Availability, integrity, telemetry or operational impact; no direct sensitive access or escalation"
gcp,servicemanagement.services.setIamPolicy,critical,critical,https://github.com/HackTricks-wiki/hacktricks-cloud/blob/45bcf7a7381a496d6dfd5b5d533681fff85c608d/src/pentesting-cloud/gcp-security/gcp-privilege-escalation/gcp-service-management-privesc.md,Existing direct escalation rule; separately review disclosure-only grants
gcp,servicemanagement.services.update,high,medium,https://github.com/HackTricks-wiki/hacktricks-cloud/blob/45bcf7a7381a496d6dfd5b5d533681fff85c608d/src/pentesting-cloud/gcp-security/gcp-privilege-escalation/gcp-service-management-privesc.md,Documented escalation primitive requiring target context or other capabilities
gcp,serviceusage.mcppolicy.update,medium,medium,https://github.com/HackTricks-wiki/hacktricks-cloud/blob/45bcf7a7381a496d6dfd5b5d533681fff85c608d/src/pentesting-cloud/gcp-security/gcp-privilege-escalation/gcp-serviceusage-privesc.md,"Availability, integrity, telemetry or operational impact; no direct sensitive access or escalation"
gcp,serviceusage.services.enable,medium,medium,https://github.com/HackTricks-wiki/hacktricks-cloud/blob/45bcf7a7381a496d6dfd5b5d533681fff85c608d/src/pentesting-cloud/gcp-security/gcp-privilege-escalation/gcp-serviceusage-privesc.md,"Availability, integrity, telemetry or operational impact; no direct sensitive access or escalation"
gcp,source.repos.setIamPolicy,critical,critical,https://github.com/HackTricks-wiki/hacktricks-cloud/blob/45bcf7a7381a496d6dfd5b5d533681fff85c608d/src/pentesting-cloud/gcp-security/gcp-privilege-escalation/gcp-sourcerepos-privesc.md,Existing direct escalation rule; separately review disclosure-only grants
gcp,spanner.backups.create,high,medium,https://github.com/HackTricks-wiki/hacktricks-cloud/blob/45bcf7a7381a496d6dfd5b5d533681fff85c608d/src/pentesting-cloud/gcp-security/gcp-privilege-escalation/gcp-spanner-privesc.md,Documented escalation primitive requiring target context or other capabilities
gcp,spanner.backups.restoreDatabase,high,medium,https://github.com/HackTricks-wiki/hacktricks-cloud/blob/45bcf7a7381a496d6dfd5b5d533681fff85c608d/src/pentesting-cloud/gcp-security/gcp-privilege-escalation/gcp-spanner-privesc.md,Documented escalation primitive requiring target context or other capabilities
gcp,spanner.databases.create,high,medium,https://github.com/HackTricks-wiki/hacktricks-cloud/blob/45bcf7a7381a496d6dfd5b5d533681fff85c608d/src/pentesting-cloud/gcp-security/gcp-privilege-escalation/gcp-spanner-privesc.md,Documented escalation primitive requiring target context or other capabilities
gcp,spanner.databases.createBackup,high,medium,https://github.com/HackTricks-wiki/hacktricks-cloud/blob/45bcf7a7381a496d6dfd5b5d533681fff85c608d/src/pentesting-cloud/gcp-security/gcp-privilege-escalation/gcp-spanner-privesc.md,Documented escalation primitive requiring target context or other capabilities
gcp,spanner.databases.setIamPolicy,critical,critical,https://github.com/HackTricks-wiki/hacktricks-cloud/blob/45bcf7a7381a496d6dfd5b5d533681fff85c608d/src/pentesting-cloud/gcp-security/gcp-persistence/gcp-spanner-persistence.md,Existing direct escalation rule; separately review disclosure-only grants
gcp,spanner.databases.updateDdl,high,medium,https://github.com/HackTricks-wiki/hacktricks-cloud/blob/45bcf7a7381a496d6dfd5b5d533681fff85c608d/src/pentesting-cloud/gcp-security/gcp-persistence/gcp-spanner-persistence.md,Documented conditional persistence or retained access
gcp,spanner.instances.setIamPolicy,critical,critical,https://github.com/HackTricks-wiki/hacktricks-cloud/blob/45bcf7a7381a496d6dfd5b5d533681fff85c608d/src/pentesting-cloud/gcp-security/gcp-persistence/gcp-spanner-persistence.md,Existing direct escalation rule; separately review disclosure-only grants
gcp,storage.buckets.create,high,medium,https://github.com/HackTricks-wiki/hacktricks-cloud/blob/45bcf7a7381a496d6dfd5b5d533681fff85c608d/src/pentesting-cloud/gcp-security/gcp-post-exploitation/gcp-pub-sub-post-exploitation.md,Documented sensitive-data or credential access
gcp,storage.buckets.delete,high,medium,https://github.com/HackTricks-wiki/hacktricks-cloud/blob/45bcf7a7381a496d6dfd5b5d533681fff85c608d/src/pentesting-cloud/gcp-security/gcp-post-exploitation/gcp-pub-sub-post-exploitation.md,Documented sensitive-data or credential access
gcp,storage.buckets.restore,high,medium,https://github.com/HackTricks-wiki/hacktricks-cloud/blob/45bcf7a7381a496d6dfd5b5d533681fff85c608d/src/pentesting-cloud/gcp-security/gcp-post-exploitation/gcp-storage-post-exploitation.md,Documented sensitive-data or credential access
gcp,storage.buckets.setIamPolicy,critical,critical,https://github.com/HackTricks-wiki/hacktricks-cloud/blob/45bcf7a7381a496d6dfd5b5d533681fff85c608d/src/pentesting-cloud/gcp-security/gcp-persistence/gcp-logging-persistence.md,Existing direct escalation rule; separately review disclosure-only grants
gcp,storage.buckets.setIpFilter,medium,medium,https://github.com/HackTricks-wiki/hacktricks-cloud/blob/45bcf7a7381a496d6dfd5b5d533681fff85c608d/src/pentesting-cloud/gcp-security/gcp-post-exploitation/gcp-storage-post-exploitation.md,"Availability, integrity or telemetry impact without standalone sensitive access"
gcp,storage.buckets.update,high,medium,https://github.com/HackTricks-wiki/hacktricks-cloud/blob/45bcf7a7381a496d6dfd5b5d533681fff85c608d/src/pentesting-cloud/gcp-security/gcp-persistence/gcp-cloud-scheduler-persistence.md,Documented conditional persistence or retained access
gcp,storage.managedFolders.setIamPolicy,critical,critical,https://github.com/HackTricks-wiki/hacktricks-cloud/blob/45bcf7a7381a496d6dfd5b5d533681fff85c608d/src/pentesting-cloud/gcp-security/gcp-privilege-escalation/gcp-storage-privesc.md,Existing direct escalation rule; separately review disclosure-only grants
gcp,storage.objects.setRetention,medium,medium,https://github.com/HackTricks-wiki/hacktricks-cloud/blob/45bcf7a7381a496d6dfd5b5d533681fff85c608d/src/pentesting-cloud/gcp-security/gcp-post-exploitation/gcp-storage-post-exploitation.md,"Availability, integrity or telemetry impact without standalone sensitive access"
gcp,storage.objects.update,medium,medium,https://github.com/HackTricks-wiki/hacktricks-cloud/blob/45bcf7a7381a496d6dfd5b5d533681fff85c608d/src/pentesting-cloud/gcp-security/gcp-privilege-escalation/gcp-dataflow-privesc.md,Existing validated permission prerequisite or operational control
gcp,storagebatchoperations.jobs.create,medium,medium,https://github.com/HackTricks-wiki/hacktricks-cloud/blob/45bcf7a7381a496d6dfd5b5d533681fff85c608d/src/pentesting-cloud/gcp-security/gcp-post-exploitation/gcp-storage-post-exploitation.md,"Availability, integrity or telemetry impact without standalone sensitive access"
gcp,storagetransfer.jobs.create,high,medium,https://github.com/HackTricks-wiki/hacktricks-cloud/blob/45bcf7a7381a496d6dfd5b5d533681fff85c608d/src/pentesting-cloud/gcp-security/gcp-post-exploitation/gcp-storage-transfer-post-exploitation.md,Documented sensitive-data or credential access
gcp,storagetransfer.jobs.run,high,medium,https://github.com/HackTricks-wiki/hacktricks-cloud/blob/45bcf7a7381a496d6dfd5b5d533681fff85c608d/src/pentesting-cloud/gcp-security/gcp-post-exploitation/gcp-storage-transfer-post-exploitation.md,Documented sensitive-data or credential access
gcp,storagetransfer.jobs.update,high,medium,https://github.com/HackTricks-wiki/hacktricks-cloud/blob/45bcf7a7381a496d6dfd5b5d533681fff85c608d/src/pentesting-cloud/gcp-security/gcp-post-exploitation/gcp-storage-transfer-post-exploitation.md,Documented sensitive-data or credential access
gcp,vmmigration.imageImports.create,high,medium,https://github.com/HackTricks-wiki/hacktricks-cloud/blob/45bcf7a7381a496d6dfd5b5d533681fff85c608d/src/pentesting-cloud/gcp-security/gcp-post-exploitation/gcp-vm-migration-post-exploitation.md,Documented sensitive-data or credential access
gcp,vmmigration.migratingVms.create,high,medium,https://github.com/HackTricks-wiki/hacktricks-cloud/blob/45bcf7a7381a496d6dfd5b5d533681fff85c608d/src/pentesting-cloud/gcp-security/gcp-post-exploitation/gcp-vm-migration-post-exploitation.md,Documented sensitive-data or credential access
gcp,vmwareengine.privateClouds.setIamPolicy,critical,critical,https://github.com/HackTricks-wiki/hacktricks-cloud/blob/45bcf7a7381a496d6dfd5b5d533681fff85c608d/src/pentesting-cloud/gcp-security/gcp-privilege-escalation/gcp-vmwareengine-gcve-privesc.md,Existing direct escalation rule; separately review disclosure-only grants
gcp,vpcaccess.connectors.create,high,medium,https://github.com/HackTricks-wiki/hacktricks-cloud/blob/45bcf7a7381a496d6dfd5b5d533681fff85c608d/src/pentesting-cloud/gcp-security/gcp-post-exploitation/gcp-cloud-run-post-exploitation.md,"Conditional access, interception, execution or security-boundary change"
gcp,workflows.workflows.update,critical,medium,https://github.com/HackTricks-wiki/hacktricks-cloud/blob/45bcf7a7381a496d6dfd5b5d533681fff85c608d/src/pentesting-cloud/gcp-security/gcp-persistence/gcp-workflows-persistence.md,"Direct privilege grant, identity takeover or near-self-sufficient privileged execution documented by the source"
gcp,workstations.workstationConfigs.create,high,medium,https://github.com/HackTricks-wiki/hacktricks-cloud/blob/45bcf7a7381a496d6dfd5b5d533681fff85c608d/src/pentesting-cloud/gcp-security/gcp-privilege-escalation/gcp-cloud-workstations-privesc.md,Documented escalation primitive requiring target context or other capabilities
gcp,workstations.workstations.setIamPolicy,critical,critical,https://github.com/HackTricks-wiki/hacktricks-cloud/blob/45bcf7a7381a496d6dfd5b5d533681fff85c608d/src/pentesting-cloud/gcp-security/gcp-privilege-escalation/gcp-cloud-workstations-privesc.md,Existing direct escalation rule; separately review disclosure-only grants
azure,ADSynchronization.ReadWrite.All,high,unknown,https://github.com/HackTricks-wiki/hacktricks-cloud/blob/45bcf7a7381a496d6dfd5b5d533681fff85c608d/src/pentesting-cloud/azure-security/az-lateral-movement-cloud-on-prem/az-connect-sync.md,Documented sensitive directory/device data or conditional access path
azure,AdministrativeUnit.ReadWrite.All,medium,unknown,https://github.com/HackTricks-wiki/hacktricks-cloud/blob/45bcf7a7381a496d6dfd5b5d533681fff85c608d/src/pentesting-cloud/azure-security/az-persistence/README.md,Operational or integrity impact
azure,Application.ReadWrite.OwnedBy,critical,unknown,https://github.com/HackTricks-wiki/hacktricks-cloud/blob/45bcf7a7381a496d6dfd5b5d533681fff85c608d/src/pentesting-cloud/azure-security/az-persistence/README.md,Direct role/application access grant
azure,BitlockerKey.Read.All,high,unknown,https://github.com/HackTricks-wiki/hacktricks-cloud/blob/45bcf7a7381a496d6dfd5b5d533681fff85c608d/src/pentesting-cloud/azure-security/az-post-exploitation/az-intune-post-exploitation.md,Documented sensitive directory/device data or conditional access path
azure,CustomSecAttributeAssignment.ReadWrite.All,high,unknown,https://github.com/HackTricks-wiki/hacktricks-cloud/blob/45bcf7a7381a496d6dfd5b5d533681fff85c608d/src/pentesting-cloud/azure-security/az-privilege-escalation/az-entraid-privesc/README.md,Documented sensitive directory/device data or conditional access path
azure,DeviceLocalCredential.Read.All,high,unknown,https://github.com/HackTricks-wiki/hacktricks-cloud/blob/45bcf7a7381a496d6dfd5b5d533681fff85c608d/src/pentesting-cloud/azure-security/az-post-exploitation/az-intune-post-exploitation.md,Documented sensitive directory/device data or conditional access path
azure,DeviceManagementApps.ReadWrite.All,high,unknown,https://github.com/HackTricks-wiki/hacktricks-cloud/blob/45bcf7a7381a496d6dfd5b5d533681fff85c608d/src/pentesting-cloud/azure-security/az-privilege-escalation/az-intune-privesc.md,Documented sensitive directory/device data or conditional access path
azure,DeviceManagementConfiguration.Read.All,high,unknown,https://github.com/HackTricks-wiki/hacktricks-cloud/blob/45bcf7a7381a496d6dfd5b5d533681fff85c608d/src/pentesting-cloud/azure-security/az-post-exploitation/az-intune-post-exploitation.md,Documented sensitive directory/device data or conditional access path
azure,DeviceManagementConfiguration.ReadWrite.All,high,unknown,https://github.com/HackTricks-wiki/hacktricks-cloud/blob/45bcf7a7381a496d6dfd5b5d533681fff85c608d/src/pentesting-cloud/azure-security/az-privilege-escalation/az-intune-privesc.md,Documented sensitive directory/device data or conditional access path
azure,DeviceManagementScripts.Read.All,high,unknown,https://github.com/HackTricks-wiki/hacktricks-cloud/blob/45bcf7a7381a496d6dfd5b5d533681fff85c608d/src/pentesting-cloud/azure-security/az-post-exploitation/az-intune-post-exploitation.md,Documented sensitive directory/device data or conditional access path
azure,DeviceManagementScripts.ReadWrite.All,high,unknown,https://github.com/HackTricks-wiki/hacktricks-cloud/blob/45bcf7a7381a496d6dfd5b5d533681fff85c608d/src/pentesting-cloud/azure-security/az-privilege-escalation/az-intune-privesc.md,Documented sensitive directory/device data or conditional access path
azure,Domain.ReadWrite.All,high,unknown,https://github.com/HackTricks-wiki/hacktricks-cloud/blob/45bcf7a7381a496d6dfd5b5d533681fff85c608d/src/pentesting-cloud/azure-security/az-privilege-escalation/az-entraid-privesc/README.md,Documented sensitive directory/device data or conditional access path
azure,EntitlementManagement.ReadWrite.All,critical,unknown,https://github.com/HackTricks-wiki/hacktricks-cloud/blob/45bcf7a7381a496d6dfd5b5d533681fff85c608d/src/pentesting-cloud/azure-security/az-privilege-escalation/az-entra-id-governance-privesc.md,Direct role/application access grant
azure,Group.Read.All,low,unknown,https://github.com/HackTricks-wiki/hacktricks-cloud/blob/45bcf7a7381a496d6dfd5b5d533681fff85c608d/src/pentesting-cloud/azure-security/az-privilege-escalation/az-entraid-privesc/dynamic-groups.md,Directory/group rule discovery only
azure,GroupMember.ReadWrite.All,critical,unknown,https://github.com/HackTricks-wiki/hacktricks-cloud/blob/45bcf7a7381a496d6dfd5b5d533681fff85c608d/src/pentesting-cloud/azure-security/az-privilege-escalation/az-entraid-privesc/README.md,Direct role/application access grant
azure,IdentityRiskyUser.ReadWrite.All,medium,unknown,https://github.com/HackTricks-wiki/hacktricks-cloud/blob/45bcf7a7381a496d6dfd5b5d533681fff85c608d/src/pentesting-cloud/azure-security/az-post-exploitation/az-entra-id-protection-post-exploitation.md,Operational or integrity impact
azure,Mail.ReadWrite.All,high,unknown,https://github.com/HackTricks-wiki/hacktricks-cloud/blob/45bcf7a7381a496d6dfd5b5d533681fff85c608d/src/pentesting-cloud/azure-security/az-privilege-escalation/az-entraid-privesc/dynamic-groups.md,Documented sensitive directory/device data or conditional access path
azure,Mail.Send,medium,unknown,https://github.com/HackTricks-wiki/hacktricks-cloud/blob/45bcf7a7381a496d6dfd5b5d533681fff85c608d/src/pentesting-cloud/azure-security/az-persistence/README.md,Operational or integrity impact
azure,Microsoft.ADHybridHealthService/services/write,high,medium,https://github.com/HackTricks-wiki/hacktricks-cloud/blob/45bcf7a7381a496d6dfd5b5d533681fff85c608d/src/pentesting-cloud/azure-security/az-privilege-escalation/az-entraid-privesc/az-connect-health-abuse.md,Documented escalation primitive requiring target context or other capabilities
azure,Microsoft.AVS/privateClouds/addOns/write,high,medium,https://github.com/HackTricks-wiki/hacktricks-cloud/blob/45bcf7a7381a496d6dfd5b5d533681fff85c608d/src/pentesting-cloud/azure-security/az-persistence/az-vmware-solution-avs-persistence.md,Documented conditional persistence or retained access
azure,Microsoft.AVS/privateClouds/authorizations/write,high,medium,https://github.com/HackTricks-wiki/hacktricks-cloud/blob/45bcf7a7381a496d6dfd5b5d533681fff85c608d/src/pentesting-cloud/azure-security/az-persistence/az-vmware-solution-avs-persistence.md,Documented conditional persistence or retained access
azure,Microsoft.AVS/privateClouds/listAdminCredentials/action,high,medium,https://github.com/HackTricks-wiki/hacktricks-cloud/blob/45bcf7a7381a496d6dfd5b5d533681fff85c608d/src/pentesting-cloud/azure-security/az-privilege-escalation/az-vmware-solution-avs-privesc.md,Documented escalation primitive requiring target context or other capabilities
azure,Microsoft.AVS/privateClouds/rotateNsxtCloudAdminPassword/action,high,medium,https://github.com/HackTricks-wiki/hacktricks-cloud/blob/45bcf7a7381a496d6dfd5b5d533681fff85c608d/src/pentesting-cloud/azure-security/az-persistence/az-vmware-solution-avs-persistence.md,Documented conditional persistence or retained access
azure,Microsoft.AVS/privateClouds/rotateNsxtPassword/action,high,medium,https://github.com/HackTricks-wiki/hacktricks-cloud/blob/45bcf7a7381a496d6dfd5b5d533681fff85c608d/src/pentesting-cloud/azure-security/az-persistence/az-vmware-solution-avs-persistence.md,Documented conditional persistence or retained access
azure,Microsoft.AVS/privateClouds/rotateVcenterPassword/action,high,medium,https://github.com/HackTricks-wiki/hacktricks-cloud/blob/45bcf7a7381a496d6dfd5b5d533681fff85c608d/src/pentesting-cloud/azure-security/az-persistence/az-vmware-solution-avs-persistence.md,Documented conditional persistence or retained access
azure,Microsoft.AVS/privateClouds/scriptExecutions/write,high,medium,https://github.com/HackTricks-wiki/hacktricks-cloud/blob/45bcf7a7381a496d6dfd5b5d533681fff85c608d/src/pentesting-cloud/azure-security/az-privilege-escalation/az-vmware-solution-avs-privesc.md,Documented escalation primitive requiring target context or other capabilities
azure,Microsoft.Advisor/configurations/write,medium,medium,https://github.com/HackTricks-wiki/hacktricks-cloud/blob/45bcf7a7381a496d6dfd5b5d533681fff85c608d/src/pentesting-cloud/azure-security/az-post-exploitation/az-advisor-post-exploitation.md,"Availability, integrity or telemetry impact without standalone sensitive access"
azure,Microsoft.Advisor/suppressions/write,medium,medium,https://github.com/HackTricks-wiki/hacktricks-cloud/blob/45bcf7a7381a496d6dfd5b5d533681fff85c608d/src/pentesting-cloud/azure-security/az-post-exploitation/az-advisor-post-exploitation.md,"Availability, integrity or telemetry impact without standalone sensitive access"
azure,Microsoft.AnalysisServices/servers/write,high,medium,https://github.com/HackTricks-wiki/hacktricks-cloud/blob/45bcf7a7381a496d6dfd5b5d533681fff85c608d/src/pentesting-cloud/azure-security/az-privilege-escalation/az-analysis-services-privesc.md,Documented escalation primitive requiring target context or other capabilities
azure,Microsoft.ApiCenter/services/workspaces/apis/versions/securityRequirements/getCredentials/action,high,medium,https://github.com/HackTricks-wiki/hacktricks-cloud/blob/45bcf7a7381a496d6dfd5b5d533681fff85c608d/src/pentesting-cloud/azure-security/az-privilege-escalation/az-api-center-privesc.md,Documented escalation primitive requiring target context or other capabilities
azure,Microsoft.ApiManagement/service/apis/delete,medium,medium,https://github.com/HackTricks-wiki/hacktricks-cloud/blob/45bcf7a7381a496d6dfd5b5d533681fff85c608d/src/pentesting-cloud/azure-security/az-post-exploitation/az-api-management-post-exploitation.md,"Availability, integrity or telemetry impact without standalone sensitive access"
azure,Microsoft.ApiManagement/service/apis/policies/write,high,medium,https://github.com/HackTricks-wiki/hacktricks-cloud/blob/45bcf7a7381a496d6dfd5b5d533681fff85c608d/src/pentesting-cloud/azure-security/az-privilege-escalation/az-api-management-privesc.md,Documented escalation primitive requiring target context or other capabilities
azure,Microsoft.ApiManagement/service/applynetworkconfigurationupdates/action,high,medium,https://github.com/HackTricks-wiki/hacktricks-cloud/blob/45bcf7a7381a496d6dfd5b5d533681fff85c608d/src/pentesting-cloud/azure-security/az-privilege-escalation/az-api-management-privesc.md,Documented escalation primitive requiring target context or other capabilities
azure,Microsoft.ApiManagement/service/authorizationServers/listSecrets/action,high,critical,https://github.com/HackTricks-wiki/hacktricks-cloud/blob/45bcf7a7381a496d6dfd5b5d533681fff85c608d/src/pentesting-cloud/azure-security/az-privilege-escalation/az-api-management-privesc.md,Read/export sensitive information or stored credentials; no standalone privilege grant
azure,Microsoft.ApiManagement/service/backends/delete,medium,medium,https://github.com/HackTricks-wiki/hacktricks-cloud/blob/45bcf7a7381a496d6dfd5b5d533681fff85c608d/src/pentesting-cloud/azure-security/az-post-exploitation/az-api-management-post-exploitation.md,"Availability, integrity or telemetry impact without standalone sensitive access"
azure,Microsoft.ApiManagement/service/backends/listSecrets/action,high,medium,https://github.com/HackTricks-wiki/hacktricks-cloud/blob/45bcf7a7381a496d6dfd5b5d533681fff85c608d/src/pentesting-cloud/azure-security/az-privilege-escalation/az-api-management-privesc.md,Documented escalation primitive requiring target context or other capabilities
azure,Microsoft.ApiManagement/service/backends/read,high,critical,https://github.com/HackTricks-wiki/hacktricks-cloud/blob/45bcf7a7381a496d6dfd5b5d533681fff85c608d/src/pentesting-cloud/azure-security/az-privilege-escalation/az-api-management-privesc.md,Read/export sensitive information or stored credentials; no standalone privilege grant
azure,Microsoft.ApiManagement/service/backends/write,high,medium,https://github.com/HackTricks-wiki/hacktricks-cloud/blob/45bcf7a7381a496d6dfd5b5d533681fff85c608d/src/pentesting-cloud/azure-security/az-privilege-escalation/az-api-management-privesc.md,Documented escalation primitive requiring target context or other capabilities
azure,Microsoft.ApiManagement/service/backup/action,high,medium,https://github.com/HackTricks-wiki/hacktricks-cloud/blob/45bcf7a7381a496d6dfd5b5d533681fff85c608d/src/pentesting-cloud/azure-security/az-post-exploitation/az-api-management-post-exploitation.md,Documented sensitive-data or credential access
azure,Microsoft.ApiManagement/service/gateways/getConfiguration/action,high,medium,https://github.com/HackTricks-wiki/hacktricks-cloud/blob/45bcf7a7381a496d6dfd5b5d533681fff85c608d/src/pentesting-cloud/azure-security/az-post-exploitation/az-api-management-post-exploitation.md,Documented sensitive-data or credential access
azure,Microsoft.ApiManagement/service/gateways/listDebugCredentials/action,high,medium,https://github.com/HackTricks-wiki/hacktricks-cloud/blob/45bcf7a7381a496d6dfd5b5d533681fff85c608d/src/pentesting-cloud/azure-security/az-post-exploitation/az-api-management-post-exploitation.md,"Conditional access, interception, execution or security-boundary change"
azure,Microsoft.ApiManagement/service/gateways/listKeys/action,high,medium,https://github.com/HackTricks-wiki/hacktricks-cloud/blob/45bcf7a7381a496d6dfd5b5d533681fff85c608d/src/pentesting-cloud/azure-security/az-post-exploitation/az-api-management-post-exploitation.md,Documented sensitive-data or credential access
azure,Microsoft.ApiManagement/service/identityProviders/listSecrets/action,high,critical,https://github.com/HackTricks-wiki/hacktricks-cloud/blob/45bcf7a7381a496d6dfd5b5d533681fff85c608d/src/pentesting-cloud/azure-security/az-privilege-escalation/az-api-management-privesc.md,Read/export sensitive information or stored credentials; no standalone privilege grant
azure,Microsoft.ApiManagement/service/loggers/write,medium,medium,https://github.com/HackTricks-wiki/hacktricks-cloud/blob/45bcf7a7381a496d6dfd5b5d533681fff85c608d/src/pentesting-cloud/azure-security/az-post-exploitation/az-api-management-post-exploitation.md,"Availability, integrity or telemetry impact without standalone sensitive access"
azure,Microsoft.ApiManagement/service/openidConnectProviders/listSecrets/action,high,critical,https://github.com/HackTricks-wiki/hacktricks-cloud/blob/45bcf7a7381a496d6dfd5b5d533681fff85c608d/src/pentesting-cloud/azure-security/az-privilege-escalation/az-api-management-privesc.md,Read/export sensitive information or stored credentials; no standalone privilege grant
azure,Microsoft.ApiManagement/service/policies/write,high,medium,https://github.com/HackTricks-wiki/hacktricks-cloud/blob/45bcf7a7381a496d6dfd5b5d533681fff85c608d/src/pentesting-cloud/azure-security/az-privilege-escalation/az-api-management-privesc.md,Documented escalation primitive requiring target context or other capabilities
azure,Microsoft.ApiManagement/service/subscriptions/delete,medium,medium,https://github.com/HackTricks-wiki/hacktricks-cloud/blob/45bcf7a7381a496d6dfd5b5d533681fff85c608d/src/pentesting-cloud/azure-security/az-post-exploitation/az-api-management-post-exploitation.md,"Availability, integrity or telemetry impact without standalone sensitive access"
azure,Microsoft.ApiManagement/service/tenant/deploy/action,medium,medium,https://github.com/HackTricks-wiki/hacktricks-cloud/blob/45bcf7a7381a496d6dfd5b5d533681fff85c608d/src/pentesting-cloud/azure-security/az-post-exploitation/az-api-management-post-exploitation.md,"Availability, integrity or telemetry impact without standalone sensitive access"
azure,Microsoft.ApiManagement/service/tenant/listSecrets/action,high,critical,https://github.com/HackTricks-wiki/hacktricks-cloud/blob/45bcf7a7381a496d6dfd5b5d533681fff85c608d/src/pentesting-cloud/azure-security/az-privilege-escalation/az-api-management-privesc.md,Read/export sensitive information or stored credentials; no standalone privilege grant
azure,Microsoft.ApiManagement/service/users/token/action,critical,medium,https://github.com/HackTricks-wiki/hacktricks-cloud/blob/45bcf7a7381a496d6dfd5b5d533681fff85c608d/src/pentesting-cloud/azure-security/az-privilege-escalation/az-api-management-privesc.md,Existing direct administrator takeover or privileged execution; retain source-validated Critical severity
azure,Microsoft.ApiManagement/service/workspaces/backends/listSecrets/action,high,medium,https://github.com/HackTricks-wiki/hacktricks-cloud/blob/45bcf7a7381a496d6dfd5b5d533681fff85c608d/src/pentesting-cloud/azure-security/az-privilege-escalation/az-api-management-privesc.md,Documented escalation primitive requiring target context or other capabilities
azure,Microsoft.ApiManagement/service/write,high,medium,https://github.com/HackTricks-wiki/hacktricks-cloud/blob/45bcf7a7381a496d6dfd5b5d533681fff85c608d/src/pentesting-cloud/azure-security/az-privilege-escalation/az-api-management-privesc.md,Documented escalation primitive requiring target context or other capabilities
azure,Microsoft.App/agents/dataconnectors/write,high,medium,https://github.com/HackTricks-wiki/hacktricks-cloud/blob/45bcf7a7381a496d6dfd5b5d533681fff85c608d/src/pentesting-cloud/azure-security/az-privilege-escalation/az-sre-agent-privesc.md,Documented escalation primitive requiring target context or other capabilities
azure,Microsoft.App/agents/memory/write,high,medium,https://github.com/HackTricks-wiki/hacktricks-cloud/blob/45bcf7a7381a496d6dfd5b5d533681fff85c608d/src/pentesting-cloud/azure-security/az-privilege-escalation/az-sre-agent-privesc.md,Documented escalation primitive requiring target context or other capabilities
azure,Microsoft.App/agents/scheduledtasks/write,high,medium,https://github.com/HackTricks-wiki/hacktricks-cloud/blob/45bcf7a7381a496d6dfd5b5d533681fff85c608d/src/pentesting-cloud/azure-security/az-privilege-escalation/az-sre-agent-privesc.md,Documented escalation primitive requiring target context or other capabilities
azure,Microsoft.App/agents/threads/approve/action,high,medium,https://github.com/HackTricks-wiki/hacktricks-cloud/blob/45bcf7a7381a496d6dfd5b5d533681fff85c608d/src/pentesting-cloud/azure-security/az-privilege-escalation/az-sre-agent-privesc.md,Documented escalation primitive requiring target context or other capabilities
azure,Microsoft.App/agents/threads/write,high,medium,https://github.com/HackTricks-wiki/hacktricks-cloud/blob/45bcf7a7381a496d6dfd5b5d533681fff85c608d/src/pentesting-cloud/azure-security/az-privilege-escalation/az-sre-agent-privesc.md,Documented escalation primitive requiring target context or other capabilities
azure,Microsoft.App/agents/write,high,medium,https://github.com/HackTricks-wiki/hacktricks-cloud/blob/45bcf7a7381a496d6dfd5b5d533681fff85c608d/src/pentesting-cloud/azure-security/az-privilege-escalation/az-sre-agent-privesc.md,Documented escalation primitive requiring target context or other capabilities
azure,Microsoft.App/builds/listAuthToken/action,high,medium,https://github.com/HackTricks-wiki/hacktricks-cloud/blob/45bcf7a7381a496d6dfd5b5d533681fff85c608d/src/pentesting-cloud/azure-security/az-privilege-escalation/az-container-instances-apps-jobs-privesc.md,Documented escalation primitive requiring target context or other capabilities
azure,Microsoft.App/containerApps/authConfigs/write,high,medium,https://github.com/HackTricks-wiki/hacktricks-cloud/blob/45bcf7a7381a496d6dfd5b5d533681fff85c608d/src/pentesting-cloud/azure-security/az-persistence/az-container-apps-persistence.md,Documented conditional persistence or retained access
azure,Microsoft.App/containerApps/listSecrets/action,high,critical,https://github.com/HackTricks-wiki/hacktricks-cloud/blob/45bcf7a7381a496d6dfd5b5d533681fff85c608d/src/pentesting-cloud/azure-security/az-privilege-escalation/az-container-instances-apps-jobs-privesc.md,Read/export sensitive information or stored credentials; no standalone privilege grant
azure,Microsoft.App/containerApps/revisions/restart/action,high,medium,https://github.com/HackTricks-wiki/hacktricks-cloud/blob/45bcf7a7381a496d6dfd5b5d533681fff85c608d/src/pentesting-cloud/azure-security/az-privilege-escalation/az-container-instances-apps-jobs-privesc.md,Documented escalation primitive requiring target context or other capabilities
azure,Microsoft.App/containerApps/sourcecontrols/write,high,medium,https://github.com/HackTricks-wiki/hacktricks-cloud/blob/45bcf7a7381a496d6dfd5b5d533681fff85c608d/src/pentesting-cloud/azure-security/az-persistence/az-container-apps-persistence.md,Documented conditional persistence or retained access
azure,Microsoft.App/containerApps/start/action,high,medium,https://github.com/HackTricks-wiki/hacktricks-cloud/blob/45bcf7a7381a496d6dfd5b5d533681fff85c608d/src/pentesting-cloud/azure-security/az-privilege-escalation/az-container-instances-apps-jobs-privesc.md,Documented escalation primitive requiring target context or other capabilities
azure,Microsoft.App/containerApps/write,high,medium,https://github.com/HackTricks-wiki/hacktricks-cloud/blob/45bcf7a7381a496d6dfd5b5d533681fff85c608d/src/pentesting-cloud/azure-security/az-post-exploitation/az-container-apps-post-exploitation.md,Documented sensitive-data or credential access
azure,Microsoft.App/jobs/listSecrets/action,high,critical,https://github.com/HackTricks-wiki/hacktricks-cloud/blob/45bcf7a7381a496d6dfd5b5d533681fff85c608d/src/pentesting-cloud/azure-security/az-privilege-escalation/az-container-instances-apps-jobs-privesc.md,Read/export sensitive information or stored credentials; no standalone privilege grant
azure,Microsoft.App/jobs/write,high,medium,https://github.com/HackTricks-wiki/hacktricks-cloud/blob/45bcf7a7381a496d6dfd5b5d533681fff85c608d/src/pentesting-cloud/azure-security/az-privilege-escalation/az-container-instances-apps-jobs-privesc.md,Documented escalation primitive requiring target context or other capabilities
azure,Microsoft.App/managedEnvironments/daprComponents/listSecrets/action,high,critical,https://github.com/HackTricks-wiki/hacktricks-cloud/blob/45bcf7a7381a496d6dfd5b5d533681fff85c608d/src/pentesting-cloud/azure-security/az-privilege-escalation/az-container-apps-privesc.md,Read/export sensitive information or stored credentials; no standalone privilege grant
azure,Microsoft.App/managedEnvironments/daprComponents/write,high,medium,https://github.com/HackTricks-wiki/hacktricks-cloud/blob/45bcf7a7381a496d6dfd5b5d533681fff85c608d/src/pentesting-cloud/azure-security/az-privilege-escalation/az-container-apps-privesc.md,Documented escalation primitive requiring target context or other capabilities
azure,Microsoft.App/managedEnvironments/join/action,high,medium,https://github.com/HackTricks-wiki/hacktricks-cloud/blob/45bcf7a7381a496d6dfd5b5d533681fff85c608d/src/pentesting-cloud/azure-security/az-privilege-escalation/az-container-instances-apps-jobs-privesc.md,Documented escalation primitive requiring target context or other capabilities
azure,Microsoft.App/managedEnvironments/storages/write,high,medium,https://github.com/HackTricks-wiki/hacktricks-cloud/blob/45bcf7a7381a496d6dfd5b5d533681fff85c608d/src/pentesting-cloud/azure-security/az-post-exploitation/az-container-apps-post-exploitation.md,Documented sensitive-data or credential access
azure,Microsoft.App/managedEnvironments/write,medium,medium,https://github.com/HackTricks-wiki/hacktricks-cloud/blob/45bcf7a7381a496d6dfd5b5d533681fff85c608d/src/pentesting-cloud/azure-security/az-post-exploitation/az-container-apps-post-exploitation.md,"Availability, integrity or telemetry impact without standalone sensitive access"
azure,Microsoft.AppConfiguration/configurationStores/ListKeys/action,high,critical,https://github.com/HackTricks-wiki/hacktricks-cloud/blob/45bcf7a7381a496d6dfd5b5d533681fff85c608d/src/pentesting-cloud/azure-security/az-privilege-escalation/az-app-configuration-privesc.md,Read/export sensitive information or stored credentials; no standalone privilege grant
azure,Microsoft.AppConfiguration/configurationStores/delete,medium,medium,https://github.com/HackTricks-wiki/hacktricks-cloud/blob/45bcf7a7381a496d6dfd5b5d533681fff85c608d/src/pentesting-cloud/azure-security/az-post-exploitation/az-app-configuration-post-exploitation.md,"Availability, integrity or telemetry impact without standalone sensitive access"
azure,Microsoft.AppConfiguration/configurationStores/write,high,medium,https://github.com/HackTricks-wiki/hacktricks-cloud/blob/45bcf7a7381a496d6dfd5b5d533681fff85c608d/src/pentesting-cloud/azure-security/az-privilege-escalation/az-app-configuration-privesc.md,Documented escalation primitive requiring target context or other capabilities
azure,Microsoft.AppPlatform/Spring/apms/listSecretKeys/action,high,medium,https://github.com/HackTricks-wiki/hacktricks-cloud/blob/45bcf7a7381a496d6dfd5b5d533681fff85c608d/src/pentesting-cloud/azure-security/az-privilege-escalation/az-spring-apps-privesc.md,Documented escalation primitive requiring target context or other capabilities
azure,Microsoft.AppPlatform/Spring/apps/deployments/write,high,medium,https://github.com/HackTricks-wiki/hacktricks-cloud/blob/45bcf7a7381a496d6dfd5b5d533681fff85c608d/src/pentesting-cloud/azure-security/az-privilege-escalation/az-spring-apps-privesc.md,Documented escalation primitive requiring target context or other capabilities
azure,Microsoft.AppPlatform/Spring/apps/getResourceUploadUrl/action,high,medium,https://github.com/HackTricks-wiki/hacktricks-cloud/blob/45bcf7a7381a496d6dfd5b5d533681fff85c608d/src/pentesting-cloud/azure-security/az-privilege-escalation/az-spring-apps-privesc.md,Documented escalation primitive requiring target context or other capabilities
azure,Microsoft.AppPlatform/Spring/configServers/write,high,medium,https://github.com/HackTricks-wiki/hacktricks-cloud/blob/45bcf7a7381a496d6dfd5b5d533681fff85c608d/src/pentesting-cloud/azure-security/az-privilege-escalation/az-spring-apps-privesc.md,Documented escalation primitive requiring target context or other capabilities
azure,Microsoft.AppPlatform/Spring/listTestKeys/action,high,medium,https://github.com/HackTricks-wiki/hacktricks-cloud/blob/45bcf7a7381a496d6dfd5b5d533681fff85c608d/src/pentesting-cloud/azure-security/az-privilege-escalation/az-spring-apps-privesc.md,Documented escalation primitive requiring target context or other capabilities
azure,Microsoft.AppPlatform/Spring/regenerateTestKey/action,high,medium,https://github.com/HackTricks-wiki/hacktricks-cloud/blob/45bcf7a7381a496d6dfd5b5d533681fff85c608d/src/pentesting-cloud/azure-security/az-privilege-escalation/az-spring-apps-privesc.md,Documented escalation primitive requiring target context or other capabilities
azure,Microsoft.Authorization/denyAssignments/write,medium,medium,https://github.com/HackTricks-wiki/hacktricks-cloud/blob/45bcf7a7381a496d6dfd5b5d533681fff85c608d/src/pentesting-cloud/azure-security/az-persistence/az-deployment-stacks-persistence.md,"Availability, integrity, telemetry or operational impact; no direct sensitive access or escalation"
azure,Microsoft.Authorization/policyAssignments/delete,high,medium,https://github.com/HackTricks-wiki/hacktricks-cloud/blob/45bcf7a7381a496d6dfd5b5d533681fff85c608d/src/pentesting-cloud/azure-security/az-post-exploitation/az-policy-post-exploitation.md,"Conditional access, interception, execution or security-boundary change"
azure,Microsoft.Authorization/policyAssignments/write,medium,medium,https://github.com/HackTricks-wiki/hacktricks-cloud/blob/45bcf7a7381a496d6dfd5b5d533681fff85c608d/src/pentesting-cloud/azure-security/az-persistence/az-defender-for-cloud-persistence.md,"Availability, integrity, telemetry or operational impact; no direct sensitive access or escalation"
azure,Microsoft.Authorization/policyDefinitions/write,high,medium,https://github.com/HackTricks-wiki/hacktricks-cloud/blob/45bcf7a7381a496d6dfd5b5d533681fff85c608d/src/pentesting-cloud/azure-security/az-persistence/az-guest-configuration-persistence.md,"Conditional access, interception, execution or security-boundary change"
azure,Microsoft.Authorization/policyExemptions/write,high,medium,https://github.com/HackTricks-wiki/hacktricks-cloud/blob/45bcf7a7381a496d6dfd5b5d533681fff85c608d/src/pentesting-cloud/azure-security/az-post-exploitation/az-policy-post-exploitation.md,"Conditional access, interception, execution or security-boundary change"
azure,Microsoft.Authorization/roleAssignmentScheduleRequests/write,critical,medium,https://github.com/HackTricks-wiki/hacktricks-cloud/blob/45bcf7a7381a496d6dfd5b5d533681fff85c608d/src/pentesting-cloud/azure-security/az-post-exploitation/az-pim-post-exploitation.md,"Direct privilege grant, identity takeover or near-self-sufficient privileged execution documented by the source"
azure,Microsoft.Authorization/roleEligibilityScheduleRequests/write,critical,medium,https://github.com/HackTricks-wiki/hacktricks-cloud/blob/45bcf7a7381a496d6dfd5b5d533681fff85c608d/src/pentesting-cloud/azure-security/az-persistence/az-pim-persistence.md,"Direct privilege grant, identity takeover or near-self-sufficient privileged execution documented by the source"
azure,Microsoft.Authorization/roleManagementPolicies/write,high,medium,https://github.com/HackTricks-wiki/hacktricks-cloud/blob/45bcf7a7381a496d6dfd5b5d533681fff85c608d/src/pentesting-cloud/azure-security/az-persistence/az-pim-persistence.md,Documented conditional persistence or retained access
azure,Microsoft.Automation/automationAccounts/configurations/write,high,medium,https://github.com/HackTricks-wiki/hacktricks-cloud/blob/45bcf7a7381a496d6dfd5b5d533681fff85c608d/src/pentesting-cloud/azure-security/az-privilege-escalation/az-automation-accounts-privesc.md,Documented escalation primitive requiring target context or other capabilities
azure,Microsoft.Automation/automationAccounts/hybridRunbookWorkerGroups/write,high,medium,https://github.com/HackTricks-wiki/hacktricks-cloud/blob/45bcf7a7381a496d6dfd5b5d533681fff85c608d/src/pentesting-cloud/azure-security/az-persistence/az-automation-accounts-persistence.md,"Conditional access, interception, execution or security-boundary change"
azure,Microsoft.Automation/automationAccounts/jobSchedules/write,high,medium,https://github.com/HackTricks-wiki/hacktricks-cloud/blob/45bcf7a7381a496d6dfd5b5d533681fff85c608d/src/pentesting-cloud/azure-security/az-persistence/az-automation-accounts-persistence.md,"Conditional access, interception, execution or security-boundary change"
azure,Microsoft.Automation/automationAccounts/listKeys/action,high,medium,https://github.com/HackTricks-wiki/hacktricks-cloud/blob/45bcf7a7381a496d6dfd5b5d533681fff85c608d/src/pentesting-cloud/azure-security/az-privilege-escalation/az-automation-accounts-privesc.md,Documented escalation primitive requiring target context or other capabilities
azure,Microsoft.Automation/automationAccounts/modules/write,high,medium,https://github.com/HackTricks-wiki/hacktricks-cloud/blob/45bcf7a7381a496d6dfd5b5d533681fff85c608d/src/pentesting-cloud/azure-security/az-privilege-escalation/az-automation-accounts-privesc.md,Documented escalation primitive requiring target context or other capabilities
azure,Microsoft.Automation/automationAccounts/python3Packages/write,high,medium,https://github.com/HackTricks-wiki/hacktricks-cloud/blob/45bcf7a7381a496d6dfd5b5d533681fff85c608d/src/pentesting-cloud/azure-security/az-privilege-escalation/az-automation-accounts-privesc.md,Documented escalation primitive requiring target context or other capabilities
azure,Microsoft.Automation/automationAccounts/runbooks/write,high,medium,https://github.com/HackTricks-wiki/hacktricks-cloud/blob/45bcf7a7381a496d6dfd5b5d533681fff85c608d/src/pentesting-cloud/azure-security/az-privilege-escalation/az-automation-accounts-privesc.md,Documented escalation primitive requiring target context or other capabilities
azure,Microsoft.Automation/automationAccounts/schedules/write,high,medium,https://github.com/HackTricks-wiki/hacktricks-cloud/blob/45bcf7a7381a496d6dfd5b5d533681fff85c608d/src/pentesting-cloud/azure-security/az-persistence/az-automation-accounts-persistence.md,"Conditional access, interception, execution or security-boundary change"
azure,Microsoft.Automation/automationAccounts/sourceControls/write,high,medium,https://github.com/HackTricks-wiki/hacktricks-cloud/blob/45bcf7a7381a496d6dfd5b5d533681fff85c608d/src/pentesting-cloud/azure-security/az-persistence/az-automation-accounts-persistence.md,"Conditional access, interception, execution or security-boundary change"
azure,Microsoft.Automation/automationAccounts/variables/write,high,medium,https://github.com/HackTricks-wiki/hacktricks-cloud/blob/45bcf7a7381a496d6dfd5b5d533681fff85c608d/src/pentesting-cloud/azure-security/az-privilege-escalation/az-automation-accounts-privesc.md,Documented escalation primitive requiring target context or other capabilities
azure,Microsoft.Automation/automationAccounts/watchers/start/action,high,medium,https://github.com/HackTricks-wiki/hacktricks-cloud/blob/45bcf7a7381a496d6dfd5b5d533681fff85c608d/src/pentesting-cloud/azure-security/az-persistence/az-automation-accounts-persistence.md,"Conditional access, interception, execution or security-boundary change"
azure,Microsoft.Automation/automationAccounts/watchers/write,high,medium,https://github.com/HackTricks-wiki/hacktricks-cloud/blob/45bcf7a7381a496d6dfd5b5d533681fff85c608d/src/pentesting-cloud/azure-security/az-persistence/az-automation-accounts-persistence.md,"Conditional access, interception, execution or security-boundary change"
azure,Microsoft.Automation/automationAccounts/webhooks/action,high,medium,https://github.com/HackTricks-wiki/hacktricks-cloud/blob/45bcf7a7381a496d6dfd5b5d533681fff85c608d/src/pentesting-cloud/azure-security/az-privilege-escalation/az-automation-accounts-privesc.md,Documented escalation primitive requiring target context or other capabilities
azure,Microsoft.Automation/automationAccounts/write,high,medium,https://github.com/HackTricks-wiki/hacktricks-cloud/blob/45bcf7a7381a496d6dfd5b5d533681fff85c608d/src/pentesting-cloud/azure-security/az-privilege-escalation/az-automation-accounts-privesc.md,Documented escalation primitive requiring target context or other capabilities
azure,Microsoft.Batch/batchAccounts/applications/versions/write,high,medium,https://github.com/HackTricks-wiki/hacktricks-cloud/blob/45bcf7a7381a496d6dfd5b5d533681fff85c608d/src/pentesting-cloud/azure-security/az-privilege-escalation/az-batch-privesc.md,Documented escalation primitive requiring target context or other capabilities
azure,Microsoft.Batch/batchAccounts/applications/write,high,medium,https://github.com/HackTricks-wiki/hacktricks-cloud/blob/45bcf7a7381a496d6dfd5b5d533681fff85c608d/src/pentesting-cloud/azure-security/az-privilege-escalation/az-batch-privesc.md,Documented escalation primitive requiring target context or other capabilities
azure,Microsoft.Batch/batchAccounts/listkeys/action,high,critical,https://github.com/HackTricks-wiki/hacktricks-cloud/blob/45bcf7a7381a496d6dfd5b5d533681fff85c608d/src/pentesting-cloud/azure-security/az-privilege-escalation/az-batch-privesc.md,Read/export sensitive information or stored credentials; no standalone privilege grant
azure,Microsoft.Batch/batchAccounts/pools/write,high,medium,https://github.com/HackTricks-wiki/hacktricks-cloud/blob/45bcf7a7381a496d6dfd5b5d533681fff85c608d/src/pentesting-cloud/azure-security/az-privilege-escalation/az-batch-privesc.md,Documented escalation primitive requiring target context or other capabilities
azure,Microsoft.Batch/batchAccounts/providers/Microsoft.Insights/diagnosticSettings/write,medium,medium,https://github.com/HackTricks-wiki/hacktricks-cloud/blob/45bcf7a7381a496d6dfd5b5d533681fff85c608d/src/pentesting-cloud/azure-security/az-post-exploitation/az-batch-post-exploitation.md,"Availability, integrity or telemetry impact without standalone sensitive access"
azure,Microsoft.Batch/batchAccounts/write,high,medium,https://github.com/HackTricks-wiki/hacktricks-cloud/blob/45bcf7a7381a496d6dfd5b5d533681fff85c608d/src/pentesting-cloud/azure-security/az-privilege-escalation/az-batch-privesc.md,Documented escalation primitive requiring target context or other capabilities
azure,Microsoft.BotService/botServices/channels/regeneratekeys/action,high,medium,https://github.com/HackTricks-wiki/hacktricks-cloud/blob/45bcf7a7381a496d6dfd5b5d533681fff85c608d/src/pentesting-cloud/azure-security/az-privilege-escalation/az-bot-service-privesc.md,Documented escalation primitive requiring target context or other capabilities
azure,Microsoft.Cache/redis/accessPolicies/write,high,medium,https://github.com/HackTricks-wiki/hacktricks-cloud/blob/45bcf7a7381a496d6dfd5b5d533681fff85c608d/src/pentesting-cloud/azure-security/az-persistence/az-redis-persistence.md,Documented conditional persistence or retained access
azure,Microsoft.Cache/redis/accessPolicyAssignments/write,critical,medium,https://github.com/HackTricks-wiki/hacktricks-cloud/blob/45bcf7a7381a496d6dfd5b5d533681fff85c608d/src/pentesting-cloud/azure-security/az-persistence/az-redis-persistence.md,"Direct privilege grant, identity takeover or near-self-sufficient privileged execution documented by the source"
azure,Microsoft.Cache/redis/export/action,high,medium,https://github.com/HackTricks-wiki/hacktricks-cloud/blob/45bcf7a7381a496d6dfd5b5d533681fff85c608d/src/pentesting-cloud/azure-security/az-post-exploitation/az-redis-post-exploitation.md,Documented sensitive-data or credential access
azure,Microsoft.Cache/redis/firewallRules/write,high,medium,https://github.com/HackTricks-wiki/hacktricks-cloud/blob/45bcf7a7381a496d6dfd5b5d533681fff85c608d/src/pentesting-cloud/azure-security/az-post-exploitation/az-redis-post-exploitation.md,"Conditional access, interception, execution or security-boundary change"
azure,Microsoft.Cache/redis/flush/action,medium,medium,https://github.com/HackTricks-wiki/hacktricks-cloud/blob/45bcf7a7381a496d6dfd5b5d533681fff85c608d/src/pentesting-cloud/azure-security/az-post-exploitation/az-redis-post-exploitation.md,"Availability, integrity or telemetry impact without standalone sensitive access"
azure,Microsoft.Cache/redis/import/action,medium,medium,https://github.com/HackTricks-wiki/hacktricks-cloud/blob/45bcf7a7381a496d6dfd5b5d533681fff85c608d/src/pentesting-cloud/azure-security/az-post-exploitation/az-redis-post-exploitation.md,"Availability, integrity or telemetry impact without standalone sensitive access"
azure,Microsoft.Cache/redis/linkedServers/write,high,medium,https://github.com/HackTricks-wiki/hacktricks-cloud/blob/45bcf7a7381a496d6dfd5b5d533681fff85c608d/src/pentesting-cloud/azure-security/az-persistence/az-redis-persistence.md,Documented conditional persistence or retained access
azure,Microsoft.Cache/redis/listKeys/action,high,medium,https://github.com/HackTricks-wiki/hacktricks-cloud/blob/45bcf7a7381a496d6dfd5b5d533681fff85c608d/src/pentesting-cloud/azure-security/az-privilege-escalation/az-redis-privesc.md,Documented escalation primitive requiring target context or other capabilities
azure,Microsoft.Cache/redis/regenerateKey/action,high,medium,https://github.com/HackTricks-wiki/hacktricks-cloud/blob/45bcf7a7381a496d6dfd5b5d533681fff85c608d/src/pentesting-cloud/azure-security/az-privilege-escalation/az-redis-privesc.md,Documented escalation primitive requiring target context or other capabilities
azure,Microsoft.Cache/redis/write,high,medium,https://github.com/HackTricks-wiki/hacktricks-cloud/blob/45bcf7a7381a496d6dfd5b5d533681fff85c608d/src/pentesting-cloud/azure-security/az-post-exploitation/az-redis-post-exploitation.md,"Conditional access, interception, execution or security-boundary change"
azure,Microsoft.Cache/redisEnterprise/databases/export/action,high,medium,https://github.com/HackTricks-wiki/hacktricks-cloud/blob/45bcf7a7381a496d6dfd5b5d533681fff85c608d/src/pentesting-cloud/azure-security/az-post-exploitation/az-redis-post-exploitation.md,Documented sensitive-data or credential access
azure,Microsoft.Cache/redisEnterprise/databases/import/action,medium,medium,https://github.com/HackTricks-wiki/hacktricks-cloud/blob/45bcf7a7381a496d6dfd5b5d533681fff85c608d/src/pentesting-cloud/azure-security/az-post-exploitation/az-redis-post-exploitation.md,"Availability, integrity or telemetry impact without standalone sensitive access"
azure,Microsoft.Cache/redisEnterprise/databases/listKeys/action,high,critical,https://github.com/HackTricks-wiki/hacktricks-cloud/blob/45bcf7a7381a496d6dfd5b5d533681fff85c608d/src/pentesting-cloud/azure-security/az-privilege-escalation/az-redis-privesc.md,Read/export sensitive information or stored credentials; no standalone privilege grant
azure,Microsoft.Cdn/profiles/endpoints/origins/write,high,medium,https://github.com/HackTricks-wiki/hacktricks-cloud/blob/45bcf7a7381a496d6dfd5b5d533681fff85c608d/src/pentesting-cloud/azure-security/az-post-exploitation/az-vms-and-network-post-exploitation.md,"Conditional access, interception, execution or security-boundary change"
azure,Microsoft.Cdn/profiles/origingroups/origins/write,high,medium,https://github.com/HackTricks-wiki/hacktricks-cloud/blob/45bcf7a7381a496d6dfd5b5d533681fff85c608d/src/pentesting-cloud/azure-security/az-post-exploitation/az-vms-and-network-post-exploitation.md,"Conditional access, interception, execution or security-boundary change"
azure,Microsoft.Cdn/profiles/rulesets/rules/write,high,medium,https://github.com/HackTricks-wiki/hacktricks-cloud/blob/45bcf7a7381a496d6dfd5b5d533681fff85c608d/src/pentesting-cloud/azure-security/az-post-exploitation/az-vms-and-network-post-exploitation.md,"Conditional access, interception, execution or security-boundary change"
azure,Microsoft.Chaos/experiments/cancel/action,medium,medium,https://github.com/HackTricks-wiki/hacktricks-cloud/blob/45bcf7a7381a496d6dfd5b5d533681fff85c608d/src/pentesting-cloud/azure-security/az-post-exploitation/az-chaos-studio-post-exploitation.md,"Availability, integrity or telemetry impact without standalone sensitive access"
azure,Microsoft.Chaos/experiments/write,medium,medium,https://github.com/HackTricks-wiki/hacktricks-cloud/blob/45bcf7a7381a496d6dfd5b5d533681fff85c608d/src/pentesting-cloud/azure-security/az-persistence/az-chaos-studio-persistence.md,Durable disruption or operational state
azure,Microsoft.Chaos/targets/write,medium,medium,https://github.com/HackTricks-wiki/hacktricks-cloud/blob/45bcf7a7381a496d6dfd5b5d533681fff85c608d/src/pentesting-cloud/azure-security/az-persistence/az-chaos-studio-persistence.md,Durable disruption or operational state
azure,Microsoft.CodeSigning/certificateProfiles/Sign/action,high,medium,https://github.com/HackTricks-wiki/hacktricks-cloud/blob/45bcf7a7381a496d6dfd5b5d533681fff85c608d/src/pentesting-cloud/azure-security/az-post-exploitation/az-trusted-signing-post-exploitation.md,"Conditional access, interception, execution or security-boundary change"
azure,Microsoft.CodeSigning/codeSigningAccounts/certificateProfiles/write,high,medium,https://github.com/HackTricks-wiki/hacktricks-cloud/blob/45bcf7a7381a496d6dfd5b5d533681fff85c608d/src/pentesting-cloud/azure-security/az-post-exploitation/az-trusted-signing-post-exploitation.md,"Conditional access, interception, execution or security-boundary change"
azure,Microsoft.CognitiveServices/accounts/AIServices/agents/write,high,medium,https://github.com/HackTricks-wiki/hacktricks-cloud/blob/45bcf7a7381a496d6dfd5b5d533681fff85c608d/src/pentesting-cloud/azure-security/az-persistence/az-ai-foundry-persistence.md,"Conditional access, interception, execution or security-boundary change"
azure,Microsoft.CognitiveServices/accounts/OpenAI/fine-tunes/write,high,medium,https://github.com/HackTricks-wiki/hacktricks-cloud/blob/45bcf7a7381a496d6dfd5b5d533681fff85c608d/src/pentesting-cloud/azure-security/az-persistence/az-ai-foundry-persistence.md,"Conditional access, interception, execution or security-boundary change"
azure,Microsoft.CognitiveServices/accounts/OpenAI/stored-completions/action,medium,medium,https://github.com/HackTricks-wiki/hacktricks-cloud/blob/45bcf7a7381a496d6dfd5b5d533681fff85c608d/src/pentesting-cloud/azure-security/az-privilege-escalation/az-ai-foundry-privesc.md,"Availability, integrity, telemetry or operational impact; no direct sensitive access or escalation"
azure,Microsoft.CognitiveServices/accounts/connections/listsecrets/action,high,critical,https://github.com/HackTricks-wiki/hacktricks-cloud/blob/45bcf7a7381a496d6dfd5b5d533681fff85c608d/src/pentesting-cloud/azure-security/az-privilege-escalation/az-ai-foundry-privesc.md,Read/export sensitive information or stored credentials; no standalone privilege grant
azure,Microsoft.CognitiveServices/accounts/defenderForAISettings/write,medium,medium,https://github.com/HackTricks-wiki/hacktricks-cloud/blob/45bcf7a7381a496d6dfd5b5d533681fff85c608d/src/pentesting-cloud/azure-security/az-post-exploitation/az-azure-ai-foundry-post-exploitation.md,"Availability, integrity or telemetry impact without standalone sensitive access"
azure,Microsoft.CognitiveServices/accounts/deployments/write,medium,medium,https://github.com/HackTricks-wiki/hacktricks-cloud/blob/45bcf7a7381a496d6dfd5b5d533681fff85c608d/src/pentesting-cloud/azure-security/az-post-exploitation/az-azure-ai-foundry-post-exploitation.md,"Availability, integrity or telemetry impact without standalone sensitive access"
azure,Microsoft.CognitiveServices/accounts/listKeys/action,high,critical,https://github.com/HackTricks-wiki/hacktricks-cloud/blob/45bcf7a7381a496d6dfd5b5d533681fff85c608d/src/pentesting-cloud/azure-security/az-privilege-escalation/az-ai-foundry-privesc.md,Read/export sensitive information or stored credentials; no standalone privilege grant
azure,Microsoft.CognitiveServices/accounts/projects/connections/listsecrets/action,high,critical,https://github.com/HackTricks-wiki/hacktricks-cloud/blob/45bcf7a7381a496d6dfd5b5d533681fff85c608d/src/pentesting-cloud/azure-security/az-privilege-escalation/az-ai-foundry-privesc.md,Read/export sensitive information or stored credentials; no standalone privilege grant
azure,Microsoft.CognitiveServices/accounts/raiPolicies/write,high,medium,https://github.com/HackTricks-wiki/hacktricks-cloud/blob/45bcf7a7381a496d6dfd5b5d533681fff85c608d/src/pentesting-cloud/azure-security/az-post-exploitation/az-azure-ai-foundry-post-exploitation.md,"Conditional access, interception, execution or security-boundary change"
azure,Microsoft.CognitiveServices/accounts/write,high,medium,https://github.com/HackTricks-wiki/hacktricks-cloud/blob/45bcf7a7381a496d6dfd5b5d533681fff85c608d/src/pentesting-cloud/azure-security/az-privilege-escalation/az-ai-foundry-privesc.md,Documented escalation primitive requiring target context or other capabilities
azure,Microsoft.Communication/CommunicationServices/EventGridFilters/Write,high,medium,https://github.com/HackTricks-wiki/hacktricks-cloud/blob/45bcf7a7381a496d6dfd5b5d533681fff85c608d/src/pentesting-cloud/azure-security/az-privilege-escalation/az-communication-services-privesc.md,Documented escalation primitive requiring target context or other capabilities
azure,Microsoft.Communication/CommunicationServices/LinkNotificationHub/action,high,medium,https://github.com/HackTricks-wiki/hacktricks-cloud/blob/45bcf7a7381a496d6dfd5b5d533681fff85c608d/src/pentesting-cloud/azure-security/az-privilege-escalation/az-communication-services-privesc.md,Documented escalation primitive requiring target context or other capabilities
azure,Microsoft.Communication/EmailServices/Domains/write,high,medium,https://github.com/HackTricks-wiki/hacktricks-cloud/blob/45bcf7a7381a496d6dfd5b5d533681fff85c608d/src/pentesting-cloud/azure-security/az-privilege-escalation/az-communication-services-privesc.md,Documented escalation primitive requiring target context or other capabilities
azure,Microsoft.Communication/EmailServices/verifiedExchangeOnlineDomains/action,high,medium,https://github.com/HackTricks-wiki/hacktricks-cloud/blob/45bcf7a7381a496d6dfd5b5d533681fff85c608d/src/pentesting-cloud/azure-security/az-privilege-escalation/az-communication-services-privesc.md,Documented escalation primitive requiring target context or other capabilities
azure,Microsoft.Compute/diskEncryptionSets/write,medium,medium,https://github.com/HackTricks-wiki/hacktricks-cloud/blob/45bcf7a7381a496d6dfd5b5d533681fff85c608d/src/pentesting-cloud/azure-security/az-post-exploitation/az-vms-and-network-post-exploitation.md,"Availability, integrity or telemetry impact without standalone sensitive access"
azure,Microsoft.Compute/disks/write,high,medium,https://github.com/HackTricks-wiki/hacktricks-cloud/blob/45bcf7a7381a496d6dfd5b5d533681fff85c608d/src/pentesting-cloud/azure-security/az-post-exploitation/az-vms-and-network-post-exploitation.md,Documented sensitive-data or credential access
azure,Microsoft.Compute/galleries/applications/versions/write,high,medium,https://github.com/HackTricks-wiki/hacktricks-cloud/blob/45bcf7a7381a496d6dfd5b5d533681fff85c608d/src/pentesting-cloud/azure-security/az-persistence/az-vms-persistence.md,"Conditional access, interception, execution or security-boundary change"
azure,Microsoft.Compute/galleries/applications/write,high,medium,https://github.com/HackTricks-wiki/hacktricks-cloud/blob/45bcf7a7381a496d6dfd5b5d533681fff85c608d/src/pentesting-cloud/azure-security/az-privilege-escalation/az-virtual-machines-and-network-privesc.md,Documented escalation primitive requiring target context or other capabilities
azure,Microsoft.Compute/galleries/images/versions/write,high,medium,https://github.com/HackTricks-wiki/hacktricks-cloud/blob/45bcf7a7381a496d6dfd5b5d533681fff85c608d/src/pentesting-cloud/azure-security/az-persistence/az-image-builder-persistence.md,Documented conditional persistence or retained access
azure,Microsoft.Compute/galleries/share/action,high,medium,https://github.com/HackTricks-wiki/hacktricks-cloud/blob/45bcf7a7381a496d6dfd5b5d533681fff85c608d/src/pentesting-cloud/azure-security/az-post-exploitation/az-vms-and-network-post-exploitation.md,Documented sensitive-data or credential access
azure,Microsoft.Compute/galleries/write,high,medium,https://github.com/HackTricks-wiki/hacktricks-cloud/blob/45bcf7a7381a496d6dfd5b5d533681fff85c608d/src/pentesting-cloud/azure-security/az-privilege-escalation/az-virtual-machines-and-network-privesc.md,Documented escalation primitive requiring target context or other capabilities
azure,Microsoft.Compute/images/write,high,medium,https://github.com/HackTricks-wiki/hacktricks-cloud/blob/45bcf7a7381a496d6dfd5b5d533681fff85c608d/src/pentesting-cloud/azure-security/az-persistence/az-image-builder-persistence.md,Documented conditional persistence or retained access
azure,Microsoft.Compute/virtualMachineScaleSets/write,high,medium,https://github.com/HackTricks-wiki/hacktricks-cloud/blob/45bcf7a7381a496d6dfd5b5d533681fff85c608d/src/pentesting-cloud/azure-security/az-privilege-escalation/az-service-fabric-privesc.md,Documented escalation primitive requiring target context or other capabilities
azure,Microsoft.Compute/virtualMachines/capture/action,high,medium,https://github.com/HackTricks-wiki/hacktricks-cloud/blob/45bcf7a7381a496d6dfd5b5d533681fff85c608d/src/pentesting-cloud/azure-security/az-post-exploitation/az-vms-and-network-post-exploitation.md,Documented sensitive-data or credential access
azure,Microsoft.Compute/virtualMachines/extensions/delete,medium,medium,https://github.com/HackTricks-wiki/hacktricks-cloud/blob/45bcf7a7381a496d6dfd5b5d533681fff85c608d/src/pentesting-cloud/azure-security/az-post-exploitation/az-defender-for-cloud-post-exploitation.md,"Availability, integrity or telemetry impact without standalone sensitive access"
azure,Microsoft.Compute/virtualMachines/reimage/action,high,medium,https://github.com/HackTricks-wiki/hacktricks-cloud/blob/45bcf7a7381a496d6dfd5b5d533681fff85c608d/src/pentesting-cloud/azure-security/az-persistence/az-vms-persistence.md,"Conditional access, interception, execution or security-boundary change"
azure,Microsoft.Compute/virtualMachines/retrieveBootDiagnosticsData/action,high,medium,https://github.com/HackTricks-wiki/hacktricks-cloud/blob/45bcf7a7381a496d6dfd5b5d533681fff85c608d/src/pentesting-cloud/azure-security/az-post-exploitation/az-vms-and-network-post-exploitation.md,Documented sensitive-data or credential access
azure,Microsoft.Compute/virtualMachines/write,high,medium,https://github.com/HackTricks-wiki/hacktricks-cloud/blob/45bcf7a7381a496d6dfd5b5d533681fff85c608d/src/pentesting-cloud/azure-security/az-persistence/az-vms-persistence.md,"Conditional access, interception, execution or security-boundary change"
azure,Microsoft.ConfidentialLedger/ledgers/write,high,medium,https://github.com/HackTricks-wiki/hacktricks-cloud/blob/45bcf7a7381a496d6dfd5b5d533681fff85c608d/src/pentesting-cloud/azure-security/az-privilege-escalation/az-confidential-ledger-privesc.md,Documented escalation primitive requiring target context or other capabilities
azure,Microsoft.Consumption/budgets/delete,medium,medium,https://github.com/HackTricks-wiki/hacktricks-cloud/blob/45bcf7a7381a496d6dfd5b5d533681fff85c608d/src/pentesting-cloud/azure-security/az-post-exploitation/az-cost-management-post-exploitation.md,"Availability, integrity or telemetry impact without standalone sensitive access"
azure,Microsoft.Consumption/budgets/write,medium,medium,https://github.com/HackTricks-wiki/hacktricks-cloud/blob/45bcf7a7381a496d6dfd5b5d533681fff85c608d/src/pentesting-cloud/azure-security/az-persistence/az-cost-management-persistence.md,"Availability, integrity, telemetry or operational impact; no direct sensitive access or escalation"
azure,Microsoft.ContainerInstance/containerGroups/delete,medium,medium,https://github.com/HackTricks-wiki/hacktricks-cloud/blob/45bcf7a7381a496d6dfd5b5d533681fff85c608d/src/pentesting-cloud/azure-security/az-privilege-escalation/az-arm-deployment-privesc.md,"Availability, integrity, telemetry or operational impact; no direct sensitive access or escalation"
azure,Microsoft.ContainerInstance/containerGroups/restart/action,high,medium,https://github.com/HackTricks-wiki/hacktricks-cloud/blob/45bcf7a7381a496d6dfd5b5d533681fff85c608d/src/pentesting-cloud/azure-security/az-privilege-escalation/az-container-instances-apps-jobs-privesc.md,Documented escalation primitive requiring target context or other capabilities
azure,Microsoft.ContainerInstance/containerGroups/start/action,high,medium,https://github.com/HackTricks-wiki/hacktricks-cloud/blob/45bcf7a7381a496d6dfd5b5d533681fff85c608d/src/pentesting-cloud/azure-security/az-privilege-escalation/az-container-instances-apps-jobs-privesc.md,Documented escalation primitive requiring target context or other capabilities
azure,Microsoft.ContainerRegistry/registries/cacheRules/write,high,medium,https://github.com/HackTricks-wiki/hacktricks-cloud/blob/45bcf7a7381a496d6dfd5b5d533681fff85c608d/src/pentesting-cloud/azure-security/az-privilege-escalation/az-container-registry-privesc.md,Documented escalation primitive requiring target context or other capabilities
azure,Microsoft.ContainerRegistry/registries/credentialSets/write,high,medium,https://github.com/HackTricks-wiki/hacktricks-cloud/blob/45bcf7a7381a496d6dfd5b5d533681fff85c608d/src/pentesting-cloud/azure-security/az-privilege-escalation/az-container-registry-privesc.md,Documented escalation primitive requiring target context or other capabilities
azure,Microsoft.ContainerRegistry/registries/importImage/action,high,medium,https://github.com/HackTricks-wiki/hacktricks-cloud/blob/45bcf7a7381a496d6dfd5b5d533681fff85c608d/src/pentesting-cloud/azure-security/az-privilege-escalation/az-container-registry-privesc.md,Documented escalation primitive requiring target context or other capabilities
azure,Microsoft.ContainerRegistry/registries/listCredentials/action,high,critical,https://github.com/HackTricks-wiki/hacktricks-cloud/blob/45bcf7a7381a496d6dfd5b5d533681fff85c608d/src/pentesting-cloud/azure-security/az-persistence/az-container-registry-persistence.md,Read/export sensitive information or stored credentials; no standalone privilege grant
azure,Microsoft.ContainerRegistry/registries/pull/read,high,low,https://github.com/HackTricks-wiki/hacktricks-cloud/blob/45bcf7a7381a496d6dfd5b5d533681fff85c608d/src/pentesting-cloud/azure-security/az-post-exploitation/az-container-registry-post-exploitation.md,Documented sensitive-data or credential access
azure,Microsoft.ContainerRegistry/registries/push/write,medium,medium,https://github.com/HackTricks-wiki/hacktricks-cloud/blob/45bcf7a7381a496d6dfd5b5d533681fff85c608d/src/pentesting-cloud/azure-security/az-post-exploitation/az-container-registry-post-exploitation.md,"Availability, integrity or telemetry impact without standalone sensitive access"
azure,Microsoft.ContainerRegistry/registries/tasks/write,high,medium,https://github.com/HackTricks-wiki/hacktricks-cloud/blob/45bcf7a7381a496d6dfd5b5d533681fff85c608d/src/pentesting-cloud/azure-security/az-privilege-escalation/az-container-registry-privesc.md,Documented escalation primitive requiring target context or other capabilities
azure,Microsoft.ContainerRegistry/registries/webhooks/write,high,medium,https://github.com/HackTricks-wiki/hacktricks-cloud/blob/45bcf7a7381a496d6dfd5b5d533681fff85c608d/src/pentesting-cloud/azure-security/az-privilege-escalation/az-container-registry-privesc.md,Documented escalation primitive requiring target context or other capabilities
azure,Microsoft.ContainerRegistry/registries/write,high,medium,https://github.com/HackTricks-wiki/hacktricks-cloud/blob/45bcf7a7381a496d6dfd5b5d533681fff85c608d/src/pentesting-cloud/azure-security/az-persistence/az-container-registry-persistence.md,Documented conditional persistence or retained access
azure,Microsoft.ContainerService/fleets/listCredentials/action,high,medium,https://github.com/HackTricks-wiki/hacktricks-cloud/blob/45bcf7a7381a496d6dfd5b5d533681fff85c608d/src/pentesting-cloud/azure-security/az-privilege-escalation/az-kubernetes-privesc.md,Documented escalation primitive requiring target context or other capabilities
azure,Microsoft.ContainerService/managedClusters/accessProfiles/listCredential/action,high,medium,https://github.com/HackTricks-wiki/hacktricks-cloud/blob/45bcf7a7381a496d6dfd5b5d533681fff85c608d/src/pentesting-cloud/azure-security/az-privilege-escalation/az-kubernetes-privesc.md,Documented escalation primitive requiring target context or other capabilities
azure,Microsoft.ContainerService/managedClusters/agentPools/write,medium,medium,https://github.com/HackTricks-wiki/hacktricks-cloud/blob/45bcf7a7381a496d6dfd5b5d533681fff85c608d/src/pentesting-cloud/azure-security/az-post-exploitation/az-kubernetes-post-exploitation.md,"Availability, integrity or telemetry impact without standalone sensitive access"
azure,Microsoft.ContainerService/managedClusters/listClusterAdminCredential/action,critical,medium,https://github.com/HackTricks-wiki/hacktricks-cloud/blob/45bcf7a7381a496d6dfd5b5d533681fff85c608d/src/pentesting-cloud/azure-security/az-privilege-escalation/az-kubernetes-privesc.md,"Direct privilege grant, identity takeover or near-self-sufficient privileged execution documented by the source"
azure,Microsoft.ContainerService/managedClusters/listClusterMonitoringUserCredential/action,high,medium,https://github.com/HackTricks-wiki/hacktricks-cloud/blob/45bcf7a7381a496d6dfd5b5d533681fff85c608d/src/pentesting-cloud/azure-security/az-privilege-escalation/az-kubernetes-privesc.md,Documented escalation primitive requiring target context or other capabilities
azure,Microsoft.ContainerService/managedClusters/managedNamespaces/listCredential/action,high,medium,https://github.com/HackTricks-wiki/hacktricks-cloud/blob/45bcf7a7381a496d6dfd5b5d533681fff85c608d/src/pentesting-cloud/azure-security/az-privilege-escalation/az-kubernetes-privesc.md,Documented escalation primitive requiring target context or other capabilities
azure,Microsoft.ContainerService/managedClusters/resetAADProfile/action,high,medium,https://github.com/HackTricks-wiki/hacktricks-cloud/blob/45bcf7a7381a496d6dfd5b5d533681fff85c608d/src/pentesting-cloud/azure-security/az-persistence/az-kubernetes-persistence.md,"Conditional access, interception, execution or security-boundary change"
azure,Microsoft.ContainerService/managedClusters/rotateClusterCertificates/action,medium,medium,https://github.com/HackTricks-wiki/hacktricks-cloud/blob/45bcf7a7381a496d6dfd5b5d533681fff85c608d/src/pentesting-cloud/azure-security/az-post-exploitation/az-kubernetes-post-exploitation.md,"Availability, integrity or telemetry impact without standalone sensitive access"
azure,Microsoft.ContainerService/managedClusters/runCommand/action,critical,medium,https://github.com/HackTricks-wiki/hacktricks-cloud/blob/45bcf7a7381a496d6dfd5b5d533681fff85c608d/src/pentesting-cloud/azure-security/az-privilege-escalation/az-kubernetes-privesc.md,"Direct privilege grant, identity takeover or near-self-sufficient privileged execution documented by the source"
azure,Microsoft.ContainerService/managedClusters/trustedAccessRoleBindings/write,high,medium,https://github.com/HackTricks-wiki/hacktricks-cloud/blob/45bcf7a7381a496d6dfd5b5d533681fff85c608d/src/pentesting-cloud/azure-security/az-persistence/az-kubernetes-persistence.md,"Conditional access, interception, execution or security-boundary change"
azure,Microsoft.ContainerService/managedClusters/write,critical,medium,https://github.com/HackTricks-wiki/hacktricks-cloud/blob/45bcf7a7381a496d6dfd5b5d533681fff85c608d/src/pentesting-cloud/azure-security/az-persistence/az-kubernetes-persistence.md,"Direct privilege grant, identity takeover or near-self-sufficient privileged execution documented by the source"
azure,Microsoft.CostManagement/exports/delete,medium,medium,https://github.com/HackTricks-wiki/hacktricks-cloud/blob/45bcf7a7381a496d6dfd5b5d533681fff85c608d/src/pentesting-cloud/azure-security/az-post-exploitation/az-cost-management-post-exploitation.md,"Availability, integrity or telemetry impact without standalone sensitive access"
azure,Microsoft.CostManagement/query/action,medium,medium,https://github.com/HackTricks-wiki/hacktricks-cloud/blob/45bcf7a7381a496d6dfd5b5d533681fff85c608d/src/pentesting-cloud/azure-security/az-post-exploitation/az-cost-management-post-exploitation.md,"Availability, integrity, telemetry or operational impact; no direct sensitive access or escalation"
azure,Microsoft.CostManagement/scheduledActions/delete,medium,medium,https://github.com/HackTricks-wiki/hacktricks-cloud/blob/45bcf7a7381a496d6dfd5b5d533681fff85c608d/src/pentesting-cloud/azure-security/az-post-exploitation/az-cost-management-post-exploitation.md,"Availability, integrity or telemetry impact without standalone sensitive access"
azure,Microsoft.DBforMySQL/flexibleServers/administrators/write,critical,medium,https://github.com/HackTricks-wiki/hacktricks-cloud/blob/45bcf7a7381a496d6dfd5b5d533681fff85c608d/src/pentesting-cloud/azure-security/az-privilege-escalation/az-mysql-privesc.md,Existing direct administrator takeover or privileged execution; retain source-validated Critical severity
azure,Microsoft.DBforMySQL/flexibleServers/advancedThreatProtectionSettings/write,medium,medium,https://github.com/HackTricks-wiki/hacktricks-cloud/blob/45bcf7a7381a496d6dfd5b5d533681fff85c608d/src/pentesting-cloud/azure-security/az-post-exploitation/az-mysql-post-exploitation.md,"Availability, integrity or telemetry impact without standalone sensitive access"
azure,Microsoft.DBforMySQL/flexibleServers/backupAndExport/action,high,medium,https://github.com/HackTricks-wiki/hacktricks-cloud/blob/45bcf7a7381a496d6dfd5b5d533681fff85c608d/src/pentesting-cloud/azure-security/az-post-exploitation/az-mysql-post-exploitation.md,Documented sensitive-data or credential access
azure,Microsoft.DBforMySQL/flexibleServers/delete,medium,medium,https://github.com/HackTricks-wiki/hacktricks-cloud/blob/45bcf7a7381a496d6dfd5b5d533681fff85c608d/src/pentesting-cloud/azure-security/az-privilege-escalation/az-mysql-privesc.md,"Availability, integrity, telemetry or operational impact; no direct sensitive access or escalation"
azure,Microsoft.DBforMySQL/flexibleServers/firewallRules/write,high,medium,https://github.com/HackTricks-wiki/hacktricks-cloud/blob/45bcf7a7381a496d6dfd5b5d533681fff85c608d/src/pentesting-cloud/azure-security/az-post-exploitation/az-mysql-post-exploitation.md,"Conditional access, interception, execution or security-boundary change"
azure,Microsoft.DBforMySQL/flexibleServers/privateEndpointConnections/write,high,medium,https://github.com/HackTricks-wiki/hacktricks-cloud/blob/45bcf7a7381a496d6dfd5b5d533681fff85c608d/src/pentesting-cloud/azure-security/az-privilege-escalation/az-mysql-privesc.md,Documented escalation primitive requiring target context or other capabilities
azure,Microsoft.DBforMySQL/flexibleServers/privateEndpointConnectionsApproval/action,high,medium,https://github.com/HackTricks-wiki/hacktricks-cloud/blob/45bcf7a7381a496d6dfd5b5d533681fff85c608d/src/pentesting-cloud/azure-security/az-post-exploitation/az-mysql-post-exploitation.md,"Conditional access, interception, execution or security-boundary change"
azure,Microsoft.DBforMySQL/flexibleServers/providers/Microsoft.Insights/diagnosticSettings/write,medium,medium,https://github.com/HackTricks-wiki/hacktricks-cloud/blob/45bcf7a7381a496d6dfd5b5d533681fff85c608d/src/pentesting-cloud/azure-security/az-post-exploitation/az-mysql-post-exploitation.md,"Availability, integrity or telemetry impact without standalone sensitive access"
azure,Microsoft.DBforMySQL/flexibleServers/resetGtid/action,medium,medium,https://github.com/HackTricks-wiki/hacktricks-cloud/blob/45bcf7a7381a496d6dfd5b5d533681fff85c608d/src/pentesting-cloud/azure-security/az-post-exploitation/az-mysql-post-exploitation.md,"Availability, integrity or telemetry impact without standalone sensitive access"
azure,Microsoft.DBforMySQL/flexibleServers/stop/action,medium,medium,https://github.com/HackTricks-wiki/hacktricks-cloud/blob/45bcf7a7381a496d6dfd5b5d533681fff85c608d/src/pentesting-cloud/azure-security/az-post-exploitation/az-mysql-post-exploitation.md,"Availability, integrity or telemetry impact without standalone sensitive access"
azure,Microsoft.DBforMySQL/flexibleServers/updateConfigurations/action,medium,medium,https://github.com/HackTricks-wiki/hacktricks-cloud/blob/45bcf7a7381a496d6dfd5b5d533681fff85c608d/src/pentesting-cloud/azure-security/az-post-exploitation/az-mysql-post-exploitation.md,"Availability, integrity or telemetry impact without standalone sensitive access"
azure,Microsoft.DBforMySQL/flexibleServers/write,critical,medium,https://github.com/HackTricks-wiki/hacktricks-cloud/blob/45bcf7a7381a496d6dfd5b5d533681fff85c608d/src/pentesting-cloud/azure-security/az-privilege-escalation/az-mysql-privesc.md,Existing direct administrator takeover or privileged execution; retain source-validated Critical severity
azure,Microsoft.DBforPostgreSQL/flexibleServers/administrators/write,critical,medium,https://github.com/HackTricks-wiki/hacktricks-cloud/blob/45bcf7a7381a496d6dfd5b5d533681fff85c608d/src/pentesting-cloud/azure-security/az-privilege-escalation/az-postgresql-privesc.md,Existing direct administrator takeover or privileged execution; retain source-validated Critical severity
azure,Microsoft.DBforPostgreSQL/flexibleServers/advancedThreatProtectionSettings/write,medium,medium,https://github.com/HackTricks-wiki/hacktricks-cloud/blob/45bcf7a7381a496d6dfd5b5d533681fff85c608d/src/pentesting-cloud/azure-security/az-post-exploitation/az-postgresql-post-exploitation.md,"Availability, integrity or telemetry impact without standalone sensitive access"
azure,Microsoft.DBforPostgreSQL/flexibleServers/configurations/write,high,medium,https://github.com/HackTricks-wiki/hacktricks-cloud/blob/45bcf7a7381a496d6dfd5b5d533681fff85c608d/src/pentesting-cloud/azure-security/az-post-exploitation/az-postgresql-post-exploitation.md,Documented sensitive-data or credential access
azure,Microsoft.DBforPostgreSQL/flexibleServers/firewallRules/write,high,medium,https://github.com/HackTricks-wiki/hacktricks-cloud/blob/45bcf7a7381a496d6dfd5b5d533681fff85c608d/src/pentesting-cloud/azure-security/az-post-exploitation/az-postgresql-post-exploitation.md,"Conditional access, interception, execution or security-boundary change"
azure,Microsoft.DBforPostgreSQL/flexibleServers/ltrBackup/action,high,medium,https://github.com/HackTricks-wiki/hacktricks-cloud/blob/45bcf7a7381a496d6dfd5b5d533681fff85c608d/src/pentesting-cloud/azure-security/az-post-exploitation/az-postgresql-post-exploitation.md,Documented sensitive-data or credential access
azure,Microsoft.DBforPostgreSQL/flexibleServers/ltrPreBackup/action,high,medium,https://github.com/HackTricks-wiki/hacktricks-cloud/blob/45bcf7a7381a496d6dfd5b5d533681fff85c608d/src/pentesting-cloud/azure-security/az-privilege-escalation/az-postgresql-privesc.md,Documented escalation primitive requiring target context or other capabilities
azure,Microsoft.DBforPostgreSQL/flexibleServers/migrations/write,high,medium,https://github.com/HackTricks-wiki/hacktricks-cloud/blob/45bcf7a7381a496d6dfd5b5d533681fff85c608d/src/pentesting-cloud/azure-security/az-privilege-escalation/az-postgresql-privesc.md,Documented escalation primitive requiring target context or other capabilities
azure,Microsoft.DBforPostgreSQL/flexibleServers/privateEndpointConnections/write,high,medium,https://github.com/HackTricks-wiki/hacktricks-cloud/blob/45bcf7a7381a496d6dfd5b5d533681fff85c608d/src/pentesting-cloud/azure-security/az-privilege-escalation/az-postgresql-privesc.md,Documented escalation primitive requiring target context or other capabilities
azure,Microsoft.DBforPostgreSQL/flexibleServers/privateEndpointConnectionsApproval/action,high,medium,https://github.com/HackTricks-wiki/hacktricks-cloud/blob/45bcf7a7381a496d6dfd5b5d533681fff85c608d/src/pentesting-cloud/azure-security/az-post-exploitation/az-postgresql-post-exploitation.md,"Conditional access, interception, execution or security-boundary change"
azure,Microsoft.DBforPostgreSQL/flexibleServers/providers/Microsoft.Insights/diagnosticSettings/write,medium,medium,https://github.com/HackTricks-wiki/hacktricks-cloud/blob/45bcf7a7381a496d6dfd5b5d533681fff85c608d/src/pentesting-cloud/azure-security/az-post-exploitation/az-postgresql-post-exploitation.md,"Availability, integrity or telemetry impact without standalone sensitive access"
azure,Microsoft.DBforPostgreSQL/flexibleServers/startLtrBackup/action,high,medium,https://github.com/HackTricks-wiki/hacktricks-cloud/blob/45bcf7a7381a496d6dfd5b5d533681fff85c608d/src/pentesting-cloud/azure-security/az-privilege-escalation/az-postgresql-privesc.md,Documented escalation primitive requiring target context or other capabilities
azure,Microsoft.DBforPostgreSQL/flexibleServers/stop/action,medium,medium,https://github.com/HackTricks-wiki/hacktricks-cloud/blob/45bcf7a7381a496d6dfd5b5d533681fff85c608d/src/pentesting-cloud/azure-security/az-post-exploitation/az-postgresql-post-exploitation.md,"Availability, integrity or telemetry impact without standalone sensitive access"
azure,Microsoft.DBforPostgreSQL/flexibleServers/write,critical,medium,https://github.com/HackTricks-wiki/hacktricks-cloud/blob/45bcf7a7381a496d6dfd5b5d533681fff85c608d/src/pentesting-cloud/azure-security/az-privilege-escalation/az-postgresql-privesc.md,Existing direct administrator takeover or privileged execution; retain source-validated Critical severity
azure,Microsoft.Dashboard/grafana/ActAsGrafanaEditor/action,high,medium,https://github.com/HackTricks-wiki/hacktricks-cloud/blob/45bcf7a7381a496d6dfd5b5d533681fff85c608d/src/pentesting-cloud/azure-security/az-privilege-escalation/az-managed-grafana-privesc.md,Documented escalation primitive requiring target context or other capabilities
azure,Microsoft.Dashboard/grafana/managedPrivateEndpoints/write,high,medium,https://github.com/HackTricks-wiki/hacktricks-cloud/blob/45bcf7a7381a496d6dfd5b5d533681fff85c608d/src/pentesting-cloud/azure-security/az-privilege-escalation/az-managed-grafana-privesc.md,Documented escalation primitive requiring target context or other capabilities
azure,Microsoft.Dashboard/grafana/write,high,medium,https://github.com/HackTricks-wiki/hacktricks-cloud/blob/45bcf7a7381a496d6dfd5b5d533681fff85c608d/src/pentesting-cloud/azure-security/az-privilege-escalation/az-managed-grafana-privesc.md,Documented escalation primitive requiring target context or other capabilities
azure,Microsoft.DataFactory/datafactories/gateways/listauthkeys/action,high,medium,https://github.com/HackTricks-wiki/hacktricks-cloud/blob/45bcf7a7381a496d6dfd5b5d533681fff85c608d/src/pentesting-cloud/azure-security/az-privilege-escalation/az-data-factory-privesc.md,Documented escalation primitive requiring target context or other capabilities
azure,Microsoft.DataFactory/factories/createdataflowdebugsession/action,high,medium,https://github.com/HackTricks-wiki/hacktricks-cloud/blob/45bcf7a7381a496d6dfd5b5d533681fff85c608d/src/pentesting-cloud/azure-security/az-post-exploitation/az-data-factory-post-exploitation.md,Documented sensitive-data or credential access
azure,Microsoft.DataFactory/factories/datasets/write,high,medium,https://github.com/HackTricks-wiki/hacktricks-cloud/blob/45bcf7a7381a496d6dfd5b5d533681fff85c608d/src/pentesting-cloud/azure-security/az-post-exploitation/az-data-factory-post-exploitation.md,Documented sensitive-data or credential access
azure,Microsoft.DataFactory/factories/getDataPlaneAccess/action,high,medium,https://github.com/HackTricks-wiki/hacktricks-cloud/blob/45bcf7a7381a496d6dfd5b5d533681fff85c608d/src/pentesting-cloud/azure-security/az-privilege-escalation/az-data-factory-privesc.md,Documented escalation primitive requiring target context or other capabilities
azure,Microsoft.DataFactory/factories/getGitHubAccessToken/action,high,medium,https://github.com/HackTricks-wiki/hacktricks-cloud/blob/45bcf7a7381a496d6dfd5b5d533681fff85c608d/src/pentesting-cloud/azure-security/az-privilege-escalation/az-data-factory-privesc.md,Documented escalation primitive requiring target context or other capabilities
azure,Microsoft.DataFactory/factories/globalParameters/write,high,medium,https://github.com/HackTricks-wiki/hacktricks-cloud/blob/45bcf7a7381a496d6dfd5b5d533681fff85c608d/src/pentesting-cloud/azure-security/az-privilege-escalation/az-data-factory-privesc.md,Documented escalation primitive requiring target context or other capabilities
azure,Microsoft.DataFactory/factories/integrationruntimes/listauthkeys/action,high,medium,https://github.com/HackTricks-wiki/hacktricks-cloud/blob/45bcf7a7381a496d6dfd5b5d533681fff85c608d/src/pentesting-cloud/azure-security/az-privilege-escalation/az-data-factory-privesc.md,Documented escalation primitive requiring target context or other capabilities
azure,Microsoft.DataFactory/factories/integrationruntimes/regenerateauthkey/action,high,medium,https://github.com/HackTricks-wiki/hacktricks-cloud/blob/45bcf7a7381a496d6dfd5b5d533681fff85c608d/src/pentesting-cloud/azure-security/az-privilege-escalation/az-data-factory-privesc.md,Documented escalation primitive requiring target context or other capabilities
azure,Microsoft.DataFactory/factories/linkedservices/write,high,medium,https://github.com/HackTricks-wiki/hacktricks-cloud/blob/45bcf7a7381a496d6dfd5b5d533681fff85c608d/src/pentesting-cloud/azure-security/az-post-exploitation/az-data-factory-post-exploitation.md,Documented sensitive-data or credential access
azure,Microsoft.DataFactory/factories/managedVirtualNetworks/managedPrivateEndpoints/write,high,medium,https://github.com/HackTricks-wiki/hacktricks-cloud/blob/45bcf7a7381a496d6dfd5b5d533681fff85c608d/src/pentesting-cloud/azure-security/az-privilege-escalation/az-data-factory-privesc.md,Documented escalation primitive requiring target context or other capabilities
azure,Microsoft.DataFactory/factories/pipelines/sandbox/create/action,high,medium,https://github.com/HackTricks-wiki/hacktricks-cloud/blob/45bcf7a7381a496d6dfd5b5d533681fff85c608d/src/pentesting-cloud/azure-security/az-privilege-escalation/az-data-factory-privesc.md,Documented escalation primitive requiring target context or other capabilities
azure,Microsoft.DataFactory/factories/pipelines/sandbox/run/action,high,medium,https://github.com/HackTricks-wiki/hacktricks-cloud/blob/45bcf7a7381a496d6dfd5b5d533681fff85c608d/src/pentesting-cloud/azure-security/az-privilege-escalation/az-data-factory-privesc.md,Documented escalation primitive requiring target context or other capabilities
azure,Microsoft.DataFactory/factories/triggers/stop/action,medium,medium,https://github.com/HackTricks-wiki/hacktricks-cloud/blob/45bcf7a7381a496d6dfd5b5d533681fff85c608d/src/pentesting-cloud/azure-security/az-persistence/az-data-factory-persistence.md,"Availability, integrity, telemetry or operational impact; no direct sensitive access or escalation"
azure,Microsoft.DataMigration/sqlMigrationServices/listAuthKeys/action,high,medium,https://github.com/HackTricks-wiki/hacktricks-cloud/blob/45bcf7a7381a496d6dfd5b5d533681fff85c608d/src/pentesting-cloud/azure-security/az-privilege-escalation/az-database-migration-service-privesc.md,Documented escalation primitive requiring target context or other capabilities
azure,Microsoft.DataShare/accounts/shares/synchronizationSettings/write,high,medium,https://github.com/HackTricks-wiki/hacktricks-cloud/blob/45bcf7a7381a496d6dfd5b5d533681fff85c608d/src/pentesting-cloud/azure-security/az-post-exploitation/az-data-share-post-exploitation.md,Documented sensitive-data or credential access
azure,Microsoft.DataShare/accounts/write,high,medium,https://github.com/HackTricks-wiki/hacktricks-cloud/blob/45bcf7a7381a496d6dfd5b5d533681fff85c608d/src/pentesting-cloud/azure-security/az-post-exploitation/az-data-share-post-exploitation.md,Documented sensitive-data or credential access
azure,Microsoft.Databricks/accessConnectors/write,high,medium,https://github.com/HackTricks-wiki/hacktricks-cloud/blob/45bcf7a7381a496d6dfd5b5d533681fff85c608d/src/pentesting-cloud/azure-security/az-privilege-escalation/az-databricks-privesc.md,Documented escalation primitive requiring target context or other capabilities
azure,Microsoft.Databricks/workspaces/assignWorkspaceAdmin/action,critical,medium,https://github.com/HackTricks-wiki/hacktricks-cloud/blob/45bcf7a7381a496d6dfd5b5d533681fff85c608d/src/pentesting-cloud/azure-security/az-privilege-escalation/az-databricks-privesc.md,"Direct privilege grant, identity takeover or near-self-sufficient privileged execution documented by the source"
azure,Microsoft.DesktopVirtualization/appattachpackages/write,medium,medium,https://github.com/HackTricks-wiki/hacktricks-cloud/blob/45bcf7a7381a496d6dfd5b5d533681fff85c608d/src/pentesting-cloud/azure-security/az-post-exploitation/az-virtual-desktop-post-exploitation.md,"Availability, integrity or telemetry impact without standalone sensitive access"
azure,Microsoft.DesktopVirtualization/hostPools/retrieveRegistrationToken/action,high,medium,https://github.com/HackTricks-wiki/hacktricks-cloud/blob/45bcf7a7381a496d6dfd5b5d533681fff85c608d/src/pentesting-cloud/azure-security/az-privilege-escalation/az-virtual-desktop-privesc.md,Documented escalation primitive requiring target context or other capabilities
azure,Microsoft.DesktopVirtualization/hostpools/sessionhosts/usersessions/sendMessage/action,medium,medium,https://github.com/HackTricks-wiki/hacktricks-cloud/blob/45bcf7a7381a496d6dfd5b5d533681fff85c608d/src/pentesting-cloud/azure-security/az-post-exploitation/az-virtual-desktop-post-exploitation.md,"Availability, integrity or telemetry impact without standalone sensitive access"
azure,Microsoft.DesktopVirtualization/hostpools/write,high,medium,https://github.com/HackTricks-wiki/hacktricks-cloud/blob/45bcf7a7381a496d6dfd5b5d533681fff85c608d/src/pentesting-cloud/azure-security/az-post-exploitation/az-virtual-desktop-post-exploitation.md,"Conditional access, interception, execution or security-boundary change"
azure,Microsoft.DevCenter/projects/users/devboxes/userWrite/action,high,medium,https://github.com/HackTricks-wiki/hacktricks-cloud/blob/45bcf7a7381a496d6dfd5b5d533681fff85c608d/src/pentesting-cloud/azure-security/az-privilege-escalation/az-dev-center-privesc.md,Documented escalation primitive requiring target context or other capabilities
azure,Microsoft.DevCenter/projects/users/environments/userWrite/action,high,medium,https://github.com/HackTricks-wiki/hacktricks-cloud/blob/45bcf7a7381a496d6dfd5b5d533681fff85c608d/src/pentesting-cloud/azure-security/az-privilege-escalation/az-dev-center-privesc.md,Documented escalation primitive requiring target context or other capabilities
azure,Microsoft.DevOpsInfrastructure/pools/write,high,medium,https://github.com/HackTricks-wiki/hacktricks-cloud/blob/45bcf7a7381a496d6dfd5b5d533681fff85c608d/src/pentesting-cloud/azure-security/az-privilege-escalation/az-managed-devops-pools-privesc.md,Documented escalation primitive requiring target context or other capabilities
azure,Microsoft.DevTestLab/labs/artifactSources/write,high,medium,https://github.com/HackTricks-wiki/hacktricks-cloud/blob/45bcf7a7381a496d6dfd5b5d533681fff85c608d/src/pentesting-cloud/azure-security/az-persistence/az-devtest-labs-persistence.md,"Conditional access, interception, execution or security-boundary change"
azure,Microsoft.DevTestLab/labs/claimAnyVm/action,high,medium,https://github.com/HackTricks-wiki/hacktricks-cloud/blob/45bcf7a7381a496d6dfd5b5d533681fff85c608d/src/pentesting-cloud/azure-security/az-privilege-escalation/az-devtest-labs-privesc.md,Documented escalation primitive requiring target context or other capabilities
azure,Microsoft.DevTestLab/labs/customImages/write,high,medium,https://github.com/HackTricks-wiki/hacktricks-cloud/blob/45bcf7a7381a496d6dfd5b5d533681fff85c608d/src/pentesting-cloud/azure-security/az-persistence/az-devtest-labs-persistence.md,"Conditional access, interception, execution or security-boundary change"
azure,Microsoft.DevTestLab/labs/formulas/write,high,medium,https://github.com/HackTricks-wiki/hacktricks-cloud/blob/45bcf7a7381a496d6dfd5b5d533681fff85c608d/src/pentesting-cloud/azure-security/az-persistence/az-devtest-labs-persistence.md,"Conditional access, interception, execution or security-boundary change"
azure,Microsoft.DevTestLab/labs/policySets/policies/write,high,medium,https://github.com/HackTricks-wiki/hacktricks-cloud/blob/45bcf7a7381a496d6dfd5b5d533681fff85c608d/src/pentesting-cloud/azure-security/az-privilege-escalation/az-devtest-labs-privesc.md,Documented escalation primitive requiring target context or other capabilities
azure,Microsoft.DevTestLab/labs/schedules/write,high,medium,https://github.com/HackTricks-wiki/hacktricks-cloud/blob/45bcf7a7381a496d6dfd5b5d533681fff85c608d/src/pentesting-cloud/azure-security/az-privilege-escalation/az-devtest-labs-privesc.md,Documented escalation primitive requiring target context or other capabilities
azure,Microsoft.DevTestLab/labs/secrets/write,high,medium,https://github.com/HackTricks-wiki/hacktricks-cloud/blob/45bcf7a7381a496d6dfd5b5d533681fff85c608d/src/pentesting-cloud/azure-security/az-persistence/az-devtest-labs-persistence.md,Documented conditional persistence or retained access
azure,Microsoft.DevTestLab/labs/users/secrets/write,high,medium,https://github.com/HackTricks-wiki/hacktricks-cloud/blob/45bcf7a7381a496d6dfd5b5d533681fff85c608d/src/pentesting-cloud/azure-security/az-persistence/az-devtest-labs-persistence.md,Documented conditional persistence or retained access
azure,Microsoft.DevTestLab/labs/virtualMachines/applyArtifacts/action,critical,medium,https://github.com/HackTricks-wiki/hacktricks-cloud/blob/45bcf7a7381a496d6dfd5b5d533681fff85c608d/src/pentesting-cloud/azure-security/az-persistence/az-devtest-labs-persistence.md,"Direct privilege grant, identity takeover or near-self-sufficient privileged execution documented by the source"
azure,Microsoft.DevTestLab/labs/virtualMachines/claim/action,high,medium,https://github.com/HackTricks-wiki/hacktricks-cloud/blob/45bcf7a7381a496d6dfd5b5d533681fff85c608d/src/pentesting-cloud/azure-security/az-privilege-escalation/az-devtest-labs-privesc.md,Documented escalation primitive requiring target context or other capabilities
azure,Microsoft.DevTestLab/labs/virtualMachines/write,high,medium,https://github.com/HackTricks-wiki/hacktricks-cloud/blob/45bcf7a7381a496d6dfd5b5d533681fff85c608d/src/pentesting-cloud/azure-security/az-privilege-escalation/az-devtest-labs-privesc.md,Documented escalation primitive requiring target context or other capabilities
azure,Microsoft.DevTestLab/labs/write,high,medium,https://github.com/HackTricks-wiki/hacktricks-cloud/blob/45bcf7a7381a496d6dfd5b5d533681fff85c608d/src/pentesting-cloud/azure-security/az-privilege-escalation/az-devtest-labs-privesc.md,Documented escalation primitive requiring target context or other capabilities
azure,Microsoft.Devices/IotHubs/iotHubKeys/listkeys/action,high,medium,https://github.com/HackTricks-wiki/hacktricks-cloud/blob/45bcf7a7381a496d6dfd5b5d533681fff85c608d/src/pentesting-cloud/azure-security/az-privilege-escalation/az-iot-hub-privesc.md,Documented escalation primitive requiring target context or other capabilities
azure,Microsoft.Devices/IotHubs/listkeys/action,high,critical,https://github.com/HackTricks-wiki/hacktricks-cloud/blob/45bcf7a7381a496d6dfd5b5d533681fff85c608d/src/pentesting-cloud/azure-security/az-privilege-escalation/az-iot-hub-privesc.md,Read/export sensitive information or stored credentials; no standalone privilege grant
azure,Microsoft.Devices/iotHubs/certificates/Write,high,medium,https://github.com/HackTricks-wiki/hacktricks-cloud/blob/45bcf7a7381a496d6dfd5b5d533681fff85c608d/src/pentesting-cloud/azure-security/az-privilege-escalation/az-iot-hub-privesc.md,Documented escalation primitive requiring target context or other capabilities
azure,Microsoft.Devices/iotHubs/eventHubEndpoints/consumerGroups/Write,high,medium,https://github.com/HackTricks-wiki/hacktricks-cloud/blob/45bcf7a7381a496d6dfd5b5d533681fff85c608d/src/pentesting-cloud/azure-security/az-privilege-escalation/az-iot-hub-privesc.md,Documented escalation primitive requiring target context or other capabilities
azure,Microsoft.Devices/provisioningServices/Write,high,medium,https://github.com/HackTricks-wiki/hacktricks-cloud/blob/45bcf7a7381a496d6dfd5b5d533681fff85c608d/src/pentesting-cloud/azure-security/az-privilege-escalation/az-iot-hub-privesc.md,Documented escalation primitive requiring target context or other capabilities
azure,Microsoft.Devices/provisioningServices/certificates/Write,high,medium,https://github.com/HackTricks-wiki/hacktricks-cloud/blob/45bcf7a7381a496d6dfd5b5d533681fff85c608d/src/pentesting-cloud/azure-security/az-privilege-escalation/az-iot-hub-privesc.md,Documented escalation primitive requiring target context or other capabilities
azure,Microsoft.Devices/provisioningServices/keys/listkeys/action,high,critical,https://github.com/HackTricks-wiki/hacktricks-cloud/blob/45bcf7a7381a496d6dfd5b5d533681fff85c608d/src/pentesting-cloud/azure-security/az-privilege-escalation/az-iot-hub-privesc.md,Read/export sensitive information or stored credentials; no standalone privilege grant
azure,Microsoft.Devices/provisioningServices/listkeys/action,high,critical,https://github.com/HackTricks-wiki/hacktricks-cloud/blob/45bcf7a7381a496d6dfd5b5d533681fff85c608d/src/pentesting-cloud/azure-security/az-privilege-escalation/az-iot-hub-privesc.md,Read/export sensitive information or stored credentials; no standalone privilege grant
azure,Microsoft.DigitalTwins/digitalTwinsInstances/endpoints/write,high,medium,https://github.com/HackTricks-wiki/hacktricks-cloud/blob/45bcf7a7381a496d6dfd5b5d533681fff85c608d/src/pentesting-cloud/azure-security/az-privilege-escalation/az-digital-twins-privesc.md,Documented escalation primitive requiring target context or other capabilities
azure,Microsoft.DigitalTwins/digitalTwinsInstances/write,high,medium,https://github.com/HackTricks-wiki/hacktricks-cloud/blob/45bcf7a7381a496d6dfd5b5d533681fff85c608d/src/pentesting-cloud/azure-security/az-privilege-escalation/az-digital-twins-privesc.md,Documented escalation primitive requiring target context or other capabilities
azure,Microsoft.DigitalTwins/digitaltwins/commands/action,medium,medium,https://github.com/HackTricks-wiki/hacktricks-cloud/blob/45bcf7a7381a496d6dfd5b5d533681fff85c608d/src/pentesting-cloud/azure-security/az-privilege-escalation/az-digital-twins-privesc.md,"Availability, integrity, telemetry or operational impact; no direct sensitive access or escalation"
azure,Microsoft.DigitalTwins/digitaltwins/relationships/write,medium,medium,https://github.com/HackTricks-wiki/hacktricks-cloud/blob/45bcf7a7381a496d6dfd5b5d533681fff85c608d/src/pentesting-cloud/azure-security/az-privilege-escalation/az-digital-twins-privesc.md,"Availability, integrity, telemetry or operational impact; no direct sensitive access or escalation"
azure,Microsoft.DigitalTwins/eventroutes/write,high,medium,https://github.com/HackTricks-wiki/hacktricks-cloud/blob/45bcf7a7381a496d6dfd5b5d533681fff85c608d/src/pentesting-cloud/azure-security/az-privilege-escalation/az-digital-twins-privesc.md,Documented escalation primitive requiring target context or other capabilities
azure,Microsoft.DigitalTwins/jobs/imports/write,high,medium,https://github.com/HackTricks-wiki/hacktricks-cloud/blob/45bcf7a7381a496d6dfd5b5d533681fff85c608d/src/pentesting-cloud/azure-security/az-privilege-escalation/az-digital-twins-privesc.md,Documented escalation primitive requiring target context or other capabilities
azure,Microsoft.DigitalTwins/models/write,medium,medium,https://github.com/HackTricks-wiki/hacktricks-cloud/blob/45bcf7a7381a496d6dfd5b5d533681fff85c608d/src/pentesting-cloud/azure-security/az-privilege-escalation/az-digital-twins-privesc.md,"Availability, integrity, telemetry or operational impact; no direct sensitive access or escalation"
azure,Microsoft.DocumentDB/databaseAccounts/cassandraRoleDefinitions/write,high,medium,https://github.com/HackTricks-wiki/hacktricks-cloud/blob/45bcf7a7381a496d6dfd5b5d533681fff85c608d/src/pentesting-cloud/azure-security/az-privilege-escalation/az-cosmosDB-privesc.md,Documented escalation primitive requiring target context or other capabilities
azure,Microsoft.DocumentDB/databaseAccounts/dataTransferJobs/write,high,medium,https://github.com/HackTricks-wiki/hacktricks-cloud/blob/45bcf7a7381a496d6dfd5b5d533681fff85c608d/src/pentesting-cloud/azure-security/az-post-exploitation/az-cosmosDB-post-exploitation.md,Documented sensitive-data or credential access
azure,Microsoft.DocumentDB/databaseAccounts/failoverPriorityChange/action,medium,medium,https://github.com/HackTricks-wiki/hacktricks-cloud/blob/45bcf7a7381a496d6dfd5b5d533681fff85c608d/src/pentesting-cloud/azure-security/az-post-exploitation/az-cosmosDB-post-exploitation.md,"Availability, integrity or telemetry impact without standalone sensitive access"
azure,Microsoft.DocumentDB/databaseAccounts/listKeys/action,high,critical,https://github.com/HackTricks-wiki/hacktricks-cloud/blob/45bcf7a7381a496d6dfd5b5d533681fff85c608d/src/pentesting-cloud/azure-security/az-privilege-escalation/az-cosmosDB-privesc.md,Read/export sensitive information or stored credentials; no standalone privilege grant
azure,Microsoft.DocumentDB/databaseAccounts/mongodbDatabases/collections/write,medium,medium,https://github.com/HackTricks-wiki/hacktricks-cloud/blob/45bcf7a7381a496d6dfd5b5d533681fff85c608d/src/pentesting-cloud/azure-security/az-post-exploitation/az-cosmosDB-post-exploitation.md,"Availability, integrity or telemetry impact without standalone sensitive access"
azure,Microsoft.DocumentDB/databaseAccounts/mongodbDatabases/write,medium,medium,https://github.com/HackTricks-wiki/hacktricks-cloud/blob/45bcf7a7381a496d6dfd5b5d533681fff85c608d/src/pentesting-cloud/azure-security/az-post-exploitation/az-cosmosDB-post-exploitation.md,"Availability, integrity or telemetry impact without standalone sensitive access"
azure,Microsoft.DocumentDB/databaseAccounts/regenerateKey/action,medium,medium,https://github.com/HackTricks-wiki/hacktricks-cloud/blob/45bcf7a7381a496d6dfd5b5d533681fff85c608d/src/pentesting-cloud/azure-security/az-post-exploitation/az-cosmosDB-post-exploitation.md,"Availability, integrity or telemetry impact without standalone sensitive access"
azure,Microsoft.DocumentDB/databaseAccounts/sqlDatabases/containers/storedProcedures/write,medium,medium,https://github.com/HackTricks-wiki/hacktricks-cloud/blob/45bcf7a7381a496d6dfd5b5d533681fff85c608d/src/pentesting-cloud/azure-security/az-post-exploitation/az-cosmosDB-post-exploitation.md,"Availability, integrity or telemetry impact without standalone sensitive access"
azure,Microsoft.DocumentDB/databaseAccounts/sqlDatabases/containers/triggers/write,medium,medium,https://github.com/HackTricks-wiki/hacktricks-cloud/blob/45bcf7a7381a496d6dfd5b5d533681fff85c608d/src/pentesting-cloud/azure-security/az-post-exploitation/az-cosmosDB-post-exploitation.md,"Availability, integrity or telemetry impact without standalone sensitive access"
azure,Microsoft.DocumentDB/databaseAccounts/sqlDatabases/containers/userDefinedFunctions/write,medium,medium,https://github.com/HackTricks-wiki/hacktricks-cloud/blob/45bcf7a7381a496d6dfd5b5d533681fff85c608d/src/pentesting-cloud/azure-security/az-post-exploitation/az-cosmosDB-post-exploitation.md,"Availability, integrity or telemetry impact without standalone sensitive access"
azure,Microsoft.DocumentDB/databaseAccounts/sqlDatabases/containers/write,medium,medium,https://github.com/HackTricks-wiki/hacktricks-cloud/blob/45bcf7a7381a496d6dfd5b5d533681fff85c608d/src/pentesting-cloud/azure-security/az-post-exploitation/az-cosmosDB-post-exploitation.md,"Availability, integrity or telemetry impact without standalone sensitive access"
azure,Microsoft.DocumentDB/databaseAccounts/sqlDatabases/write,medium,medium,https://github.com/HackTricks-wiki/hacktricks-cloud/blob/45bcf7a7381a496d6dfd5b5d533681fff85c608d/src/pentesting-cloud/azure-security/az-post-exploitation/az-cosmosDB-post-exploitation.md,"Availability, integrity or telemetry impact without standalone sensitive access"
azure,Microsoft.DocumentDB/databaseAccounts/sqlRoleAssignments/write,critical,medium,https://github.com/HackTricks-wiki/hacktricks-cloud/blob/45bcf7a7381a496d6dfd5b5d533681fff85c608d/src/pentesting-cloud/azure-security/az-privilege-escalation/az-cosmosDB-privesc.md,"Direct privilege grant, identity takeover or near-self-sufficient privileged execution documented by the source"
azure,Microsoft.DocumentDB/databaseAccounts/write,high,medium,https://github.com/HackTricks-wiki/hacktricks-cloud/blob/45bcf7a7381a496d6dfd5b5d533681fff85c608d/src/pentesting-cloud/azure-security/az-post-exploitation/az-cosmosDB-post-exploitation.md,Documented sensitive-data or credential access
azure,Microsoft.DocumentDB/locations/restorableDatabaseAccounts/restore/action,high,medium,https://github.com/HackTricks-wiki/hacktricks-cloud/blob/45bcf7a7381a496d6dfd5b5d533681fff85c608d/src/pentesting-cloud/azure-security/az-post-exploitation/az-cosmosDB-post-exploitation.md,Documented sensitive-data or credential access
azure,Microsoft.DocumentDB/mongoClusters/firewallRules/write,high,medium,https://github.com/HackTricks-wiki/hacktricks-cloud/blob/45bcf7a7381a496d6dfd5b5d533681fff85c608d/src/pentesting-cloud/azure-security/az-privilege-escalation/az-cosmosDB-privesc.md,Documented escalation primitive requiring target context or other capabilities
azure,Microsoft.DocumentDB/mongoClusters/listConnectionStrings/action,high,medium,https://github.com/HackTricks-wiki/hacktricks-cloud/blob/45bcf7a7381a496d6dfd5b5d533681fff85c608d/src/pentesting-cloud/azure-security/az-privilege-escalation/az-cosmosDB-privesc.md,Documented escalation primitive requiring target context or other capabilities
azure,Microsoft.DocumentDB/mongoClusters/users/write,high,medium,https://github.com/HackTricks-wiki/hacktricks-cloud/blob/45bcf7a7381a496d6dfd5b5d533681fff85c608d/src/pentesting-cloud/azure-security/az-privilege-escalation/az-cosmosDB-privesc.md,Documented escalation primitive requiring target context or other capabilities
azure,Microsoft.DocumentDB/mongoClusters/write,critical,medium,https://github.com/HackTricks-wiki/hacktricks-cloud/blob/45bcf7a7381a496d6dfd5b5d533681fff85c608d/src/pentesting-cloud/azure-security/az-privilege-escalation/az-cosmosDB-privesc.md,Existing direct administrator takeover or privileged execution; retain source-validated Critical severity
azure,Microsoft.DomainRegistration/domains/transferOut/write,high,medium,https://github.com/HackTricks-wiki/hacktricks-cloud/blob/45bcf7a7381a496d6dfd5b5d533681fff85c608d/src/pentesting-cloud/azure-security/az-privilege-escalation/az-app-services-privesc.md,Documented escalation primitive requiring target context or other capabilities
azure,Microsoft.ElasticSan/elasticSans/volumeGroups/snapshots/beginGetAccess/action,high,medium,https://github.com/HackTricks-wiki/hacktricks-cloud/blob/45bcf7a7381a496d6dfd5b5d533681fff85c608d/src/pentesting-cloud/azure-security/az-post-exploitation/az-elastic-san-post-exploitation.md,Documented sensitive-data or credential access
azure,Microsoft.ElasticSan/elasticSans/volumeGroups/snapshots/write,high,medium,https://github.com/HackTricks-wiki/hacktricks-cloud/blob/45bcf7a7381a496d6dfd5b5d533681fff85c608d/src/pentesting-cloud/azure-security/az-post-exploitation/az-elastic-san-post-exploitation.md,Documented sensitive-data or credential access
azure,Microsoft.ElasticSan/elasticSans/volumeGroups/volumes/write,high,medium,https://github.com/HackTricks-wiki/hacktricks-cloud/blob/45bcf7a7381a496d6dfd5b5d533681fff85c608d/src/pentesting-cloud/azure-security/az-post-exploitation/az-elastic-san-post-exploitation.md,Documented sensitive-data or credential access
azure,Microsoft.EventGrid/domains/write,high,medium,https://github.com/HackTricks-wiki/hacktricks-cloud/blob/45bcf7a7381a496d6dfd5b5d533681fff85c608d/src/pentesting-cloud/azure-security/az-privilege-escalation/az-event-grid-privesc.md,Documented escalation primitive requiring target context or other capabilities
azure,Microsoft.EventGrid/namespaces/caCertificates/write,high,medium,https://github.com/HackTricks-wiki/hacktricks-cloud/blob/45bcf7a7381a496d6dfd5b5d533681fff85c608d/src/pentesting-cloud/azure-security/az-privilege-escalation/az-event-grid-privesc.md,Documented escalation primitive requiring target context or other capabilities
azure,Microsoft.EventGrid/namespaces/clientGroups/write,high,medium,https://github.com/HackTricks-wiki/hacktricks-cloud/blob/45bcf7a7381a496d6dfd5b5d533681fff85c608d/src/pentesting-cloud/azure-security/az-privilege-escalation/az-event-grid-privesc.md,Documented escalation primitive requiring target context or other capabilities
azure,Microsoft.EventGrid/namespaces/clients/write,high,medium,https://github.com/HackTricks-wiki/hacktricks-cloud/blob/45bcf7a7381a496d6dfd5b5d533681fff85c608d/src/pentesting-cloud/azure-security/az-privilege-escalation/az-event-grid-privesc.md,Documented escalation primitive requiring target context or other capabilities
azure,Microsoft.EventGrid/namespaces/permissionBindings/write,high,medium,https://github.com/HackTricks-wiki/hacktricks-cloud/blob/45bcf7a7381a496d6dfd5b5d533681fff85c608d/src/pentesting-cloud/azure-security/az-privilege-escalation/az-event-grid-privesc.md,Documented escalation primitive requiring target context or other capabilities
azure,Microsoft.EventGrid/namespaces/topicSpaces/write,high,medium,https://github.com/HackTricks-wiki/hacktricks-cloud/blob/45bcf7a7381a496d6dfd5b5d533681fff85c608d/src/pentesting-cloud/azure-security/az-privilege-escalation/az-event-grid-privesc.md,Documented escalation primitive requiring target context or other capabilities
azure,Microsoft.EventGrid/namespaces/topics/eventSubscriptions/write,high,medium,https://github.com/HackTricks-wiki/hacktricks-cloud/blob/45bcf7a7381a496d6dfd5b5d533681fff85c608d/src/pentesting-cloud/azure-security/az-privilege-escalation/az-event-grid-privesc.md,Documented escalation primitive requiring target context or other capabilities
azure,Microsoft.EventGrid/namespaces/write,high,medium,https://github.com/HackTricks-wiki/hacktricks-cloud/blob/45bcf7a7381a496d6dfd5b5d533681fff85c608d/src/pentesting-cloud/azure-security/az-privilege-escalation/az-event-grid-privesc.md,Documented escalation primitive requiring target context or other capabilities
azure,Microsoft.EventGrid/systemTopics/eventSubscriptions/write,high,medium,https://github.com/HackTricks-wiki/hacktricks-cloud/blob/45bcf7a7381a496d6dfd5b5d533681fff85c608d/src/pentesting-cloud/azure-security/az-persistence/az-storage-persistence.md,Documented sensitive-data or credential access
azure,Microsoft.EventGrid/systemTopics/write,high,medium,https://github.com/HackTricks-wiki/hacktricks-cloud/blob/45bcf7a7381a496d6dfd5b5d533681fff85c608d/src/pentesting-cloud/azure-security/az-persistence/az-storage-persistence.md,Documented sensitive-data or credential access
azure,Microsoft.EventGrid/topics/write,high,medium,https://github.com/HackTricks-wiki/hacktricks-cloud/blob/45bcf7a7381a496d6dfd5b5d533681fff85c608d/src/pentesting-cloud/azure-security/az-privilege-escalation/az-event-grid-privesc.md,Documented escalation primitive requiring target context or other capabilities
azure,Microsoft.EventHub/namespaces/delete,medium,medium,https://github.com/HackTricks-wiki/hacktricks-cloud/blob/45bcf7a7381a496d6dfd5b5d533681fff85c608d/src/pentesting-cloud/azure-security/az-post-exploitation/az-event-hubs-post-exploitation.md,"Availability, integrity or telemetry impact without standalone sensitive access"
azure,Microsoft.EventHub/namespaces/disasterRecoveryConfigs/authorizationRules/listkeys/action,high,critical,https://github.com/HackTricks-wiki/hacktricks-cloud/blob/45bcf7a7381a496d6dfd5b5d533681fff85c608d/src/pentesting-cloud/azure-security/az-privilege-escalation/az-event-hubs-privesc.md,Read/export sensitive information or stored credentials; no standalone privilege grant
azure,Microsoft.EventHub/namespaces/disasterRecoveryConfigs/write,high,medium,https://github.com/HackTricks-wiki/hacktricks-cloud/blob/45bcf7a7381a496d6dfd5b5d533681fff85c608d/src/pentesting-cloud/azure-security/az-persistence/az-event-hubs-persistence.md,Documented sensitive-data or credential access
azure,Microsoft.EventHub/namespaces/eventHubs/consumergroups/write,high,medium,https://github.com/HackTricks-wiki/hacktricks-cloud/blob/45bcf7a7381a496d6dfd5b5d533681fff85c608d/src/pentesting-cloud/azure-security/az-persistence/az-event-hubs-persistence.md,Documented sensitive-data or credential access
azure,Microsoft.EventHub/namespaces/networkrulesets/write,high,medium,https://github.com/HackTricks-wiki/hacktricks-cloud/blob/45bcf7a7381a496d6dfd5b5d533681fff85c608d/src/pentesting-cloud/azure-security/az-post-exploitation/az-event-hubs-post-exploitation.md,"Conditional access, interception, execution or security-boundary change"
azure,Microsoft.EventHub/namespaces/write,high,medium,https://github.com/HackTricks-wiki/hacktricks-cloud/blob/45bcf7a7381a496d6dfd5b5d533681fff85c608d/src/pentesting-cloud/azure-security/az-persistence/az-event-hubs-persistence.md,Documented sensitive-data or credential access
azure,Microsoft.FluidRelay/fluidRelayServers/listKeys/action,high,critical,https://github.com/HackTricks-wiki/hacktricks-cloud/blob/45bcf7a7381a496d6dfd5b5d533681fff85c608d/src/pentesting-cloud/azure-security/az-privilege-escalation/az-fluid-relay-privesc.md,Read/export sensitive information or stored credentials; no standalone privilege grant
azure,Microsoft.FluidRelay/fluidRelayServers/write,medium,medium,https://github.com/HackTricks-wiki/hacktricks-cloud/blob/45bcf7a7381a496d6dfd5b5d533681fff85c608d/src/pentesting-cloud/azure-security/az-privilege-escalation/az-fluid-relay-privesc.md,"Availability, integrity, telemetry or operational impact; no direct sensitive access or escalation"
azure,Microsoft.GuestConfiguration/guestConfigurationAssignments/delete,medium,medium,https://github.com/HackTricks-wiki/hacktricks-cloud/blob/45bcf7a7381a496d6dfd5b5d533681fff85c608d/src/pentesting-cloud/azure-security/az-post-exploitation/az-guest-configuration-post-exploitation.md,"Availability, integrity or telemetry impact without standalone sensitive access"
azure,Microsoft.GuestConfiguration/guestConfigurationAssignments/write,high,medium,https://github.com/HackTricks-wiki/hacktricks-cloud/blob/45bcf7a7381a496d6dfd5b5d533681fff85c608d/src/pentesting-cloud/azure-security/az-persistence/az-guest-configuration-persistence.md,"Conditional access, interception, execution or security-boundary change"
azure,Microsoft.HDInsight/clusters/applications/write,high,medium,https://github.com/HackTricks-wiki/hacktricks-cloud/blob/45bcf7a7381a496d6dfd5b5d533681fff85c608d/src/pentesting-cloud/azure-security/az-privilege-escalation/az-hdinsight-privesc.md,Documented escalation primitive requiring target context or other capabilities
azure,Microsoft.HDInsight/clusters/executeScriptActions/action,critical,medium,https://github.com/HackTricks-wiki/hacktricks-cloud/blob/45bcf7a7381a496d6dfd5b5d533681fff85c608d/src/pentesting-cloud/azure-security/az-privilege-escalation/az-hdinsight-privesc.md,"Direct privilege grant, identity takeover or near-self-sufficient privileged execution documented by the source"
azure,Microsoft.HDInsight/clusters/extensions/write,medium,medium,https://github.com/HackTricks-wiki/hacktricks-cloud/blob/45bcf7a7381a496d6dfd5b5d533681fff85c608d/src/pentesting-cloud/azure-security/az-post-exploitation/az-hdinsight-post-exploitation.md,"Availability, integrity or telemetry impact without standalone sensitive access"
azure,Microsoft.HDInsight/clusters/getGatewaySettings/action,high,medium,https://github.com/HackTricks-wiki/hacktricks-cloud/blob/45bcf7a7381a496d6dfd5b5d533681fff85c608d/src/pentesting-cloud/azure-security/az-privilege-escalation/az-hdinsight-privesc.md,Documented escalation primitive requiring target context or other capabilities
azure,Microsoft.HDInsight/clusters/updateGatewaySettings/action,critical,medium,https://github.com/HackTricks-wiki/hacktricks-cloud/blob/45bcf7a7381a496d6dfd5b5d533681fff85c608d/src/pentesting-cloud/azure-security/az-privilege-escalation/az-hdinsight-privesc.md,"Direct privilege grant, identity takeover or near-self-sufficient privileged execution documented by the source"
azure,Microsoft.HDInsight/clusters/write,high,medium,https://github.com/HackTricks-wiki/hacktricks-cloud/blob/45bcf7a7381a496d6dfd5b5d533681fff85c608d/src/pentesting-cloud/azure-security/az-privilege-escalation/az-hdinsight-privesc.md,Documented escalation primitive requiring target context or other capabilities
azure,Microsoft.HybridCompute/licenses/write,medium,medium,https://github.com/HackTricks-wiki/hacktricks-cloud/blob/45bcf7a7381a496d6dfd5b5d533681fff85c608d/src/pentesting-cloud/azure-security/az-privilege-escalation/az-arc-enabled-servers-privesc.md,"Availability, integrity, telemetry or operational impact; no direct sensitive access or escalation"
azure,Microsoft.HybridCompute/machines/licenseProfiles/write,medium,medium,https://github.com/HackTricks-wiki/hacktricks-cloud/blob/45bcf7a7381a496d6dfd5b5d533681fff85c608d/src/pentesting-cloud/azure-security/az-privilege-escalation/az-arc-enabled-servers-privesc.md,"Availability, integrity, telemetry or operational impact; no direct sensitive access or escalation"
azure,Microsoft.HybridCompute/machines/write,high,medium,https://github.com/HackTricks-wiki/hacktricks-cloud/blob/45bcf7a7381a496d6dfd5b5d533681fff85c608d/src/pentesting-cloud/azure-security/az-privilege-escalation/az-arc-enabled-servers-privesc.md,Documented escalation primitive requiring target context or other capabilities
azure,Microsoft.HybridConnectivity/endpoints/listCredentials/action,high,medium,https://github.com/HackTricks-wiki/hacktricks-cloud/blob/45bcf7a7381a496d6dfd5b5d533681fff85c608d/src/pentesting-cloud/azure-security/az-privilege-escalation/az-arc-enabled-servers-privesc.md,Documented escalation primitive requiring target context or other capabilities
azure,Microsoft.HybridContainerService/provisionedClusters/agentPools/write,medium,medium,https://github.com/HackTricks-wiki/hacktricks-cloud/blob/45bcf7a7381a496d6dfd5b5d533681fff85c608d/src/pentesting-cloud/azure-security/az-post-exploitation/az-kubernetes-post-exploitation.md,"Availability, integrity or telemetry impact without standalone sensitive access"
azure,Microsoft.InferenceService/inferenceAccounts/invoke/semanticReranker/action,medium,medium,https://github.com/HackTricks-wiki/hacktricks-cloud/blob/45bcf7a7381a496d6dfd5b5d533681fff85c608d/src/pentesting-cloud/azure-security/az-privilege-escalation/az-cosmosDB-privesc.md,"Availability, integrity, telemetry or operational impact; no direct sensitive access or escalation"
azure,Microsoft.InferenceService/inferenceAccounts/regenerateKeys/action,high,medium,https://github.com/HackTricks-wiki/hacktricks-cloud/blob/45bcf7a7381a496d6dfd5b5d533681fff85c608d/src/pentesting-cloud/azure-security/az-privilege-escalation/az-cosmosDB-privesc.md,Documented escalation primitive requiring target context or other capabilities
azure,Microsoft.Insights/activityLogAlerts/write,medium,medium,https://github.com/HackTricks-wiki/hacktricks-cloud/blob/45bcf7a7381a496d6dfd5b5d533681fff85c608d/src/pentesting-cloud/azure-security/az-post-exploitation/az-monitor-post-exploitation.md,"Availability, integrity or telemetry impact without standalone sensitive access"
azure,Microsoft.Insights/autoscaleSettings/write,high,medium,https://github.com/HackTricks-wiki/hacktricks-cloud/blob/45bcf7a7381a496d6dfd5b5d533681fff85c608d/src/pentesting-cloud/azure-security/az-persistence/az-monitor-persistence.md,"Conditional access, interception, execution or security-boundary change"
azure,Microsoft.Insights/dataCollectionRuleAssociations/delete,medium,medium,https://github.com/HackTricks-wiki/hacktricks-cloud/blob/45bcf7a7381a496d6dfd5b5d533681fff85c608d/src/pentesting-cloud/azure-security/az-persistence/az-monitor-persistence.md,"Availability, integrity, telemetry or operational impact; no direct sensitive access or escalation"
azure,Microsoft.Insights/dataCollectionRuleAssociations/write,high,medium,https://github.com/HackTricks-wiki/hacktricks-cloud/blob/45bcf7a7381a496d6dfd5b5d533681fff85c608d/src/pentesting-cloud/azure-security/az-post-exploitation/az-monitor-post-exploitation.md,Documented sensitive-data or credential access
azure,Microsoft.Insights/dataCollectionRules/data/write,medium,medium,https://github.com/HackTricks-wiki/hacktricks-cloud/blob/45bcf7a7381a496d6dfd5b5d533681fff85c608d/src/pentesting-cloud/azure-security/az-post-exploitation/az-log-analytics-post-exploitation.md,"Availability, integrity or telemetry impact without standalone sensitive access"
azure,Microsoft.Insights/dataCollectionRules/write,high,medium,https://github.com/HackTricks-wiki/hacktricks-cloud/blob/45bcf7a7381a496d6dfd5b5d533681fff85c608d/src/pentesting-cloud/azure-security/az-post-exploitation/az-monitor-post-exploitation.md,Documented sensitive-data or credential access
azure,Microsoft.Insights/diagnosticSettings/delete,medium,medium,https://github.com/HackTricks-wiki/hacktricks-cloud/blob/45bcf7a7381a496d6dfd5b5d533681fff85c608d/src/pentesting-cloud/azure-security/az-persistence/az-firewall-persistence.md,"Availability, integrity, telemetry or operational impact; no direct sensitive access or escalation"
azure,Microsoft.Insights/diagnosticSettings/write,medium,medium,https://github.com/HackTricks-wiki/hacktricks-cloud/blob/45bcf7a7381a496d6dfd5b5d533681fff85c608d/src/pentesting-cloud/azure-security/az-post-exploitation/az-firewall-post-exploitation.md,"Availability, integrity or telemetry impact without standalone sensitive access"
azure,Microsoft.Insights/metricAlerts/delete,medium,medium,https://github.com/HackTricks-wiki/hacktricks-cloud/blob/45bcf7a7381a496d6dfd5b5d533681fff85c608d/src/pentesting-cloud/azure-security/az-post-exploitation/az-ddos-protection-post-exploitation.md,"Availability, integrity or telemetry impact without standalone sensitive access"
azure,Microsoft.Insights/scheduledQueryRules/write,high,medium,https://github.com/HackTricks-wiki/hacktricks-cloud/blob/45bcf7a7381a496d6dfd5b5d533681fff85c608d/src/pentesting-cloud/azure-security/az-persistence/az-monitor-persistence.md,"Conditional access, interception, execution or security-boundary change"
azure,Microsoft.KeyVault/locations/deletedVaults/purge/action,medium,medium,https://github.com/HackTricks-wiki/hacktricks-cloud/blob/45bcf7a7381a496d6dfd5b5d533681fff85c608d/src/pentesting-cloud/azure-security/az-post-exploitation/az-key-vault-post-exploitation.md,"Availability, integrity or telemetry impact without standalone sensitive access"
azure,Microsoft.KeyVault/managedHSMs/write,high,medium,https://github.com/HackTricks-wiki/hacktricks-cloud/blob/45bcf7a7381a496d6dfd5b5d533681fff85c608d/src/pentesting-cloud/azure-security/az-persistence/az-key-vault-persistence.md,"Conditional access, interception, execution or security-boundary change"
azure,Microsoft.KeyVault/vaults/certificates/create/action,high,medium,https://github.com/HackTricks-wiki/hacktricks-cloud/blob/45bcf7a7381a496d6dfd5b5d533681fff85c608d/src/pentesting-cloud/azure-security/az-persistence/az-key-vault-persistence.md,Documented sensitive-data or credential access
azure,Microsoft.KeyVault/vaults/certificates/delete,medium,medium,https://github.com/HackTricks-wiki/hacktricks-cloud/blob/45bcf7a7381a496d6dfd5b5d533681fff85c608d/src/pentesting-cloud/azure-security/az-post-exploitation/az-key-vault-post-exploitation.md,"Availability, integrity or telemetry impact without standalone sensitive access"
azure,Microsoft.KeyVault/vaults/certificates/purge/action,medium,medium,https://github.com/HackTricks-wiki/hacktricks-cloud/blob/45bcf7a7381a496d6dfd5b5d533681fff85c608d/src/pentesting-cloud/azure-security/az-post-exploitation/az-key-vault-post-exploitation.md,"Availability, integrity or telemetry impact without standalone sensitive access"
azure,Microsoft.KeyVault/vaults/delete,medium,medium,https://github.com/HackTricks-wiki/hacktricks-cloud/blob/45bcf7a7381a496d6dfd5b5d533681fff85c608d/src/pentesting-cloud/azure-security/az-post-exploitation/az-key-vault-post-exploitation.md,"Availability, integrity or telemetry impact without standalone sensitive access"
azure,Microsoft.KeyVault/vaults/keys/decrypt/action,high,critical,https://github.com/HackTricks-wiki/hacktricks-cloud/blob/45bcf7a7381a496d6dfd5b5d533681fff85c608d/src/pentesting-cloud/azure-security/az-post-exploitation/az-key-vault-post-exploitation.md,Read/export sensitive information or stored credentials; no standalone privilege grant
azure,Microsoft.KeyVault/vaults/keys/delete,medium,medium,https://github.com/HackTricks-wiki/hacktricks-cloud/blob/45bcf7a7381a496d6dfd5b5d533681fff85c608d/src/pentesting-cloud/azure-security/az-post-exploitation/az-key-vault-post-exploitation.md,"Availability, integrity or telemetry impact without standalone sensitive access"
azure,Microsoft.KeyVault/vaults/keys/encrypt/action,medium,medium,https://github.com/HackTricks-wiki/hacktricks-cloud/blob/45bcf7a7381a496d6dfd5b5d533681fff85c608d/src/pentesting-cloud/azure-security/az-post-exploitation/az-key-vault-post-exploitation.md,"Availability, integrity or telemetry impact without standalone sensitive access"
azure,Microsoft.KeyVault/vaults/keys/import/action,high,medium,https://github.com/HackTricks-wiki/hacktricks-cloud/blob/45bcf7a7381a496d6dfd5b5d533681fff85c608d/src/pentesting-cloud/azure-security/az-persistence/az-key-vault-persistence.md,Documented sensitive-data or credential access
azure,Microsoft.KeyVault/vaults/keys/purge/action,medium,medium,https://github.com/HackTricks-wiki/hacktricks-cloud/blob/45bcf7a7381a496d6dfd5b5d533681fff85c608d/src/pentesting-cloud/azure-security/az-post-exploitation/az-key-vault-post-exploitation.md,"Availability, integrity or telemetry impact without standalone sensitive access"
azure,Microsoft.KeyVault/vaults/keys/recover/action,high,medium,https://github.com/HackTricks-wiki/hacktricks-cloud/blob/45bcf7a7381a496d6dfd5b5d533681fff85c608d/src/pentesting-cloud/azure-security/az-post-exploitation/az-key-vault-post-exploitation.md,Documented sensitive-data or credential access
azure,Microsoft.KeyVault/vaults/keys/sign/action,high,medium,https://github.com/HackTricks-wiki/hacktricks-cloud/blob/45bcf7a7381a496d6dfd5b5d533681fff85c608d/src/pentesting-cloud/azure-security/az-privilege-escalation/az-key-vault-privesc.md,Documented escalation primitive requiring target context or other capabilities
azure,Microsoft.KeyVault/vaults/keys/unwrapKey/action,high,medium,https://github.com/HackTricks-wiki/hacktricks-cloud/blob/45bcf7a7381a496d6dfd5b5d533681fff85c608d/src/pentesting-cloud/azure-security/az-post-exploitation/az-key-vault-post-exploitation.md,Documented sensitive-data or credential access
azure,Microsoft.KeyVault/vaults/keys/write,medium,medium,https://github.com/HackTricks-wiki/hacktricks-cloud/blob/45bcf7a7381a496d6dfd5b5d533681fff85c608d/src/pentesting-cloud/azure-security/az-privilege-escalation/az-container-registry-privesc.md,"Availability, integrity, telemetry or operational impact; no direct sensitive access or escalation"
azure,Microsoft.KeyVault/vaults/privateEndpointConnectionsApproval/action,high,medium,https://github.com/HackTricks-wiki/hacktricks-cloud/blob/45bcf7a7381a496d6dfd5b5d533681fff85c608d/src/pentesting-cloud/azure-security/az-privilege-escalation/az-key-vault-privesc.md,Documented escalation primitive requiring target context or other capabilities
azure,Microsoft.KeyVault/vaults/secrets/backup/action,high,medium,https://github.com/HackTricks-wiki/hacktricks-cloud/blob/45bcf7a7381a496d6dfd5b5d533681fff85c608d/src/pentesting-cloud/azure-security/az-persistence/az-key-vault-persistence.md,Documented sensitive-data or credential access
azure,Microsoft.KeyVault/vaults/secrets/delete,medium,medium,https://github.com/HackTricks-wiki/hacktricks-cloud/blob/45bcf7a7381a496d6dfd5b5d533681fff85c608d/src/pentesting-cloud/azure-security/az-post-exploitation/az-key-vault-post-exploitation.md,"Availability, integrity or telemetry impact without standalone sensitive access"
azure,Microsoft.KeyVault/vaults/secrets/getSecret/action,high,critical,https://github.com/HackTricks-wiki/hacktricks-cloud/blob/45bcf7a7381a496d6dfd5b5d533681fff85c608d/src/pentesting-cloud/azure-security/az-post-exploitation/az-key-vault-post-exploitation.md,Read/export sensitive information or stored credentials; no standalone privilege grant
azure,Microsoft.KeyVault/vaults/secrets/purge/action,medium,medium,https://github.com/HackTricks-wiki/hacktricks-cloud/blob/45bcf7a7381a496d6dfd5b5d533681fff85c608d/src/pentesting-cloud/azure-security/az-post-exploitation/az-key-vault-post-exploitation.md,"Availability, integrity or telemetry impact without standalone sensitive access"
azure,Microsoft.KeyVault/vaults/secrets/restore/action,high,medium,https://github.com/HackTricks-wiki/hacktricks-cloud/blob/45bcf7a7381a496d6dfd5b5d533681fff85c608d/src/pentesting-cloud/azure-security/az-post-exploitation/az-key-vault-post-exploitation.md,Documented sensitive-data or credential access
azure,Microsoft.KeyVault/vaults/write,high,medium,https://github.com/HackTricks-wiki/hacktricks-cloud/blob/45bcf7a7381a496d6dfd5b5d533681fff85c608d/src/pentesting-cloud/azure-security/az-persistence/az-key-vault-persistence.md,"Conditional access, interception, execution or security-boundary change"
azure,Microsoft.KubernetesConfiguration/extensions/write,high,medium,https://github.com/HackTricks-wiki/hacktricks-cloud/blob/45bcf7a7381a496d6dfd5b5d533681fff85c608d/src/pentesting-cloud/azure-security/az-persistence/az-kubernetes-persistence.md,Documented conditional persistence or retained access
azure,Microsoft.KubernetesConfiguration/fluxConfigurations/write,high,medium,https://github.com/HackTricks-wiki/hacktricks-cloud/blob/45bcf7a7381a496d6dfd5b5d533681fff85c608d/src/pentesting-cloud/azure-security/az-persistence/az-kubernetes-persistence.md,Documented conditional persistence or retained access
azure,Microsoft.KubernetesConfiguration/namespaces/listUserCredential/action,high,medium,https://github.com/HackTricks-wiki/hacktricks-cloud/blob/45bcf7a7381a496d6dfd5b5d533681fff85c608d/src/pentesting-cloud/azure-security/az-post-exploitation/az-kubernetes-post-exploitation.md,Documented sensitive-data or credential access
azure,Microsoft.Kusto/Clusters/AddCalloutPolicies/action,high,medium,https://github.com/HackTricks-wiki/hacktricks-cloud/blob/45bcf7a7381a496d6dfd5b5d533681fff85c608d/src/pentesting-cloud/azure-security/az-post-exploitation/az-data-explorer-post-exploitation.md,"Conditional access, interception, execution or security-boundary change"
azure,Microsoft.Kusto/Clusters/AttachedDatabaseConfigurations/write,high,medium,https://github.com/HackTricks-wiki/hacktricks-cloud/blob/45bcf7a7381a496d6dfd5b5d533681fff85c608d/src/pentesting-cloud/azure-security/az-post-exploitation/az-data-explorer-post-exploitation.md,Documented sensitive-data or credential access
azure,Microsoft.Kusto/Clusters/Databases/AddPrincipals/action,critical,medium,https://github.com/HackTricks-wiki/hacktricks-cloud/blob/45bcf7a7381a496d6dfd5b5d533681fff85c608d/src/pentesting-cloud/azure-security/az-privilege-escalation/az-data-explorer-privesc.md,"Direct privilege grant, identity takeover or near-self-sufficient privileged execution documented by the source"
azure,Microsoft.Kusto/Clusters/Databases/DataConnections/write,medium,medium,https://github.com/HackTricks-wiki/hacktricks-cloud/blob/45bcf7a7381a496d6dfd5b5d533681fff85c608d/src/pentesting-cloud/azure-security/az-post-exploitation/az-data-explorer-post-exploitation.md,"Availability, integrity or telemetry impact without standalone sensitive access"
azure,Microsoft.Kusto/clusters/databases/principalAssignments/write,critical,medium,https://github.com/HackTricks-wiki/hacktricks-cloud/blob/45bcf7a7381a496d6dfd5b5d533681fff85c608d/src/pentesting-cloud/azure-security/az-privilege-escalation/az-data-explorer-privesc.md,"Direct privilege grant, identity takeover or near-self-sufficient privileged execution documented by the source"
azure,Microsoft.Kusto/clusters/principalAssignments/write,critical,medium,https://github.com/HackTricks-wiki/hacktricks-cloud/blob/45bcf7a7381a496d6dfd5b5d533681fff85c608d/src/pentesting-cloud/azure-security/az-privilege-escalation/az-data-explorer-privesc.md,"Direct privilege grant, identity takeover or near-self-sufficient privileged execution documented by the source"
azure,Microsoft.LoadTestService/loadtests/write,high,medium,https://github.com/HackTricks-wiki/hacktricks-cloud/blob/45bcf7a7381a496d6dfd5b5d533681fff85c608d/src/pentesting-cloud/azure-security/az-privilege-escalation/az-load-testing-privesc.md,Documented escalation primitive requiring target context or other capabilities
azure,Microsoft.Logic/integrationAccounts/agreements/listSecrets/action,high,medium,https://github.com/HackTricks-wiki/hacktricks-cloud/blob/45bcf7a7381a496d6dfd5b5d533681fff85c608d/src/pentesting-cloud/azure-security/az-privilege-escalation/az-logic-apps-privesc.md,Documented escalation primitive requiring target context or other capabilities
azure,Microsoft.Logic/integrationAccounts/batchConfigurations/write,medium,medium,https://github.com/HackTricks-wiki/hacktricks-cloud/blob/45bcf7a7381a496d6dfd5b5d533681fff85c608d/src/pentesting-cloud/azure-security/az-post-exploitation/az-logic-apps-post-exploitation.md,"Availability, integrity or telemetry impact without standalone sensitive access"
azure,Microsoft.Logic/integrationAccounts/maps/write,high,medium,https://github.com/HackTricks-wiki/hacktricks-cloud/blob/45bcf7a7381a496d6dfd5b5d533681fff85c608d/src/pentesting-cloud/azure-security/az-privilege-escalation/az-logic-apps-privesc.md,Documented escalation primitive requiring target context or other capabilities
azure,Microsoft.Logic/integrationAccounts/partners/write,high,medium,https://github.com/HackTricks-wiki/hacktricks-cloud/blob/45bcf7a7381a496d6dfd5b5d533681fff85c608d/src/pentesting-cloud/azure-security/az-post-exploitation/az-logic-apps-post-exploitation.md,"Conditional access, interception, execution or security-boundary change"
azure,Microsoft.Logic/integrationAccounts/regenerateAccessKey/action,high,medium,https://github.com/HackTricks-wiki/hacktricks-cloud/blob/45bcf7a7381a496d6dfd5b5d533681fff85c608d/src/pentesting-cloud/azure-security/az-privilege-escalation/az-logic-apps-privesc.md,Documented escalation primitive requiring target context or other capabilities
azure,Microsoft.Logic/integrationAccounts/sessions/write,medium,medium,https://github.com/HackTricks-wiki/hacktricks-cloud/blob/45bcf7a7381a496d6dfd5b5d533681fff85c608d/src/pentesting-cloud/azure-security/az-post-exploitation/az-logic-apps-post-exploitation.md,"Availability, integrity or telemetry impact without standalone sensitive access"
azure,Microsoft.Logic/integrationAccounts/write,medium,medium,https://github.com/HackTricks-wiki/hacktricks-cloud/blob/45bcf7a7381a496d6dfd5b5d533681fff85c608d/src/pentesting-cloud/azure-security/az-post-exploitation/az-logic-apps-post-exploitation.md,"Availability, integrity or telemetry impact without standalone sensitive access"
azure,Microsoft.Logic/workflows/listSwagger/action,medium,medium,https://github.com/HackTricks-wiki/hacktricks-cloud/blob/45bcf7a7381a496d6dfd5b5d533681fff85c608d/src/pentesting-cloud/azure-security/az-post-exploitation/az-logic-apps-post-exploitation.md,"Availability, integrity, telemetry or operational impact; no direct sensitive access or escalation"
azure,Microsoft.Logic/workflows/regenerateAccessKey/action,medium,medium,https://github.com/HackTricks-wiki/hacktricks-cloud/blob/45bcf7a7381a496d6dfd5b5d533681fff85c608d/src/pentesting-cloud/azure-security/az-post-exploitation/az-logic-apps-post-exploitation.md,"Availability, integrity or telemetry impact without standalone sensitive access"
azure,Microsoft.Logic/workflows/write,critical,medium,https://github.com/HackTricks-wiki/hacktricks-cloud/blob/45bcf7a7381a496d6dfd5b5d533681fff85c608d/src/pentesting-cloud/azure-security/az-persistence/az-logic-apps-persistence.md,Existing direct administrator takeover or privileged execution; retain source-validated Critical severity
azure,Microsoft.MachineLearningServices/workspaces/computes/listKeys/action,high,medium,https://github.com/HackTricks-wiki/hacktricks-cloud/blob/45bcf7a7381a496d6dfd5b5d533681fff85c608d/src/pentesting-cloud/azure-security/az-privilege-escalation/az-machine-learning-privesc.md,Documented escalation primitive requiring target context or other capabilities
azure,Microsoft.MachineLearningServices/workspaces/computes/write,high,medium,https://github.com/HackTricks-wiki/hacktricks-cloud/blob/45bcf7a7381a496d6dfd5b5d533681fff85c608d/src/pentesting-cloud/azure-security/az-privilege-escalation/az-ai-foundry-privesc.md,Documented escalation primitive requiring target context or other capabilities
azure,Microsoft.MachineLearningServices/workspaces/connections/listsecrets/action,high,critical,https://github.com/HackTricks-wiki/hacktricks-cloud/blob/45bcf7a7381a496d6dfd5b5d533681fff85c608d/src/pentesting-cloud/azure-security/az-privilege-escalation/az-ai-foundry-privesc.md,Read/export sensitive information or stored credentials; no standalone privilege grant
azure,Microsoft.MachineLearningServices/workspaces/data/versions/write,medium,medium,https://github.com/HackTricks-wiki/hacktricks-cloud/blob/45bcf7a7381a496d6dfd5b5d533681fff85c608d/src/pentesting-cloud/azure-security/az-privilege-escalation/az-ai-foundry-privesc.md,"Availability, integrity, telemetry or operational impact; no direct sensitive access or escalation"
azure,Microsoft.MachineLearningServices/workspaces/data/write,medium,medium,https://github.com/HackTricks-wiki/hacktricks-cloud/blob/45bcf7a7381a496d6dfd5b5d533681fff85c608d/src/pentesting-cloud/azure-security/az-privilege-escalation/az-ai-foundry-privesc.md,"Availability, integrity, telemetry or operational impact; no direct sensitive access or escalation"
azure,Microsoft.MachineLearningServices/workspaces/datastores/listSecrets/action,high,critical,https://github.com/HackTricks-wiki/hacktricks-cloud/blob/45bcf7a7381a496d6dfd5b5d533681fff85c608d/src/pentesting-cloud/azure-security/az-privilege-escalation/az-ai-foundry-privesc.md,Read/export sensitive information or stored credentials; no standalone privilege grant
azure,Microsoft.MachineLearningServices/workspaces/hubs/write,high,medium,https://github.com/HackTricks-wiki/hacktricks-cloud/blob/45bcf7a7381a496d6dfd5b5d533681fff85c608d/src/pentesting-cloud/azure-security/az-privilege-escalation/az-ai-foundry-privesc.md,Documented escalation primitive requiring target context or other capabilities
azure,Microsoft.MachineLearningServices/workspaces/jobs/write,high,medium,https://github.com/HackTricks-wiki/hacktricks-cloud/blob/45bcf7a7381a496d6dfd5b5d533681fff85c608d/src/pentesting-cloud/azure-security/az-privilege-escalation/az-ai-foundry-privesc.md,Documented escalation primitive requiring target context or other capabilities
azure,Microsoft.MachineLearningServices/workspaces/listKeys/action,high,critical,https://github.com/HackTricks-wiki/hacktricks-cloud/blob/45bcf7a7381a496d6dfd5b5d533681fff85c608d/src/pentesting-cloud/azure-security/az-privilege-escalation/az-ai-foundry-privesc.md,Read/export sensitive information or stored credentials; no standalone privilege grant
azure,Microsoft.MachineLearningServices/workspaces/listStorageAccountKeys/action,high,critical,https://github.com/HackTricks-wiki/hacktricks-cloud/blob/45bcf7a7381a496d6dfd5b5d533681fff85c608d/src/pentesting-cloud/azure-security/az-privilege-escalation/az-ai-foundry-privesc.md,Read/export sensitive information or stored credentials; no standalone privilege grant
azure,Microsoft.MachineLearningServices/workspaces/onlineEndpoints/deployments/write,high,medium,https://github.com/HackTricks-wiki/hacktricks-cloud/blob/45bcf7a7381a496d6dfd5b5d533681fff85c608d/src/pentesting-cloud/azure-security/az-privilege-escalation/az-ai-foundry-privesc.md,Documented escalation primitive requiring target context or other capabilities
azure,Microsoft.MachineLearningServices/workspaces/onlineEndpoints/write,high,medium,https://github.com/HackTricks-wiki/hacktricks-cloud/blob/45bcf7a7381a496d6dfd5b5d533681fff85c608d/src/pentesting-cloud/azure-security/az-privilege-escalation/az-ai-foundry-privesc.md,Documented escalation primitive requiring target context or other capabilities
azure,Microsoft.MachineLearningServices/workspaces/write,high,medium,https://github.com/HackTricks-wiki/hacktricks-cloud/blob/45bcf7a7381a496d6dfd5b5d533681fff85c608d/src/pentesting-cloud/azure-security/az-privilege-escalation/az-ai-foundry-privesc.md,Documented escalation primitive requiring target context or other capabilities
azure,Microsoft.Maintenance/applyUpdates/write,medium,medium,https://github.com/HackTricks-wiki/hacktricks-cloud/blob/45bcf7a7381a496d6dfd5b5d533681fff85c608d/src/pentesting-cloud/azure-security/az-post-exploitation/az-maintenance-and-update-manager-post-exploitation.md,"Availability, integrity or telemetry impact without standalone sensitive access"
azure,Microsoft.ManagedIdentity/userAssignedIdentities/write,high,medium,https://github.com/HackTricks-wiki/hacktricks-cloud/blob/45bcf7a7381a496d6dfd5b5d533681fff85c608d/src/pentesting-cloud/azure-security/az-privilege-escalation/az-managed-applications-privesc.md,Documented escalation primitive requiring target context or other capabilities
azure,Microsoft.Management/managementGroups/subscriptions/write,high,medium,https://github.com/HackTricks-wiki/hacktricks-cloud/blob/45bcf7a7381a496d6dfd5b5d533681fff85c608d/src/pentesting-cloud/azure-security/az-privilege-escalation/az-authorization-privesc.md,Documented escalation primitive requiring target context or other capabilities
azure,Microsoft.Management/managementGroups/write,high,medium,https://github.com/HackTricks-wiki/hacktricks-cloud/blob/45bcf7a7381a496d6dfd5b5d533681fff85c608d/src/pentesting-cloud/azure-security/az-privilege-escalation/az-authorization-privesc.md,Documented escalation primitive requiring target context or other capabilities
azure,Microsoft.Maps/accounts/listSas/action,high,medium,https://github.com/HackTricks-wiki/hacktricks-cloud/blob/45bcf7a7381a496d6dfd5b5d533681fff85c608d/src/pentesting-cloud/azure-security/az-privilege-escalation/az-maps-privesc.md,Documented escalation primitive requiring target context or other capabilities
azure,Microsoft.NetApp/netAppAccounts/capacityPools/volumes/write,high,medium,https://github.com/HackTricks-wiki/hacktricks-cloud/blob/45bcf7a7381a496d6dfd5b5d533681fff85c608d/src/pentesting-cloud/azure-security/az-post-exploitation/az-netapp-files-post-exploitation.md,Documented sensitive-data or credential access
azure,Microsoft.Network/applicationGateways/write,high,medium,https://github.com/HackTricks-wiki/hacktricks-cloud/blob/45bcf7a7381a496d6dfd5b5d533681fff85c608d/src/pentesting-cloud/azure-security/az-post-exploitation/az-vms-and-network-post-exploitation.md,"Conditional access, interception, execution or security-boundary change"
azure,Microsoft.Network/dnsForwardingRulesets/forwardingRules/write,high,medium,https://github.com/HackTricks-wiki/hacktricks-cloud/blob/45bcf7a7381a496d6dfd5b5d533681fff85c608d/src/pentesting-cloud/azure-security/az-post-exploitation/az-vms-and-network-post-exploitation.md,"Conditional access, interception, execution or security-boundary change"
azure,Microsoft.Network/dnszones/CNAME/write,high,medium,https://github.com/HackTricks-wiki/hacktricks-cloud/blob/45bcf7a7381a496d6dfd5b5d533681fff85c608d/src/pentesting-cloud/azure-security/az-post-exploitation/az-vms-and-network-post-exploitation.md,"Conditional access, interception, execution or security-boundary change"
azure,Microsoft.Network/dnszones/MX/write,high,medium,https://github.com/HackTricks-wiki/hacktricks-cloud/blob/45bcf7a7381a496d6dfd5b5d533681fff85c608d/src/pentesting-cloud/azure-security/az-post-exploitation/az-vms-and-network-post-exploitation.md,"Conditional access, interception, execution or security-boundary change"
azure,Microsoft.Network/dnszones/NS/write,high,medium,https://github.com/HackTricks-wiki/hacktricks-cloud/blob/45bcf7a7381a496d6dfd5b5d533681fff85c608d/src/pentesting-cloud/azure-security/az-post-exploitation/az-vms-and-network-post-exploitation.md,"Conditional access, interception, execution or security-boundary change"
azure,Microsoft.Network/dnszones/TXT/write,high,medium,https://github.com/HackTricks-wiki/hacktricks-cloud/blob/45bcf7a7381a496d6dfd5b5d533681fff85c608d/src/pentesting-cloud/azure-security/az-post-exploitation/az-vms-and-network-post-exploitation.md,"Conditional access, interception, execution or security-boundary change"
azure,Microsoft.Network/firewallPolicies/ruleCollectionGroups/write,high,medium,https://github.com/HackTricks-wiki/hacktricks-cloud/blob/45bcf7a7381a496d6dfd5b5d533681fff85c608d/src/pentesting-cloud/azure-security/az-persistence/az-firewall-persistence.md,Documented conditional persistence or retained access
azure,Microsoft.Network/firewallPolicies/write,high,medium,https://github.com/HackTricks-wiki/hacktricks-cloud/blob/45bcf7a7381a496d6dfd5b5d533681fff85c608d/src/pentesting-cloud/azure-security/az-persistence/az-firewall-persistence.md,"Conditional access, interception, execution or security-boundary change"
azure,Microsoft.Network/frontDoors/backendPools/write,high,medium,https://github.com/HackTricks-wiki/hacktricks-cloud/blob/45bcf7a7381a496d6dfd5b5d533681fff85c608d/src/pentesting-cloud/azure-security/az-post-exploitation/az-vms-and-network-post-exploitation.md,"Conditional access, interception, execution or security-boundary change"
azure,Microsoft.Network/loadBalancers/backendAddressPools/write,high,medium,https://github.com/HackTricks-wiki/hacktricks-cloud/blob/45bcf7a7381a496d6dfd5b5d533681fff85c608d/src/pentesting-cloud/azure-security/az-post-exploitation/az-vms-and-network-post-exploitation.md,"Conditional access, interception, execution or security-boundary change"
azure,Microsoft.Network/loadBalancers/write,high,medium,https://github.com/HackTricks-wiki/hacktricks-cloud/blob/45bcf7a7381a496d6dfd5b5d533681fff85c608d/src/pentesting-cloud/azure-security/az-persistence/az-vms-persistence.md,Documented conditional persistence or retained access
azure,Microsoft.Network/networkInterfaces/join/action,high,medium,https://github.com/HackTricks-wiki/hacktricks-cloud/blob/45bcf7a7381a496d6dfd5b5d533681fff85c608d/src/pentesting-cloud/azure-security/az-privilege-escalation/az-virtual-machines-and-network-privesc.md,Documented escalation primitive requiring target context or other capabilities
azure,Microsoft.Network/networkInterfaces/write,high,medium,https://github.com/HackTricks-wiki/hacktricks-cloud/blob/45bcf7a7381a496d6dfd5b5d533681fff85c608d/src/pentesting-cloud/azure-security/az-persistence/az-vms-persistence.md,Documented conditional persistence or retained access
azure,Microsoft.Network/networkManagers/commit/action,high,medium,https://github.com/HackTricks-wiki/hacktricks-cloud/blob/45bcf7a7381a496d6dfd5b5d533681fff85c608d/src/pentesting-cloud/azure-security/az-post-exploitation/az-virtual-network-manager-post-exploitation.md,"Conditional access, interception, execution or security-boundary change"
azure,Microsoft.Network/networkManagers/connectivityConfigurations/write,high,medium,https://github.com/HackTricks-wiki/hacktricks-cloud/blob/45bcf7a7381a496d6dfd5b5d533681fff85c608d/src/pentesting-cloud/azure-security/az-post-exploitation/az-virtual-network-manager-post-exploitation.md,"Conditional access, interception, execution or security-boundary change"
azure,Microsoft.Network/networkManagers/securityAdminConfigurations/write,high,medium,https://github.com/HackTricks-wiki/hacktricks-cloud/blob/45bcf7a7381a496d6dfd5b5d533681fff85c608d/src/pentesting-cloud/azure-security/az-post-exploitation/az-virtual-network-manager-post-exploitation.md,"Conditional access, interception, execution or security-boundary change"
azure,Microsoft.Network/networkSecurityGroups/join/action,high,medium,https://github.com/HackTricks-wiki/hacktricks-cloud/blob/45bcf7a7381a496d6dfd5b5d533681fff85c608d/src/pentesting-cloud/azure-security/az-privilege-escalation/az-virtual-machines-and-network-privesc.md,Documented escalation primitive requiring target context or other capabilities
azure,Microsoft.Network/networkSecurityGroups/securityRules/write,high,medium,https://github.com/HackTricks-wiki/hacktricks-cloud/blob/45bcf7a7381a496d6dfd5b5d533681fff85c608d/src/pentesting-cloud/azure-security/az-post-exploitation/az-vms-and-network-post-exploitation.md,"Conditional access, interception, execution or security-boundary change"
azure,Microsoft.Network/networkSecurityGroups/write,high,medium,https://github.com/HackTricks-wiki/hacktricks-cloud/blob/45bcf7a7381a496d6dfd5b5d533681fff85c608d/src/pentesting-cloud/azure-security/az-privilege-escalation/az-virtual-machines-and-network-privesc.md,Documented escalation primitive requiring target context or other capabilities
azure,Microsoft.Network/networkWatchers/packetCaptures/write,high,medium,https://github.com/HackTricks-wiki/hacktricks-cloud/blob/45bcf7a7381a496d6dfd5b5d533681fff85c608d/src/pentesting-cloud/azure-security/az-post-exploitation/az-vms-and-network-post-exploitation.md,"Conditional access, interception, execution or security-boundary change"
azure,Microsoft.Network/privateDnsZones/A/write,high,medium,https://github.com/HackTricks-wiki/hacktricks-cloud/blob/45bcf7a7381a496d6dfd5b5d533681fff85c608d/src/pentesting-cloud/azure-security/az-post-exploitation/az-vms-and-network-post-exploitation.md,"Conditional access, interception, execution or security-boundary change"
azure,Microsoft.Network/privateDnsZones/virtualNetworkLinks/write,medium,medium,https://github.com/HackTricks-wiki/hacktricks-cloud/blob/45bcf7a7381a496d6dfd5b5d533681fff85c608d/src/pentesting-cloud/azure-security/az-post-exploitation/az-vms-and-network-post-exploitation.md,"Availability, integrity or telemetry impact without standalone sensitive access"
azure,Microsoft.Network/publicIPAddresses/join/action,high,medium,https://github.com/HackTricks-wiki/hacktricks-cloud/blob/45bcf7a7381a496d6dfd5b5d533681fff85c608d/src/pentesting-cloud/azure-security/az-persistence/az-vms-persistence.md,Documented conditional persistence or retained access
azure,Microsoft.Network/publicIPAddresses/write,high,medium,https://github.com/HackTricks-wiki/hacktricks-cloud/blob/45bcf7a7381a496d6dfd5b5d533681fff85c608d/src/pentesting-cloud/azure-security/az-persistence/az-vms-persistence.md,Documented conditional persistence or retained access
azure,Microsoft.Network/routeTables/routes/write,high,medium,https://github.com/HackTricks-wiki/hacktricks-cloud/blob/45bcf7a7381a496d6dfd5b5d533681fff85c608d/src/pentesting-cloud/azure-security/az-post-exploitation/az-vms-and-network-post-exploitation.md,"Conditional access, interception, execution or security-boundary change"
azure,Microsoft.Network/trafficManagerProfiles/externalEndpoints/write,high,medium,https://github.com/HackTricks-wiki/hacktricks-cloud/blob/45bcf7a7381a496d6dfd5b5d533681fff85c608d/src/pentesting-cloud/azure-security/az-post-exploitation/az-vms-and-network-post-exploitation.md,"Conditional access, interception, execution or security-boundary change"
azure,Microsoft.Network/virtualNetworkGateways/write,high,medium,https://github.com/HackTricks-wiki/hacktricks-cloud/blob/45bcf7a7381a496d6dfd5b5d533681fff85c608d/src/pentesting-cloud/azure-security/az-privilege-escalation/az-virtual-machines-and-network-privesc.md,Documented escalation primitive requiring target context or other capabilities
azure,Microsoft.Network/virtualNetworks/join/action,medium,medium,https://github.com/HackTricks-wiki/hacktricks-cloud/blob/45bcf7a7381a496d6dfd5b5d533681fff85c608d/src/pentesting-cloud/azure-security/az-post-exploitation/az-vms-and-network-post-exploitation.md,"Availability, integrity or telemetry impact without standalone sensitive access"
azure,Microsoft.Network/virtualNetworks/subnets/join/action,high,medium,https://github.com/HackTricks-wiki/hacktricks-cloud/blob/45bcf7a7381a496d6dfd5b5d533681fff85c608d/src/pentesting-cloud/azure-security/az-privilege-escalation/az-app-services-privesc.md,Documented escalation primitive requiring target context or other capabilities
azure,Microsoft.Network/virtualNetworks/write,medium,medium,https://github.com/HackTricks-wiki/hacktricks-cloud/blob/45bcf7a7381a496d6dfd5b5d533681fff85c608d/src/pentesting-cloud/azure-security/az-privilege-escalation/az-virtual-machines-and-network-privesc.md,Existing validated permission prerequisite or operational control
azure,Microsoft.Network/vpnServerConfigurations/write,high,medium,https://github.com/HackTricks-wiki/hacktricks-cloud/blob/45bcf7a7381a496d6dfd5b5d533681fff85c608d/src/pentesting-cloud/azure-security/az-privilege-escalation/az-virtual-machines-and-network-privesc.md,Documented escalation primitive requiring target context or other capabilities
azure,Microsoft.NotificationHubs/Namespaces/NotificationHubs/authorizationRules/listkeys/action,high,critical,https://github.com/HackTricks-wiki/hacktricks-cloud/blob/45bcf7a7381a496d6dfd5b5d533681fff85c608d/src/pentesting-cloud/azure-security/az-privilege-escalation/az-notification-hubs-privesc.md,Read/export sensitive information or stored credentials; no standalone privilege grant
azure,Microsoft.NotificationHubs/Namespaces/NotificationHubs/authorizationRules/write,high,medium,https://github.com/HackTricks-wiki/hacktricks-cloud/blob/45bcf7a7381a496d6dfd5b5d533681fff85c608d/src/pentesting-cloud/azure-security/az-persistence/az-notification-hubs-persistence.md,Documented conditional persistence or retained access
azure,Microsoft.NotificationHubs/Namespaces/NotificationHubs/debugSend/action,medium,medium,https://github.com/HackTricks-wiki/hacktricks-cloud/blob/45bcf7a7381a496d6dfd5b5d533681fff85c608d/src/pentesting-cloud/azure-security/az-privilege-escalation/az-notification-hubs-privesc.md,"Availability, integrity, telemetry or operational impact; no direct sensitive access or escalation"
azure,Microsoft.NotificationHubs/Namespaces/NotificationHubs/write,high,medium,https://github.com/HackTricks-wiki/hacktricks-cloud/blob/45bcf7a7381a496d6dfd5b5d533681fff85c608d/src/pentesting-cloud/azure-security/az-privilege-escalation/az-notification-hubs-privesc.md,Documented escalation primitive requiring target context or other capabilities
azure,Microsoft.NotificationHubs/Namespaces/authorizationRules/listkeys/action,high,critical,https://github.com/HackTricks-wiki/hacktricks-cloud/blob/45bcf7a7381a496d6dfd5b5d533681fff85c608d/src/pentesting-cloud/azure-security/az-privilege-escalation/az-notification-hubs-privesc.md,Read/export sensitive information or stored credentials; no standalone privilege grant
azure,Microsoft.OperationalInsights/workspaces/dataExports/write,high,medium,https://github.com/HackTricks-wiki/hacktricks-cloud/blob/45bcf7a7381a496d6dfd5b5d533681fff85c608d/src/pentesting-cloud/azure-security/az-post-exploitation/az-log-analytics-post-exploitation.md,Documented sensitive-data or credential access
azure,Microsoft.OperationalInsights/workspaces/linkedServices/write,high,medium,https://github.com/HackTricks-wiki/hacktricks-cloud/blob/45bcf7a7381a496d6dfd5b5d533681fff85c608d/src/pentesting-cloud/azure-security/az-privilege-escalation/az-log-analytics-privesc.md,Documented escalation primitive requiring target context or other capabilities
azure,Microsoft.OperationalInsights/workspaces/linkedStorageAccounts/write,medium,medium,https://github.com/HackTricks-wiki/hacktricks-cloud/blob/45bcf7a7381a496d6dfd5b5d533681fff85c608d/src/pentesting-cloud/azure-security/az-post-exploitation/az-log-analytics-post-exploitation.md,"Availability, integrity or telemetry impact without standalone sensitive access"
azure,Microsoft.OperationalInsights/workspaces/listKeys/action,medium,high,https://github.com/HackTricks-wiki/hacktricks-cloud/blob/45bcf7a7381a496d6dfd5b5d533681fff85c608d/src/pentesting-cloud/azure-security/az-post-exploitation/az-log-analytics-post-exploitation.md,"Availability, integrity or telemetry impact without standalone sensitive access"
azure,Microsoft.OperationalInsights/workspaces/purge/action,medium,medium,https://github.com/HackTricks-wiki/hacktricks-cloud/blob/45bcf7a7381a496d6dfd5b5d533681fff85c608d/src/pentesting-cloud/azure-security/az-post-exploitation/az-log-analytics-post-exploitation.md,"Availability, integrity or telemetry impact without standalone sensitive access"
azure,Microsoft.OperationalInsights/workspaces/savedSearches/write,medium,medium,https://github.com/HackTricks-wiki/hacktricks-cloud/blob/45bcf7a7381a496d6dfd5b5d533681fff85c608d/src/pentesting-cloud/azure-security/az-post-exploitation/az-log-analytics-post-exploitation.md,"Availability, integrity or telemetry impact without standalone sensitive access"
azure,Microsoft.OperationalInsights/workspaces/searchJobs/write,high,medium,https://github.com/HackTricks-wiki/hacktricks-cloud/blob/45bcf7a7381a496d6dfd5b5d533681fff85c608d/src/pentesting-cloud/azure-security/az-post-exploitation/az-log-analytics-post-exploitation.md,Documented sensitive-data or credential access
azure,Microsoft.OperationalInsights/workspaces/tables/write,medium,medium,https://github.com/HackTricks-wiki/hacktricks-cloud/blob/45bcf7a7381a496d6dfd5b5d533681fff85c608d/src/pentesting-cloud/azure-security/az-persistence/az-log-analytics-persistence.md,"Availability, integrity, telemetry or operational impact; no direct sensitive access or escalation"
azure,Microsoft.OperationalInsights/workspaces/write,medium,medium,https://github.com/HackTricks-wiki/hacktricks-cloud/blob/45bcf7a7381a496d6dfd5b5d533681fff85c608d/src/pentesting-cloud/azure-security/az-persistence/az-log-analytics-persistence.md,Durable disruption or operational state
azure,Microsoft.PolicyInsights/remediations/write,high,medium,https://github.com/HackTricks-wiki/hacktricks-cloud/blob/45bcf7a7381a496d6dfd5b5d533681fff85c608d/src/pentesting-cloud/azure-security/az-persistence/az-guest-configuration-persistence.md,"Conditional access, interception, execution or security-boundary change"
azure,Microsoft.Purview/accounts/addrootcollectionadmin/action,critical,medium,https://github.com/HackTricks-wiki/hacktricks-cloud/blob/45bcf7a7381a496d6dfd5b5d533681fff85c608d/src/pentesting-cloud/azure-security/az-privilege-escalation/az-purview-privesc.md,"Direct privilege grant, identity takeover or near-self-sufficient privileged execution documented by the source"
azure,Microsoft.Purview/accounts/kafkaConfigurations/write,high,medium,https://github.com/HackTricks-wiki/hacktricks-cloud/blob/45bcf7a7381a496d6dfd5b5d533681fff85c608d/src/pentesting-cloud/azure-security/az-privilege-escalation/az-purview-privesc.md,Documented escalation primitive requiring target context or other capabilities
azure,Microsoft.Purview/accounts/write,high,medium,https://github.com/HackTricks-wiki/hacktricks-cloud/blob/45bcf7a7381a496d6dfd5b5d533681fff85c608d/src/pentesting-cloud/azure-security/az-privilege-escalation/az-purview-privesc.md,Documented escalation primitive requiring target context or other capabilities
azure,Microsoft.Purview/policyElements/write,high,medium,https://github.com/HackTricks-wiki/hacktricks-cloud/blob/45bcf7a7381a496d6dfd5b5d533681fff85c608d/src/pentesting-cloud/azure-security/az-privilege-escalation/az-purview-privesc.md,Documented escalation primitive requiring target context or other capabilities
azure,Microsoft.Quantum/Workspaces/listKeys/action,high,critical,https://github.com/HackTricks-wiki/hacktricks-cloud/blob/45bcf7a7381a496d6dfd5b5d533681fff85c608d/src/pentesting-cloud/azure-security/az-privilege-escalation/az-quantum-privesc.md,Read/export sensitive information or stored credentials; no standalone privilege grant
azure,Microsoft.RecoveryServices/Vaults/backupCrossTenantVaultMappings/write,high,medium,https://github.com/HackTricks-wiki/hacktricks-cloud/blob/45bcf7a7381a496d6dfd5b5d533681fff85c608d/src/pentesting-cloud/azure-security/az-post-exploitation/az-backup-and-recovery-services-post-exploitation.md,Documented sensitive-data or credential access
azure,Microsoft.RecoveryServices/Vaults/backupFabrics/protectionContainers/protectedItems/delete,medium,medium,https://github.com/HackTricks-wiki/hacktricks-cloud/blob/45bcf7a7381a496d6dfd5b5d533681fff85c608d/src/pentesting-cloud/azure-security/az-post-exploitation/az-backup-and-recovery-services-post-exploitation.md,"Availability, integrity or telemetry impact without standalone sensitive access"
azure,Microsoft.RecoveryServices/Vaults/backupFabrics/protectionContainers/protectedItems/recoveryPoints/restore/action,high,medium,https://github.com/HackTricks-wiki/hacktricks-cloud/blob/45bcf7a7381a496d6dfd5b5d533681fff85c608d/src/pentesting-cloud/azure-security/az-post-exploitation/az-backup-and-recovery-services-post-exploitation.md,Documented sensitive-data or credential access
azure,Microsoft.RecoveryServices/Vaults/backupResourceGuardProxies/delete,high,medium,https://github.com/HackTricks-wiki/hacktricks-cloud/blob/45bcf7a7381a496d6dfd5b5d533681fff85c608d/src/pentesting-cloud/azure-security/az-post-exploitation/az-backup-and-recovery-services-post-exploitation.md,"Conditional access, interception, execution or security-boundary change"
azure,Microsoft.RecoveryServices/Vaults/backupconfig/write,medium,medium,https://github.com/HackTricks-wiki/hacktricks-cloud/blob/45bcf7a7381a496d6dfd5b5d533681fff85c608d/src/pentesting-cloud/azure-security/az-post-exploitation/az-backup-and-recovery-services-post-exploitation.md,"Availability, integrity or telemetry impact without standalone sensitive access"
azure,Microsoft.RecoveryServices/locations/backupCrossRegionRestore/action,high,medium,https://github.com/HackTricks-wiki/hacktricks-cloud/blob/45bcf7a7381a496d6dfd5b5d533681fff85c608d/src/pentesting-cloud/azure-security/az-post-exploitation/az-backup-and-recovery-services-post-exploitation.md,Documented sensitive-data or credential access
azure,Microsoft.RedHatOpenShift/openShiftClusters/listCredentials/action,high,medium,https://github.com/HackTricks-wiki/hacktricks-cloud/blob/45bcf7a7381a496d6dfd5b5d533681fff85c608d/src/pentesting-cloud/azure-security/az-privilege-escalation/az-kubernetes-privesc.md,Documented escalation primitive requiring target context or other capabilities
azure,Microsoft.Relay/namespaces/HybridConnections/write,high,medium,https://github.com/HackTricks-wiki/hacktricks-cloud/blob/45bcf7a7381a496d6dfd5b5d533681fff85c608d/src/pentesting-cloud/azure-security/az-persistence/az-relay-persistence.md,Documented conditional persistence or retained access
azure,Microsoft.Relay/namespaces/authorizationRules/write,high,medium,https://github.com/HackTricks-wiki/hacktricks-cloud/blob/45bcf7a7381a496d6dfd5b5d533681fff85c608d/src/pentesting-cloud/azure-security/az-persistence/az-relay-persistence.md,Documented conditional persistence or retained access
azure,Microsoft.ResourceConnector/appliances/listClusterUserCredential/action,high,medium,https://github.com/HackTricks-wiki/hacktricks-cloud/blob/45bcf7a7381a496d6dfd5b5d533681fff85c608d/src/pentesting-cloud/azure-security/az-privilege-escalation/az-arc-resource-bridge-privesc.md,Documented escalation primitive requiring target context or other capabilities
azure,Microsoft.ResourceConnector/appliances/listKeys/action,high,medium,https://github.com/HackTricks-wiki/hacktricks-cloud/blob/45bcf7a7381a496d6dfd5b5d533681fff85c608d/src/pentesting-cloud/azure-security/az-privilege-escalation/az-arc-resource-bridge-privesc.md,Documented escalation primitive requiring target context or other capabilities
azure,Microsoft.Resources/deploymentStacks/delete,medium,medium,https://github.com/HackTricks-wiki/hacktricks-cloud/blob/45bcf7a7381a496d6dfd5b5d533681fff85c608d/src/pentesting-cloud/azure-security/az-post-exploitation/az-deployment-stacks-post-exploitation.md,"Availability, integrity or telemetry impact without standalone sensitive access"
azure,Microsoft.Resources/deploymentStacks/manageDenySetting/action,medium,medium,https://github.com/HackTricks-wiki/hacktricks-cloud/blob/45bcf7a7381a496d6dfd5b5d533681fff85c608d/src/pentesting-cloud/azure-security/az-persistence/az-deployment-stacks-persistence.md,"Availability, integrity, telemetry or operational impact; no direct sensitive access or escalation"
azure,Microsoft.Resources/deploymentStacks/write,medium,medium,https://github.com/HackTricks-wiki/hacktricks-cloud/blob/45bcf7a7381a496d6dfd5b5d533681fff85c608d/src/pentesting-cloud/azure-security/az-persistence/az-deployment-stacks-persistence.md,"Availability, integrity, telemetry or operational impact; no direct sensitive access or escalation"
azure,Microsoft.Resources/templateSpecs/versions/write,high,medium,https://github.com/HackTricks-wiki/hacktricks-cloud/blob/45bcf7a7381a496d6dfd5b5d533681fff85c608d/src/pentesting-cloud/azure-security/az-privilege-escalation/az-arm-template-spec-privesc.md,Documented escalation primitive requiring target context or other capabilities
azure,Microsoft.Search/searchServices/dataSources/write,high,medium,https://github.com/HackTricks-wiki/hacktricks-cloud/blob/45bcf7a7381a496d6dfd5b5d533681fff85c608d/src/pentesting-cloud/azure-security/az-privilege-escalation/az-ai-search-privesc.md,Documented escalation primitive requiring target context or other capabilities
azure,Microsoft.Search/searchServices/debugSessions/execute/action,high,medium,https://github.com/HackTricks-wiki/hacktricks-cloud/blob/45bcf7a7381a496d6dfd5b5d533681fff85c608d/src/pentesting-cloud/azure-security/az-privilege-escalation/az-ai-search-privesc.md,Documented escalation primitive requiring target context or other capabilities
azure,Microsoft.Search/searchServices/debugSessions/write,high,medium,https://github.com/HackTricks-wiki/hacktricks-cloud/blob/45bcf7a7381a496d6dfd5b5d533681fff85c608d/src/pentesting-cloud/azure-security/az-privilege-escalation/az-ai-search-privesc.md,Documented escalation primitive requiring target context or other capabilities
azure,Microsoft.Search/searchServices/indexers/write,high,medium,https://github.com/HackTricks-wiki/hacktricks-cloud/blob/45bcf7a7381a496d6dfd5b5d533681fff85c608d/src/pentesting-cloud/azure-security/az-privilege-escalation/az-ai-foundry-privesc.md,Documented escalation primitive requiring target context or other capabilities
azure,Microsoft.Search/searchServices/indexes/write,high,medium,https://github.com/HackTricks-wiki/hacktricks-cloud/blob/45bcf7a7381a496d6dfd5b5d533681fff85c608d/src/pentesting-cloud/azure-security/az-privilege-escalation/az-ai-search-privesc.md,Documented escalation primitive requiring target context or other capabilities
azure,Microsoft.Search/searchServices/listAdminKeys/action,high,critical,https://github.com/HackTricks-wiki/hacktricks-cloud/blob/45bcf7a7381a496d6dfd5b5d533681fff85c608d/src/pentesting-cloud/azure-security/az-privilege-escalation/az-ai-foundry-privesc.md,Read/export sensitive information or stored credentials; no standalone privilege grant
azure,Microsoft.Search/searchServices/write,high,medium,https://github.com/HackTricks-wiki/hacktricks-cloud/blob/45bcf7a7381a496d6dfd5b5d533681fff85c608d/src/pentesting-cloud/azure-security/az-privilege-escalation/az-ai-search-privesc.md,Documented escalation primitive requiring target context or other capabilities
azure,Microsoft.Security/alertsSuppressionRules/write,medium,medium,https://github.com/HackTricks-wiki/hacktricks-cloud/blob/45bcf7a7381a496d6dfd5b5d533681fff85c608d/src/pentesting-cloud/azure-security/az-persistence/az-defender-for-cloud-persistence.md,"Availability, integrity or telemetry impact without standalone sensitive access"
azure,Microsoft.Security/autoProvisioningSettings/write,medium,medium,https://github.com/HackTricks-wiki/hacktricks-cloud/blob/45bcf7a7381a496d6dfd5b5d533681fff85c608d/src/pentesting-cloud/azure-security/az-persistence/az-defender-for-cloud-persistence.md,"Availability, integrity or telemetry impact without standalone sensitive access"
azure,Microsoft.Security/automations/delete,medium,medium,https://github.com/HackTricks-wiki/hacktricks-cloud/blob/45bcf7a7381a496d6dfd5b5d533681fff85c608d/src/pentesting-cloud/azure-security/az-post-exploitation/az-defender-for-cloud-post-exploitation.md,"Availability, integrity or telemetry impact without standalone sensitive access"
azure,Microsoft.Security/automations/write,high,medium,https://github.com/HackTricks-wiki/hacktricks-cloud/blob/45bcf7a7381a496d6dfd5b5d533681fff85c608d/src/pentesting-cloud/azure-security/az-privilege-escalation/az-defender-for-cloud-privesc.md,Documented escalation primitive requiring target context or other capabilities
azure,Microsoft.Security/locations/alerts/dismiss/action,medium,medium,https://github.com/HackTricks-wiki/hacktricks-cloud/blob/45bcf7a7381a496d6dfd5b5d533681fff85c608d/src/pentesting-cloud/azure-security/az-post-exploitation/az-defender-for-cloud-post-exploitation.md,"Availability, integrity or telemetry impact without standalone sensitive access"
azure,Microsoft.Security/pricings/write,medium,medium,https://github.com/HackTricks-wiki/hacktricks-cloud/blob/45bcf7a7381a496d6dfd5b5d533681fff85c608d/src/pentesting-cloud/azure-security/az-persistence/az-defender-for-cloud-persistence.md,"Availability, integrity, telemetry or operational impact; no direct sensitive access or escalation"
azure,Microsoft.Security/securityContacts/write,medium,medium,https://github.com/HackTricks-wiki/hacktricks-cloud/blob/45bcf7a7381a496d6dfd5b5d533681fff85c608d/src/pentesting-cloud/azure-security/az-persistence/az-defender-for-cloud-persistence.md,"Availability, integrity or telemetry impact without standalone sensitive access"
azure,Microsoft.SecurityInsights/alertRules/write,medium,medium,https://github.com/HackTricks-wiki/hacktricks-cloud/blob/45bcf7a7381a496d6dfd5b5d533681fff85c608d/src/pentesting-cloud/azure-security/az-persistence/az-sentinel-persistence.md,"Availability, integrity or telemetry impact without standalone sensitive access"
azure,Microsoft.SecurityInsights/automationRules/write,high,medium,https://github.com/HackTricks-wiki/hacktricks-cloud/blob/45bcf7a7381a496d6dfd5b5d533681fff85c608d/src/pentesting-cloud/azure-security/az-privilege-escalation/az-sentinel-privesc.md,Documented escalation primitive requiring target context or other capabilities
azure,Microsoft.SecurityInsights/dataConnectors/delete,medium,medium,https://github.com/HackTricks-wiki/hacktricks-cloud/blob/45bcf7a7381a496d6dfd5b5d533681fff85c608d/src/pentesting-cloud/azure-security/az-persistence/az-sentinel-persistence.md,"Availability, integrity or telemetry impact without standalone sensitive access"
azure,Microsoft.SecurityInsights/incidents/delete,medium,medium,https://github.com/HackTricks-wiki/hacktricks-cloud/blob/45bcf7a7381a496d6dfd5b5d533681fff85c608d/src/pentesting-cloud/azure-security/az-post-exploitation/az-sentinel-post-exploitation.md,"Availability, integrity or telemetry impact without standalone sensitive access"
azure,Microsoft.SecurityInsights/watchlists/write,medium,medium,https://github.com/HackTricks-wiki/hacktricks-cloud/blob/45bcf7a7381a496d6dfd5b5d533681fff85c608d/src/pentesting-cloud/azure-security/az-persistence/az-sentinel-persistence.md,"Availability, integrity or telemetry impact without standalone sensitive access"
azure,Microsoft.SerialConsole/serialPorts/connect/action,high,medium,https://github.com/HackTricks-wiki/hacktricks-cloud/blob/45bcf7a7381a496d6dfd5b5d533681fff85c608d/src/pentesting-cloud/azure-security/az-privilege-escalation/az-virtual-machines-and-network-privesc.md,Documented escalation primitive requiring target context or other capabilities
azure,Microsoft.ServiceBus/namespaces/Delete,medium,medium,https://github.com/HackTricks-wiki/hacktricks-cloud/blob/45bcf7a7381a496d6dfd5b5d533681fff85c608d/src/pentesting-cloud/azure-security/az-post-exploitation/az-servicebus-post-exploitation.md,"Availability, integrity or telemetry impact without standalone sensitive access"
azure,Microsoft.ServiceBus/namespaces/authorizationRules/write,high,medium,https://github.com/HackTricks-wiki/hacktricks-cloud/blob/45bcf7a7381a496d6dfd5b5d533681fff85c608d/src/pentesting-cloud/azure-security/az-persistence/az-servicebus-persistence.md,Documented conditional persistence or retained access
azure,Microsoft.ServiceBus/namespaces/disasterRecoveryConfigs/authorizationRules/listkeys/action,high,critical,https://github.com/HackTricks-wiki/hacktricks-cloud/blob/45bcf7a7381a496d6dfd5b5d533681fff85c608d/src/pentesting-cloud/azure-security/az-privilege-escalation/az-servicebus-privesc.md,Read/export sensitive information or stored credentials; no standalone privilege grant
azure,Microsoft.ServiceBus/namespaces/disasterRecoveryConfigs/write,medium,medium,https://github.com/HackTricks-wiki/hacktricks-cloud/blob/45bcf7a7381a496d6dfd5b5d533681fff85c608d/src/pentesting-cloud/azure-security/az-post-exploitation/az-servicebus-post-exploitation.md,"Availability, integrity or telemetry impact without standalone sensitive access"
azure,Microsoft.ServiceBus/namespaces/networkRuleSets/write,high,medium,https://github.com/HackTricks-wiki/hacktricks-cloud/blob/45bcf7a7381a496d6dfd5b5d533681fff85c608d/src/pentesting-cloud/azure-security/az-post-exploitation/az-servicebus-post-exploitation.md,"Conditional access, interception, execution or security-boundary change"
azure,Microsoft.ServiceBus/namespaces/queues/Delete,medium,medium,https://github.com/HackTricks-wiki/hacktricks-cloud/blob/45bcf7a7381a496d6dfd5b5d533681fff85c608d/src/pentesting-cloud/azure-security/az-post-exploitation/az-servicebus-post-exploitation.md,"Availability, integrity or telemetry impact without standalone sensitive access"
azure,Microsoft.ServiceBus/namespaces/topics/Delete,medium,medium,https://github.com/HackTricks-wiki/hacktricks-cloud/blob/45bcf7a7381a496d6dfd5b5d533681fff85c608d/src/pentesting-cloud/azure-security/az-post-exploitation/az-servicebus-post-exploitation.md,"Availability, integrity or telemetry impact without standalone sensitive access"
azure,Microsoft.ServiceBus/namespaces/topics/subscriptions/Delete,medium,medium,https://github.com/HackTricks-wiki/hacktricks-cloud/blob/45bcf7a7381a496d6dfd5b5d533681fff85c608d/src/pentesting-cloud/azure-security/az-post-exploitation/az-servicebus-post-exploitation.md,"Availability, integrity or telemetry impact without standalone sensitive access"
azure,Microsoft.ServiceBus/namespaces/topics/write,medium,medium,https://github.com/HackTricks-wiki/hacktricks-cloud/blob/45bcf7a7381a496d6dfd5b5d533681fff85c608d/src/pentesting-cloud/azure-security/az-post-exploitation/az-servicebus-post-exploitation.md,"Availability, integrity or telemetry impact without standalone sensitive access"
azure,Microsoft.ServiceBus/namespaces/write,high,medium,https://github.com/HackTricks-wiki/hacktricks-cloud/blob/45bcf7a7381a496d6dfd5b5d533681fff85c608d/src/pentesting-cloud/azure-security/az-privilege-escalation/az-servicebus-privesc.md,Documented escalation primitive requiring target context or other capabilities
azure,Microsoft.ServiceFabric/clusters/applications/write,high,medium,https://github.com/HackTricks-wiki/hacktricks-cloud/blob/45bcf7a7381a496d6dfd5b5d533681fff85c608d/src/pentesting-cloud/azure-security/az-privilege-escalation/az-service-fabric-privesc.md,Documented escalation primitive requiring target context or other capabilities
azure,Microsoft.ServiceFabric/clusters/write,high,medium,https://github.com/HackTricks-wiki/hacktricks-cloud/blob/45bcf7a7381a496d6dfd5b5d533681fff85c608d/src/pentesting-cloud/azure-security/az-privilege-escalation/az-service-fabric-privesc.md,Documented escalation primitive requiring target context or other capabilities
azure,Microsoft.ServiceFabric/managedClusters/applicationTypes/write,high,medium,https://github.com/HackTricks-wiki/hacktricks-cloud/blob/45bcf7a7381a496d6dfd5b5d533681fff85c608d/src/pentesting-cloud/azure-security/az-privilege-escalation/az-service-fabric-privesc.md,Documented escalation primitive requiring target context or other capabilities
azure,Microsoft.ServiceFabric/managedClusters/write,high,medium,https://github.com/HackTricks-wiki/hacktricks-cloud/blob/45bcf7a7381a496d6dfd5b5d533681fff85c608d/src/pentesting-cloud/azure-security/az-privilege-escalation/az-service-fabric-privesc.md,Documented escalation primitive requiring target context or other capabilities
azure,Microsoft.ServiceLinker/linkers/generateConfigurations/action,high,medium,https://github.com/HackTricks-wiki/hacktricks-cloud/blob/45bcf7a7381a496d6dfd5b5d533681fff85c608d/src/pentesting-cloud/azure-security/az-post-exploitation/az-service-connector-post-exploitation.md,Documented sensitive-data or credential access
azure,Microsoft.ServiceLinker/linkers/listConfigurations/action,high,medium,https://github.com/HackTricks-wiki/hacktricks-cloud/blob/45bcf7a7381a496d6dfd5b5d533681fff85c608d/src/pentesting-cloud/azure-security/az-post-exploitation/az-service-connector-post-exploitation.md,Documented sensitive-data or credential access
azure,Microsoft.SignalRService/SignalR/hub/send/action,medium,medium,https://github.com/HackTricks-wiki/hacktricks-cloud/blob/45bcf7a7381a496d6dfd5b5d533681fff85c608d/src/pentesting-cloud/azure-security/az-privilege-escalation/az-signalr-web-pubsub-privesc.md,"Availability, integrity, telemetry or operational impact; no direct sensitive access or escalation"
azure,Microsoft.SignalRService/SignalR/serverConnection/write,high,medium,https://github.com/HackTricks-wiki/hacktricks-cloud/blob/45bcf7a7381a496d6dfd5b5d533681fff85c608d/src/pentesting-cloud/azure-security/az-privilege-escalation/az-signalr-web-pubsub-privesc.md,Documented escalation primitive requiring target context or other capabilities
azure,Microsoft.SignalRService/SignalR/write,high,medium,https://github.com/HackTricks-wiki/hacktricks-cloud/blob/45bcf7a7381a496d6dfd5b5d533681fff85c608d/src/pentesting-cloud/azure-security/az-privilege-escalation/az-signalr-web-pubsub-privesc.md,Documented escalation primitive requiring target context or other capabilities
azure,Microsoft.SignalRService/WebPubSub/auth/accessKey/action,high,medium,https://github.com/HackTricks-wiki/hacktricks-cloud/blob/45bcf7a7381a496d6dfd5b5d533681fff85c608d/src/pentesting-cloud/azure-security/az-privilege-escalation/az-signalr-web-pubsub-privesc.md,Documented escalation primitive requiring target context or other capabilities
azure,Microsoft.SignalRService/WebPubSub/hubs/write,high,medium,https://github.com/HackTricks-wiki/hacktricks-cloud/blob/45bcf7a7381a496d6dfd5b5d533681fff85c608d/src/pentesting-cloud/azure-security/az-privilege-escalation/az-signalr-web-pubsub-privesc.md,Documented escalation primitive requiring target context or other capabilities
azure,Microsoft.SignalRService/WebPubSub/write,high,medium,https://github.com/HackTricks-wiki/hacktricks-cloud/blob/45bcf7a7381a496d6dfd5b5d533681fff85c608d/src/pentesting-cloud/azure-security/az-privilege-escalation/az-signalr-web-pubsub-privesc.md,Documented escalation primitive requiring target context or other capabilities
azure,Microsoft.Solutions/applicationDefinitions/write,high,medium,https://github.com/HackTricks-wiki/hacktricks-cloud/blob/45bcf7a7381a496d6dfd5b5d533681fff85c608d/src/pentesting-cloud/azure-security/az-persistence/az-managed-applications-persistence.md,"Conditional access, interception, execution or security-boundary change"
azure,Microsoft.Solutions/applications/listTokens/action,high,medium,https://github.com/HackTricks-wiki/hacktricks-cloud/blob/45bcf7a7381a496d6dfd5b5d533681fff85c608d/src/pentesting-cloud/azure-security/az-privilege-escalation/az-managed-applications-privesc.md,Documented escalation primitive requiring target context or other capabilities
azure,Microsoft.Solutions/applications/write,high,medium,https://github.com/HackTricks-wiki/hacktricks-cloud/blob/45bcf7a7381a496d6dfd5b5d533681fff85c608d/src/pentesting-cloud/azure-security/az-persistence/az-managed-applications-persistence.md,"Conditional access, interception, execution or security-boundary change"
azure,Microsoft.Solutions/jitRequests/write,high,medium,https://github.com/HackTricks-wiki/hacktricks-cloud/blob/45bcf7a7381a496d6dfd5b5d533681fff85c608d/src/pentesting-cloud/azure-security/az-persistence/az-managed-applications-persistence.md,"Conditional access, interception, execution or security-boundary change"
azure,Microsoft.Solutions/register/action,high,medium,https://github.com/HackTricks-wiki/hacktricks-cloud/blob/45bcf7a7381a496d6dfd5b5d533681fff85c608d/src/pentesting-cloud/azure-security/az-persistence/az-managed-applications-persistence.md,"Conditional access, interception, execution or security-boundary change"
azure,Microsoft.Sql/managedInstances/administrators/write,critical,medium,https://github.com/HackTricks-wiki/hacktricks-cloud/blob/45bcf7a7381a496d6dfd5b5d533681fff85c608d/src/pentesting-cloud/azure-security/az-persistence/az-sql-persistence.md,"Direct privilege grant, identity takeover or near-self-sufficient privileged execution documented by the source"
azure,Microsoft.Sql/managedInstances/keys/write,medium,medium,https://github.com/HackTricks-wiki/hacktricks-cloud/blob/45bcf7a7381a496d6dfd5b5d533681fff85c608d/src/pentesting-cloud/azure-security/az-persistence/az-sql-persistence.md,Durable disruption or operational state
azure,Microsoft.Sql/servers/administrators/write,critical,medium,https://github.com/HackTricks-wiki/hacktricks-cloud/blob/45bcf7a7381a496d6dfd5b5d533681fff85c608d/src/pentesting-cloud/azure-security/az-persistence/az-sql-persistence.md,"Direct privilege grant, identity takeover or near-self-sufficient privileged execution documented by the source"
azure,Microsoft.Sql/servers/advancedThreatProtectionSettings/write,medium,medium,https://github.com/HackTricks-wiki/hacktricks-cloud/blob/45bcf7a7381a496d6dfd5b5d533681fff85c608d/src/pentesting-cloud/azure-security/az-post-exploitation/az-sql-post-exploitation.md,"Availability, integrity or telemetry impact without standalone sensitive access"
azure,Microsoft.Sql/servers/auditingSettings/write,medium,medium,https://github.com/HackTricks-wiki/hacktricks-cloud/blob/45bcf7a7381a496d6dfd5b5d533681fff85c608d/src/pentesting-cloud/azure-security/az-post-exploitation/az-sql-post-exploitation.md,"Availability, integrity or telemetry impact without standalone sensitive access"
azure,Microsoft.Sql/servers/azureADOnlyAuthentications/write,high,medium,https://github.com/HackTricks-wiki/hacktricks-cloud/blob/45bcf7a7381a496d6dfd5b5d533681fff85c608d/src/pentesting-cloud/azure-security/az-privilege-escalation/az-sql-privesc.md,Documented escalation primitive requiring target context or other capabilities
azure,Microsoft.Sql/servers/databases/dataMaskingPolicies/write,high,medium,https://github.com/HackTricks-wiki/hacktricks-cloud/blob/45bcf7a7381a496d6dfd5b5d533681fff85c608d/src/pentesting-cloud/azure-security/az-privilege-escalation/az-sql-privesc.md,Documented escalation primitive requiring target context or other capabilities
azure,Microsoft.Sql/servers/databases/export/action,high,medium,https://github.com/HackTricks-wiki/hacktricks-cloud/blob/45bcf7a7381a496d6dfd5b5d533681fff85c608d/src/pentesting-cloud/azure-security/az-post-exploitation/az-sql-post-exploitation.md,Documented sensitive-data or credential access
azure,Microsoft.Sql/servers/databases/import/action,medium,medium,https://github.com/HackTricks-wiki/hacktricks-cloud/blob/45bcf7a7381a496d6dfd5b5d533681fff85c608d/src/pentesting-cloud/azure-security/az-post-exploitation/az-sql-post-exploitation.md,"Availability, integrity or telemetry impact without standalone sensitive access"
azure,Microsoft.Sql/servers/databases/ledgerDigestUploads/disable/action,medium,medium,https://github.com/HackTricks-wiki/hacktricks-cloud/blob/45bcf7a7381a496d6dfd5b5d533681fff85c608d/src/pentesting-cloud/azure-security/az-post-exploitation/az-sql-post-exploitation.md,"Availability, integrity or telemetry impact without standalone sensitive access"
azure,Microsoft.Sql/servers/databases/read,low,low,https://github.com/HackTricks-wiki/hacktricks-cloud/blob/45bcf7a7381a496d6dfd5b5d533681fff85c608d/src/pentesting-cloud/azure-security/az-post-exploitation/az-sql-post-exploitation.md,Discovery or prerequisite only; does not itself disclose protected content
azure,Microsoft.Sql/servers/databases/replicationLinks/write,high,medium,https://github.com/HackTricks-wiki/hacktricks-cloud/blob/45bcf7a7381a496d6dfd5b5d533681fff85c608d/src/pentesting-cloud/azure-security/az-post-exploitation/az-sql-post-exploitation.md,Documented sensitive-data or credential access
azure,Microsoft.Sql/servers/databases/syncGroups/write,medium,medium,https://github.com/HackTricks-wiki/hacktricks-cloud/blob/45bcf7a7381a496d6dfd5b5d533681fff85c608d/src/pentesting-cloud/azure-security/az-post-exploitation/az-sql-post-exploitation.md,"Availability, integrity or telemetry impact without standalone sensitive access"
azure,Microsoft.Sql/servers/databases/transparentDataEncryption/write,medium,medium,https://github.com/HackTricks-wiki/hacktricks-cloud/blob/45bcf7a7381a496d6dfd5b5d533681fff85c608d/src/pentesting-cloud/azure-security/az-post-exploitation/az-sql-post-exploitation.md,"Availability, integrity, telemetry or operational impact; no direct sensitive access or escalation"
azure,Microsoft.Sql/servers/databases/write,high,medium,https://github.com/HackTricks-wiki/hacktricks-cloud/blob/45bcf7a7381a496d6dfd5b5d533681fff85c608d/src/pentesting-cloud/azure-security/az-post-exploitation/az-sql-post-exploitation.md,Documented sensitive-data or credential access
azure,Microsoft.Sql/servers/devOpsAuditingSettings/write,medium,medium,https://github.com/HackTricks-wiki/hacktricks-cloud/blob/45bcf7a7381a496d6dfd5b5d533681fff85c608d/src/pentesting-cloud/azure-security/az-post-exploitation/az-sql-post-exploitation.md,"Availability, integrity or telemetry impact without standalone sensitive access"
azure,Microsoft.Sql/servers/dnsAliases/acquire/action,high,medium,https://github.com/HackTricks-wiki/hacktricks-cloud/blob/45bcf7a7381a496d6dfd5b5d533681fff85c608d/src/pentesting-cloud/azure-security/az-persistence/az-sql-persistence.md,Documented conditional persistence or retained access
azure,Microsoft.Sql/servers/dnsAliases/write,high,medium,https://github.com/HackTricks-wiki/hacktricks-cloud/blob/45bcf7a7381a496d6dfd5b5d533681fff85c608d/src/pentesting-cloud/azure-security/az-persistence/az-sql-persistence.md,Documented conditional persistence or retained access
azure,Microsoft.Sql/servers/elasticPools/write,medium,medium,https://github.com/HackTricks-wiki/hacktricks-cloud/blob/45bcf7a7381a496d6dfd5b5d533681fff85c608d/src/pentesting-cloud/azure-security/az-post-exploitation/az-sql-post-exploitation.md,"Availability, integrity or telemetry impact without standalone sensitive access"
azure,Microsoft.Sql/servers/encryptionProtector/write,medium,medium,https://github.com/HackTricks-wiki/hacktricks-cloud/blob/45bcf7a7381a496d6dfd5b5d533681fff85c608d/src/pentesting-cloud/azure-security/az-persistence/az-sql-persistence.md,Durable disruption or operational state
azure,Microsoft.Sql/servers/extendedAuditingSettings/write,medium,medium,https://github.com/HackTricks-wiki/hacktricks-cloud/blob/45bcf7a7381a496d6dfd5b5d533681fff85c608d/src/pentesting-cloud/azure-security/az-post-exploitation/az-sql-post-exploitation.md,"Availability, integrity or telemetry impact without standalone sensitive access"
azure,Microsoft.Sql/servers/failoverGroups/write,high,medium,https://github.com/HackTricks-wiki/hacktricks-cloud/blob/45bcf7a7381a496d6dfd5b5d533681fff85c608d/src/pentesting-cloud/azure-security/az-post-exploitation/az-sql-post-exploitation.md,Documented sensitive-data or credential access
azure,Microsoft.Sql/servers/firewallRules/write,high,medium,https://github.com/HackTricks-wiki/hacktricks-cloud/blob/45bcf7a7381a496d6dfd5b5d533681fff85c608d/src/pentesting-cloud/azure-security/az-persistence/az-sql-persistence.md,Documented conditional persistence or retained access
azure,Microsoft.Sql/servers/ipv6FirewallRules/write,high,medium,https://github.com/HackTricks-wiki/hacktricks-cloud/blob/45bcf7a7381a496d6dfd5b5d533681fff85c608d/src/pentesting-cloud/azure-security/az-privilege-escalation/az-sql-privesc.md,Documented escalation primitive requiring target context or other capabilities
azure,Microsoft.Sql/servers/keys/write,medium,medium,https://github.com/HackTricks-wiki/hacktricks-cloud/blob/45bcf7a7381a496d6dfd5b5d533681fff85c608d/src/pentesting-cloud/azure-security/az-post-exploitation/az-sql-post-exploitation.md,"Availability, integrity or telemetry impact without standalone sensitive access"
azure,Microsoft.Sql/servers/outboundFirewallRules/delete,high,medium,https://github.com/HackTricks-wiki/hacktricks-cloud/blob/45bcf7a7381a496d6dfd5b5d533681fff85c608d/src/pentesting-cloud/azure-security/az-privilege-escalation/az-sql-privesc.md,Documented escalation primitive requiring target context or other capabilities
azure,Microsoft.Sql/servers/outboundFirewallRules/write,high,medium,https://github.com/HackTricks-wiki/hacktricks-cloud/blob/45bcf7a7381a496d6dfd5b5d533681fff85c608d/src/pentesting-cloud/azure-security/az-privilege-escalation/az-sql-privesc.md,Documented escalation primitive requiring target context or other capabilities
azure,Microsoft.Sql/servers/read,low,low,https://github.com/HackTricks-wiki/hacktricks-cloud/blob/45bcf7a7381a496d6dfd5b5d533681fff85c608d/src/pentesting-cloud/azure-security/az-post-exploitation/az-sql-post-exploitation.md,Discovery or prerequisite only; does not itself disclose protected content
azure,Microsoft.Sql/servers/securityAlertPolicies/write,medium,medium,https://github.com/HackTricks-wiki/hacktricks-cloud/blob/45bcf7a7381a496d6dfd5b5d533681fff85c608d/src/pentesting-cloud/azure-security/az-post-exploitation/az-sql-post-exploitation.md,"Availability, integrity or telemetry impact without standalone sensitive access"
azure,Microsoft.Sql/servers/virtualNetworkRules/write,high,medium,https://github.com/HackTricks-wiki/hacktricks-cloud/blob/45bcf7a7381a496d6dfd5b5d533681fff85c608d/src/pentesting-cloud/azure-security/az-privilege-escalation/az-sql-privesc.md,Documented escalation primitive requiring target context or other capabilities
azure,Microsoft.Sql/servers/vulnerabilityAssessments/delete,medium,medium,https://github.com/HackTricks-wiki/hacktricks-cloud/blob/45bcf7a7381a496d6dfd5b5d533681fff85c608d/src/pentesting-cloud/azure-security/az-post-exploitation/az-sql-post-exploitation.md,"Availability, integrity or telemetry impact without standalone sensitive access"
azure,Microsoft.Sql/servers/write,critical,medium,https://github.com/HackTricks-wiki/hacktricks-cloud/blob/45bcf7a7381a496d6dfd5b5d533681fff85c608d/src/pentesting-cloud/azure-security/az-privilege-escalation/az-database-migration-service-privesc.md,Existing direct administrator takeover or privileged execution; retain source-validated Critical severity
azure,Microsoft.Storage/storageAccounts/blobServices/containers/blobs/delete,medium,medium,https://github.com/HackTricks-wiki/hacktricks-cloud/blob/45bcf7a7381a496d6dfd5b5d533681fff85c608d/src/pentesting-cloud/azure-security/az-post-exploitation/az-blob-storage-post-exploitation.md,"Availability, integrity or telemetry impact without standalone sensitive access"
azure,Microsoft.Storage/storageAccounts/blobServices/containers/immutabilityPolicies/delete,high,medium,https://github.com/HackTricks-wiki/hacktricks-cloud/blob/45bcf7a7381a496d6dfd5b5d533681fff85c608d/src/pentesting-cloud/azure-security/az-privilege-escalation/az-storage-privesc.md,Documented escalation primitive requiring target context or other capabilities
azure,Microsoft.Storage/storageAccounts/blobServices/containers/immutabilityPolicies/write,high,medium,https://github.com/HackTricks-wiki/hacktricks-cloud/blob/45bcf7a7381a496d6dfd5b5d533681fff85c608d/src/pentesting-cloud/azure-security/az-privilege-escalation/az-storage-privesc.md,Documented escalation primitive requiring target context or other capabilities
azure,Microsoft.Storage/storageAccounts/blobServices/write,high,medium,https://github.com/HackTricks-wiki/hacktricks-cloud/blob/45bcf7a7381a496d6dfd5b5d533681fff85c608d/src/pentesting-cloud/azure-security/az-persistence/az-storage-persistence.md,Documented conditional persistence or retained access
azure,Microsoft.Storage/storageAccounts/delete,medium,medium,https://github.com/HackTricks-wiki/hacktricks-cloud/blob/45bcf7a7381a496d6dfd5b5d533681fff85c608d/src/pentesting-cloud/azure-security/az-post-exploitation/az-blob-storage-post-exploitation.md,"Availability, integrity or telemetry impact without standalone sensitive access"
azure,Microsoft.Storage/storageAccounts/encryptionScopes/write,medium,medium,https://github.com/HackTricks-wiki/hacktricks-cloud/blob/45bcf7a7381a496d6dfd5b5d533681fff85c608d/src/pentesting-cloud/azure-security/az-post-exploitation/az-blob-storage-post-exploitation.md,"Availability, integrity or telemetry impact without standalone sensitive access"
azure,Microsoft.Storage/storageAccounts/failover/action,medium,medium,https://github.com/HackTricks-wiki/hacktricks-cloud/blob/45bcf7a7381a496d6dfd5b5d533681fff85c608d/src/pentesting-cloud/azure-security/az-post-exploitation/az-blob-storage-post-exploitation.md,"Availability, integrity or telemetry impact without standalone sensitive access"
azure,Microsoft.Storage/storageAccounts/fileServices/fileshares/files/delete,medium,medium,https://github.com/HackTricks-wiki/hacktricks-cloud/blob/45bcf7a7381a496d6dfd5b5d533681fff85c608d/src/pentesting-cloud/azure-security/az-post-exploitation/az-file-share-post-exploitation.md,"Availability, integrity or telemetry impact without standalone sensitive access"
azure,Microsoft.Storage/storageAccounts/fileServices/shares/restore/action,high,medium,https://github.com/HackTricks-wiki/hacktricks-cloud/blob/45bcf7a7381a496d6dfd5b5d533681fff85c608d/src/pentesting-cloud/azure-security/az-privilege-escalation/az-storage-privesc.md,Documented escalation primitive requiring target context or other capabilities
azure,Microsoft.Storage/storageAccounts/inventoryPolicies/write,high,medium,https://github.com/HackTricks-wiki/hacktricks-cloud/blob/45bcf7a7381a496d6dfd5b5d533681fff85c608d/src/pentesting-cloud/azure-security/az-post-exploitation/az-blob-storage-post-exploitation.md,Documented sensitive-data or credential access
azure,Microsoft.Storage/storageAccounts/listKeys/action,high,medium,https://github.com/HackTricks-wiki/hacktricks-cloud/blob/45bcf7a7381a496d6dfd5b5d533681fff85c608d/src/pentesting-cloud/azure-security/az-persistence/az-storage-persistence.md,Documented sensitive-data or credential access
azure,Microsoft.Storage/storageAccounts/localUsers/write,high,medium,https://github.com/HackTricks-wiki/hacktricks-cloud/blob/45bcf7a7381a496d6dfd5b5d533681fff85c608d/src/pentesting-cloud/azure-security/az-persistence/az-storage-persistence.md,Documented sensitive-data or credential access
azure,Microsoft.Storage/storageAccounts/managementPolicies/write,medium,medium,https://github.com/HackTricks-wiki/hacktricks-cloud/blob/45bcf7a7381a496d6dfd5b5d533681fff85c608d/src/pentesting-cloud/azure-security/az-persistence/az-storage-persistence.md,"Availability, integrity, telemetry or operational impact; no direct sensitive access or escalation"
azure,Microsoft.Storage/storageAccounts/objectReplicationPolicies/write,high,medium,https://github.com/HackTricks-wiki/hacktricks-cloud/blob/45bcf7a7381a496d6dfd5b5d533681fff85c608d/src/pentesting-cloud/azure-security/az-persistence/az-storage-persistence.md,Documented sensitive-data or credential access
azure,Microsoft.Storage/storageAccounts/queueServices/queues/delete,medium,medium,https://github.com/HackTricks-wiki/hacktricks-cloud/blob/45bcf7a7381a496d6dfd5b5d533681fff85c608d/src/pentesting-cloud/azure-security/az-post-exploitation/az-queue-post-exploitation.md,"Availability, integrity or telemetry impact without standalone sensitive access"
azure,Microsoft.Storage/storageAccounts/queueServices/queues/messages/add/action,medium,high,https://github.com/HackTricks-wiki/hacktricks-cloud/blob/45bcf7a7381a496d6dfd5b5d533681fff85c608d/src/pentesting-cloud/azure-security/az-post-exploitation/az-queue-post-exploitation.md,"Availability, integrity or telemetry impact without standalone sensitive access"
azure,Microsoft.Storage/storageAccounts/queueServices/queues/messages/delete,medium,medium,https://github.com/HackTricks-wiki/hacktricks-cloud/blob/45bcf7a7381a496d6dfd5b5d533681fff85c608d/src/pentesting-cloud/azure-security/az-post-exploitation/az-queue-post-exploitation.md,"Availability, integrity or telemetry impact without standalone sensitive access"
azure,Microsoft.Storage/storageAccounts/queueServices/queues/messages/process/action,medium,high,https://github.com/HackTricks-wiki/hacktricks-cloud/blob/45bcf7a7381a496d6dfd5b5d533681fff85c608d/src/pentesting-cloud/azure-security/az-post-exploitation/az-queue-post-exploitation.md,"Availability, integrity or telemetry impact without standalone sensitive access"
azure,Microsoft.Storage/storageAccounts/queueServices/queues/messages/write,medium,high,https://github.com/HackTricks-wiki/hacktricks-cloud/blob/45bcf7a7381a496d6dfd5b5d533681fff85c608d/src/pentesting-cloud/azure-security/az-post-exploitation/az-queue-post-exploitation.md,"Availability, integrity or telemetry impact without standalone sensitive access"
azure,Microsoft.Storage/storageAccounts/queueServices/queues/setAcl/action,high,high,https://github.com/HackTricks-wiki/hacktricks-cloud/blob/45bcf7a7381a496d6dfd5b5d533681fff85c608d/src/pentesting-cloud/azure-security/az-post-exploitation/az-queue-post-exploitation.md,"Conditional access, interception, execution or security-boundary change"
azure,Microsoft.Storage/storageAccounts/queueServices/queues/write,medium,medium,https://github.com/HackTricks-wiki/hacktricks-cloud/blob/45bcf7a7381a496d6dfd5b5d533681fff85c608d/src/pentesting-cloud/azure-security/az-post-exploitation/az-queue-post-exploitation.md,"Availability, integrity or telemetry impact without standalone sensitive access"
azure,Microsoft.Storage/storageAccounts/regenerateKey/action,high,medium,https://github.com/HackTricks-wiki/hacktricks-cloud/blob/45bcf7a7381a496d6dfd5b5d533681fff85c608d/src/pentesting-cloud/azure-security/az-privilege-escalation/az-storage-privesc.md,Documented escalation primitive requiring target context or other capabilities
azure,Microsoft.Storage/storageAccounts/restoreBlobRanges/action,medium,medium,https://github.com/HackTricks-wiki/hacktricks-cloud/blob/45bcf7a7381a496d6dfd5b5d533681fff85c608d/src/pentesting-cloud/azure-security/az-privilege-escalation/az-storage-privesc.md,"Availability, integrity, telemetry or operational impact; no direct sensitive access or escalation"
azure,Microsoft.Storage/storageAccounts/storageTaskAssignments/write,medium,medium,https://github.com/HackTricks-wiki/hacktricks-cloud/blob/45bcf7a7381a496d6dfd5b5d533681fff85c608d/src/pentesting-cloud/azure-security/az-post-exploitation/az-storage-tasks-post-exploitation.md,"Availability, integrity or telemetry impact without standalone sensitive access"
azure,Microsoft.Storage/storageAccounts/tableServices/tables/entities/add/action,medium,high,https://github.com/HackTricks-wiki/hacktricks-cloud/blob/45bcf7a7381a496d6dfd5b5d533681fff85c608d/src/pentesting-cloud/azure-security/az-post-exploitation/az-table-storage-post-exploitation.md,"Availability, integrity or telemetry impact without standalone sensitive access"
azure,Microsoft.Storage/storageAccounts/tableServices/tables/entities/delete,medium,medium,https://github.com/HackTricks-wiki/hacktricks-cloud/blob/45bcf7a7381a496d6dfd5b5d533681fff85c608d/src/pentesting-cloud/azure-security/az-post-exploitation/az-table-storage-post-exploitation.md,"Availability, integrity or telemetry impact without standalone sensitive access"
azure,Microsoft.Storage/storageAccounts/tableServices/tables/entities/update/action,medium,high,https://github.com/HackTricks-wiki/hacktricks-cloud/blob/45bcf7a7381a496d6dfd5b5d533681fff85c608d/src/pentesting-cloud/azure-security/az-post-exploitation/az-table-storage-post-exploitation.md,"Availability, integrity or telemetry impact without standalone sensitive access"
azure,Microsoft.Storage/storageAccounts/tableServices/tables/entities/write,medium,high,https://github.com/HackTricks-wiki/hacktricks-cloud/blob/45bcf7a7381a496d6dfd5b5d533681fff85c608d/src/pentesting-cloud/azure-security/az-post-exploitation/az-table-storage-post-exploitation.md,"Availability, integrity or telemetry impact without standalone sensitive access"
azure,Microsoft.Storage/storageAccounts/tableServices/tables/read,low,low,https://github.com/HackTricks-wiki/hacktricks-cloud/blob/45bcf7a7381a496d6dfd5b5d533681fff85c608d/src/pentesting-cloud/azure-security/az-post-exploitation/az-table-storage-post-exploitation.md,Discovery or prerequisite only; does not itself disclose protected content
azure,Microsoft.StorageActions/storageTasks/write,medium,medium,https://github.com/HackTricks-wiki/hacktricks-cloud/blob/45bcf7a7381a496d6dfd5b5d533681fff85c608d/src/pentesting-cloud/azure-security/az-post-exploitation/az-storage-tasks-post-exploitation.md,"Availability, integrity or telemetry impact without standalone sensitive access"
azure,Microsoft.StorageMover/storageMovers/endpoints/write,high,medium,https://github.com/HackTricks-wiki/hacktricks-cloud/blob/45bcf7a7381a496d6dfd5b5d533681fff85c608d/src/pentesting-cloud/azure-security/az-post-exploitation/az-storage-mover-post-exploitation.md,Documented sensitive-data or credential access
azure,Microsoft.StreamAnalytics/locations/SampleInput/action,high,medium,https://github.com/HackTricks-wiki/hacktricks-cloud/blob/45bcf7a7381a496d6dfd5b5d533681fff85c608d/src/pentesting-cloud/azure-security/az-privilege-escalation/az-stream-analytics-privesc.md,Documented escalation primitive requiring target context or other capabilities
azure,Microsoft.StreamAnalytics/streamingjobs/Stop/action,medium,medium,https://github.com/HackTricks-wiki/hacktricks-cloud/blob/45bcf7a7381a496d6dfd5b5d533681fff85c608d/src/pentesting-cloud/azure-security/az-privilege-escalation/az-stream-analytics-privesc.md,"Availability, integrity, telemetry or operational impact; no direct sensitive access or escalation"
azure,Microsoft.StreamAnalytics/streamingjobs/Write,high,medium,https://github.com/HackTricks-wiki/hacktricks-cloud/blob/45bcf7a7381a496d6dfd5b5d533681fff85c608d/src/pentesting-cloud/azure-security/az-privilege-escalation/az-stream-analytics-privesc.md,Documented escalation primitive requiring target context or other capabilities
azure,Microsoft.StreamAnalytics/streamingjobs/functions/Write,high,medium,https://github.com/HackTricks-wiki/hacktricks-cloud/blob/45bcf7a7381a496d6dfd5b5d533681fff85c608d/src/pentesting-cloud/azure-security/az-privilege-escalation/az-stream-analytics-privesc.md,Documented escalation primitive requiring target context or other capabilities
azure,Microsoft.StreamAnalytics/streamingjobs/inputs/Write,high,medium,https://github.com/HackTricks-wiki/hacktricks-cloud/blob/45bcf7a7381a496d6dfd5b5d533681fff85c608d/src/pentesting-cloud/azure-security/az-privilege-escalation/az-stream-analytics-privesc.md,Documented escalation primitive requiring target context or other capabilities
azure,Microsoft.Synapse/workspaces/bigDataPools/write,high,medium,https://github.com/HackTricks-wiki/hacktricks-cloud/blob/45bcf7a7381a496d6dfd5b5d533681fff85c608d/src/pentesting-cloud/azure-security/az-privilege-escalation/az-synapse-privesc.md,Documented escalation primitive requiring target context or other capabilities
azure,Microsoft.Synapse/workspaces/firewallRules/write,high,medium,https://github.com/HackTricks-wiki/hacktricks-cloud/blob/45bcf7a7381a496d6dfd5b5d533681fff85c608d/src/pentesting-cloud/azure-security/az-privilege-escalation/az-synapse-privesc.md,Documented escalation primitive requiring target context or other capabilities
azure,Microsoft.Synapse/workspaces/integrationRuntimes/listAuthKeys/action,high,medium,https://github.com/HackTricks-wiki/hacktricks-cloud/blob/45bcf7a7381a496d6dfd5b5d533681fff85c608d/src/pentesting-cloud/azure-security/az-privilege-escalation/az-synapse-privesc.md,Documented escalation primitive requiring target context or other capabilities
azure,Microsoft.Synapse/workspaces/managedIdentitySqlControlSettings/write,high,medium,https://github.com/HackTricks-wiki/hacktricks-cloud/blob/45bcf7a7381a496d6dfd5b5d533681fff85c608d/src/pentesting-cloud/azure-security/az-privilege-escalation/az-synapse-privesc.md,Documented escalation primitive requiring target context or other capabilities
azure,Microsoft.Synapse/workspaces/replaceAllIpFirewallRules/action,high,medium,https://github.com/HackTricks-wiki/hacktricks-cloud/blob/45bcf7a7381a496d6dfd5b5d533681fff85c608d/src/pentesting-cloud/azure-security/az-privilege-escalation/az-synapse-privesc.md,Documented escalation primitive requiring target context or other capabilities
azure,Microsoft.Synapse/workspaces/sqlPools/auditingSettings/write,medium,medium,https://github.com/HackTricks-wiki/hacktricks-cloud/blob/45bcf7a7381a496d6dfd5b5d533681fff85c608d/src/pentesting-cloud/azure-security/az-post-exploitation/az-synapse-post-exploitation.md,"Availability, integrity or telemetry impact without standalone sensitive access"
azure,Microsoft.Synapse/workspaces/write,high,medium,https://github.com/HackTricks-wiki/hacktricks-cloud/blob/45bcf7a7381a496d6dfd5b5d533681fff85c608d/src/pentesting-cloud/azure-security/az-privilege-escalation/az-synapse-privesc.md,Documented escalation primitive requiring target context or other capabilities
azure,Microsoft.VideoIndexer/accounts/generateExtensionAccessToken/action,high,medium,https://github.com/HackTricks-wiki/hacktricks-cloud/blob/45bcf7a7381a496d6dfd5b5d533681fff85c608d/src/pentesting-cloud/azure-security/az-privilege-escalation/az-video-indexer-privesc.md,Documented escalation primitive requiring target context or other capabilities
azure,Microsoft.VideoIndexer/accounts/generateExtensionRestrictedViewerAccessToken/action,high,medium,https://github.com/HackTricks-wiki/hacktricks-cloud/blob/45bcf7a7381a496d6dfd5b5d533681fff85c608d/src/pentesting-cloud/azure-security/az-privilege-escalation/az-video-indexer-privesc.md,Documented escalation primitive requiring target context or other capabilities
azure,Microsoft.VirtualMachineImages/imageTemplates/write,high,medium,https://github.com/HackTricks-wiki/hacktricks-cloud/blob/45bcf7a7381a496d6dfd5b5d533681fff85c608d/src/pentesting-cloud/azure-security/az-privilege-escalation/az-image-builder-privesc.md,Documented escalation primitive requiring target context or other capabilities
azure,Microsoft.Web/connections/accessPolicies/Write,high,medium,https://github.com/HackTricks-wiki/hacktricks-cloud/blob/45bcf7a7381a496d6dfd5b5d533681fff85c608d/src/pentesting-cloud/azure-security/az-privilege-escalation/az-logic-apps-privesc.md,Documented escalation primitive requiring target context or other capabilities
azure,Microsoft.Web/connections/confirmConsentCode/action,high,medium,https://github.com/HackTricks-wiki/hacktricks-cloud/blob/45bcf7a7381a496d6dfd5b5d533681fff85c608d/src/pentesting-cloud/azure-security/az-privilege-escalation/az-logic-apps-privesc.md,Documented escalation primitive requiring target context or other capabilities
azure,Microsoft.Web/connections/listConnectionKeys/action,high,medium,https://github.com/HackTricks-wiki/hacktricks-cloud/blob/45bcf7a7381a496d6dfd5b5d533681fff85c608d/src/pentesting-cloud/azure-security/az-privilege-escalation/az-logic-apps-privesc.md,Documented escalation primitive requiring target context or other capabilities
azure,Microsoft.Web/connections/listConsentLinks/action,high,medium,https://github.com/HackTricks-wiki/hacktricks-cloud/blob/45bcf7a7381a496d6dfd5b5d533681fff85c608d/src/pentesting-cloud/azure-security/az-privilege-escalation/az-logic-apps-privesc.md,Documented escalation primitive requiring target context or other capabilities
azure,Microsoft.Web/publishingUsers/write,high,medium,https://github.com/HackTricks-wiki/hacktricks-cloud/blob/45bcf7a7381a496d6dfd5b5d533681fff85c608d/src/pentesting-cloud/azure-security/az-privilege-escalation/az-app-services-privesc.md,Documented escalation primitive requiring target context or other capabilities
azure,Microsoft.Web/sites/applySlotConfig/action,high,medium,https://github.com/HackTricks-wiki/hacktricks-cloud/blob/45bcf7a7381a496d6dfd5b5d533681fff85c608d/src/pentesting-cloud/azure-security/az-privilege-escalation/az-app-services-privesc.md,Documented escalation primitive requiring target context or other capabilities
azure,Microsoft.Web/sites/backup/action,high,medium,https://github.com/HackTricks-wiki/hacktricks-cloud/blob/45bcf7a7381a496d6dfd5b5d533681fff85c608d/src/pentesting-cloud/azure-security/az-privilege-escalation/az-app-services-privesc.md,Documented escalation primitive requiring target context or other capabilities
azure,Microsoft.Web/sites/basicPublishingCredentialsPolicies/write,high,medium,https://github.com/HackTricks-wiki/hacktricks-cloud/blob/45bcf7a7381a496d6dfd5b5d533681fff85c608d/src/pentesting-cloud/azure-security/az-privilege-escalation/az-functions-app-privesc.md,Documented escalation primitive requiring target context or other capabilities
azure,Microsoft.Web/sites/extensions/write,critical,medium,https://github.com/HackTricks-wiki/hacktricks-cloud/blob/45bcf7a7381a496d6dfd5b5d533681fff85c608d/src/pentesting-cloud/azure-security/az-privilege-escalation/az-app-services-privesc.md,"Direct privilege grant, identity takeover or near-self-sufficient privileged execution documented by the source"
azure,Microsoft.Web/sites/functions/write,critical,medium,https://github.com/HackTricks-wiki/hacktricks-cloud/blob/45bcf7a7381a496d6dfd5b5d533681fff85c608d/src/pentesting-cloud/azure-security/az-privilege-escalation/az-app-services-privesc.md,"Direct privilege grant, identity takeover or near-self-sufficient privileged execution documented by the source"
azure,Microsoft.Web/sites/host/sync/action,low,medium,https://github.com/HackTricks-wiki/hacktricks-cloud/blob/45bcf7a7381a496d6dfd5b5d533681fff85c608d/src/pentesting-cloud/azure-security/az-privilege-escalation/az-functions-app-privesc.md,Discovery or prerequisite only; does not itself disclose protected content
azure,Microsoft.Web/sites/hostruntime/vfs/write,high,medium,https://github.com/HackTricks-wiki/hacktricks-cloud/blob/45bcf7a7381a496d6dfd5b5d533681fff85c608d/src/pentesting-cloud/azure-security/az-privilege-escalation/az-functions-app-privesc.md,Documented escalation primitive requiring target context or other capabilities
azure,Microsoft.Web/sites/hostruntime/webhooks/api/workflows/triggers/listCallbackUrl/action,high,medium,https://github.com/HackTricks-wiki/hacktricks-cloud/blob/45bcf7a7381a496d6dfd5b5d533681fff85c608d/src/pentesting-cloud/azure-security/az-privilege-escalation/az-logic-apps-privesc.md,Documented escalation primitive requiring target context or other capabilities
azure,Microsoft.Web/sites/hybridConnectionNamespaces/relays/write,high,medium,https://github.com/HackTricks-wiki/hacktricks-cloud/blob/45bcf7a7381a496d6dfd5b5d533681fff85c608d/src/pentesting-cloud/azure-security/az-privilege-escalation/az-app-services-privesc.md,Documented escalation primitive requiring target context or other capabilities
azure,Microsoft.Web/sites/networkConfig/write,high,medium,https://github.com/HackTricks-wiki/hacktricks-cloud/blob/45bcf7a7381a496d6dfd5b5d533681fff85c608d/src/pentesting-cloud/azure-security/az-privilege-escalation/az-app-services-privesc.md,Documented escalation primitive requiring target context or other capabilities
azure,Microsoft.Web/sites/restart/action,medium,medium,https://github.com/HackTricks-wiki/hacktricks-cloud/blob/45bcf7a7381a496d6dfd5b5d533681fff85c608d/src/pentesting-cloud/azure-security/az-post-exploitation/az-logic-apps-post-exploitation.md,"Availability, integrity or telemetry impact without standalone sensitive access"
azure,Microsoft.Web/sites/restoreFromBackupBlob/action,critical,medium,https://github.com/HackTricks-wiki/hacktricks-cloud/blob/45bcf7a7381a496d6dfd5b5d533681fff85c608d/src/pentesting-cloud/azure-security/az-privilege-escalation/az-app-services-privesc.md,"Direct privilege grant, identity takeover or near-self-sufficient privileged execution documented by the source"
azure,Microsoft.Web/sites/siteextensions/write,critical,medium,https://github.com/HackTricks-wiki/hacktricks-cloud/blob/45bcf7a7381a496d6dfd5b5d533681fff85c608d/src/pentesting-cloud/azure-security/az-privilege-escalation/az-app-services-privesc.md,"Direct privilege grant, identity takeover or near-self-sufficient privileged execution documented by the source"
azure,Microsoft.Web/sites/slots/config/write,critical,medium,https://github.com/HackTricks-wiki/hacktricks-cloud/blob/45bcf7a7381a496d6dfd5b5d533681fff85c608d/src/pentesting-cloud/azure-security/az-privilege-escalation/az-app-services-privesc.md,"Direct privilege grant, identity takeover or near-self-sufficient privileged execution documented by the source"
azure,Microsoft.Web/sites/slots/functions/listsecrets/action,high,medium,https://github.com/HackTricks-wiki/hacktricks-cloud/blob/45bcf7a7381a496d6dfd5b5d533681fff85c608d/src/pentesting-cloud/azure-security/az-privilege-escalation/az-functions-app-privesc.md,Documented escalation primitive requiring target context or other capabilities
azure,Microsoft.Web/sites/slotsswap/action,high,medium,https://github.com/HackTricks-wiki/hacktricks-cloud/blob/45bcf7a7381a496d6dfd5b5d533681fff85c608d/src/pentesting-cloud/azure-security/az-privilege-escalation/az-app-services-privesc.md,Documented escalation primitive requiring target context or other capabilities
azure,Microsoft.Web/sites/start/action,medium,medium,https://github.com/HackTricks-wiki/hacktricks-cloud/blob/45bcf7a7381a496d6dfd5b5d533681fff85c608d/src/pentesting-cloud/azure-security/az-post-exploitation/az-logic-apps-post-exploitation.md,"Availability, integrity, telemetry or operational impact; no direct sensitive access or escalation"
azure,Microsoft.Web/sites/stop/action,medium,medium,https://github.com/HackTricks-wiki/hacktricks-cloud/blob/45bcf7a7381a496d6dfd5b5d533681fff85c608d/src/pentesting-cloud/azure-security/az-post-exploitation/az-logic-apps-post-exploitation.md,"Availability, integrity or telemetry impact without standalone sensitive access"
azure,Microsoft.Web/staticSites/config/write,high,medium,https://github.com/HackTricks-wiki/hacktricks-cloud/blob/45bcf7a7381a496d6dfd5b5d533681fff85c608d/src/pentesting-cloud/azure-security/az-privilege-escalation/az-static-web-apps-privesc.md,Documented escalation primitive requiring target context or other capabilities
azure,Microsoft.Web/staticSites/listSecrets/action,high,critical,https://github.com/HackTricks-wiki/hacktricks-cloud/blob/45bcf7a7381a496d6dfd5b5d533681fff85c608d/src/pentesting-cloud/azure-security/az-privilege-escalation/az-static-web-apps-privesc.md,Read/export sensitive information or stored credentials; no standalone privilege grant
azure,Microsoft.Web/staticSites/resetapikey/action,high,medium,https://github.com/HackTricks-wiki/hacktricks-cloud/blob/45bcf7a7381a496d6dfd5b5d533681fff85c608d/src/pentesting-cloud/azure-security/az-privilege-escalation/az-static-web-apps-privesc.md,Documented escalation primitive requiring target context or other capabilities
azure,Microsoft.Web/staticSites/snippets/write,high,medium,https://github.com/HackTricks-wiki/hacktricks-cloud/blob/45bcf7a7381a496d6dfd5b5d533681fff85c608d/src/pentesting-cloud/azure-security/az-privilege-escalation/az-static-web-apps-privesc.md,Documented escalation primitive requiring target context or other capabilities
azure,Microsoft.Web/staticSites/write,high,medium,https://github.com/HackTricks-wiki/hacktricks-cloud/blob/45bcf7a7381a496d6dfd5b5d533681fff85c608d/src/pentesting-cloud/azure-security/az-privilege-escalation/az-static-web-apps-privesc.md,Documented escalation primitive requiring target context or other capabilities
azure,Organization.ReadWrite.All,medium,unknown,https://github.com/HackTricks-wiki/hacktricks-cloud/blob/45bcf7a7381a496d6dfd5b5d533681fff85c608d/src/pentesting-cloud/azure-security/az-persistence/README.md,Operational or integrity impact
azure,Policy.ReadWrite.AuthenticationFlows,high,unknown,https://github.com/HackTricks-wiki/hacktricks-cloud/blob/45bcf7a7381a496d6dfd5b5d533681fff85c608d/src/pentesting-cloud/azure-security/az-privilege-escalation/az-entraid-privesc/README.md,Documented sensitive directory/device data or conditional access path
azure,Policy.ReadWrite.AuthenticationMethod,high,unknown,https://github.com/HackTricks-wiki/hacktricks-cloud/blob/45bcf7a7381a496d6dfd5b5d533681fff85c608d/src/pentesting-cloud/azure-security/az-persistence/README.md,Documented sensitive directory/device data or conditional access path
azure,PrivilegedEligibilitySchedule.ReadWrite.AzureADGroup,critical,unknown,https://github.com/HackTricks-wiki/hacktricks-cloud/blob/45bcf7a7381a496d6dfd5b5d533681fff85c608d/src/pentesting-cloud/azure-security/az-privilege-escalation/az-entraid-privesc/README.md,Direct role/application access grant
azure,RoleManagementPolicy.ReadWrite.AzureADGroup,high,unknown,https://github.com/HackTricks-wiki/hacktricks-cloud/blob/45bcf7a7381a496d6dfd5b5d533681fff85c608d/src/pentesting-cloud/azure-security/az-privilege-escalation/az-entraid-privesc/README.md,Documented sensitive directory/device data or conditional access path
azure,RoleManagementPolicy.ReadWrite.Directory,high,unknown,https://github.com/HackTricks-wiki/hacktricks-cloud/blob/45bcf7a7381a496d6dfd5b5d533681fff85c608d/src/pentesting-cloud/azure-security/az-privilege-escalation/az-entraid-privesc/README.md,Documented sensitive directory/device data or conditional access path
azure,Sites.Read.All,high,unknown,https://github.com/HackTricks-wiki/hacktricks-cloud/blob/45bcf7a7381a496d6dfd5b5d533681fff85c608d/src/pentesting-cloud/azure-security/az-privilege-escalation/az-entraid-privesc/az-conditional-access-policies-mfa-bypass.md,Documented sensitive directory/device data or conditional access path
azure,Synchronization.ReadWrite.All,high,unknown,https://github.com/HackTricks-wiki/hacktricks-cloud/blob/45bcf7a7381a496d6dfd5b5d533681fff85c608d/src/pentesting-cloud/azure-security/az-privilege-escalation/az-entraid-privesc/README.md,Documented sensitive directory/device data or conditional access path
azure,microsoft.directory/applications.myOrganization/allProperties/update,high,medium,https://github.com/HackTricks-wiki/hacktricks-cloud/blob/45bcf7a7381a496d6dfd5b5d533681fff85c608d/src/pentesting-cloud/azure-security/az-privilege-escalation/az-entraid-privesc/README.md,Documented escalation primitive requiring target context or other capabilities
azure,microsoft.directory/applications/allProperties/update,high,medium,https://github.com/HackTricks-wiki/hacktricks-cloud/blob/45bcf7a7381a496d6dfd5b5d533681fff85c608d/src/pentesting-cloud/azure-security/az-privilege-escalation/az-entraid-privesc/README.md,Documented escalation primitive requiring target context or other capabilities
azure,microsoft.directory/devices/registeredOwners/update,high,medium,https://github.com/HackTricks-wiki/hacktricks-cloud/blob/45bcf7a7381a496d6dfd5b5d533681fff85c608d/src/pentesting-cloud/azure-security/az-privilege-escalation/az-entraid-privesc/README.md,Documented escalation primitive requiring target context or other capabilities
azure,microsoft.directory/devices/registeredUsers/update,high,medium,https://github.com/HackTricks-wiki/hacktricks-cloud/blob/45bcf7a7381a496d6dfd5b5d533681fff85c608d/src/pentesting-cloud/azure-security/az-privilege-escalation/az-entraid-privesc/README.md,Documented escalation primitive requiring target context or other capabilities
azure,microsoft.directory/groups/allProperties/update,high,medium,https://github.com/HackTricks-wiki/hacktricks-cloud/blob/45bcf7a7381a496d6dfd5b5d533681fff85c608d/src/pentesting-cloud/azure-security/az-privilege-escalation/az-entraid-privesc/README.md,Documented escalation primitive requiring target context or other capabilities
azure,microsoft.directory/groups/dynamicMembershipRule/update,high,medium,https://github.com/HackTricks-wiki/hacktricks-cloud/blob/45bcf7a7381a496d6dfd5b5d533681fff85c608d/src/pentesting-cloud/azure-security/az-privilege-escalation/az-entraid-privesc/README.md,Documented escalation primitive requiring target context or other capabilities
azure,microsoft.directory/servicePrincipals/synchronizationCredentials/manage,critical,medium,https://github.com/HackTricks-wiki/hacktricks-cloud/blob/45bcf7a7381a496d6dfd5b5d533681fff85c608d/src/pentesting-cloud/azure-security/az-privilege-escalation/az-entraid-privesc/README.md,Existing direct administrator takeover or privileged execution; retain source-validated Critical severity
azure,microsoft.directory/users/basic/update,high,medium,https://github.com/HackTricks-wiki/hacktricks-cloud/blob/45bcf7a7381a496d6dfd5b5d533681fff85c608d/src/pentesting-cloud/azure-security/az-privilege-escalation/az-entraid-privesc/README.md,Documented escalation primitive requiring target context or other capabilities
azure,microsoft.network/virtualnetworkgateways/generatevpnprofile/action,high,medium,https://github.com/HackTricks-wiki/hacktricks-cloud/blob/45bcf7a7381a496d6dfd5b5d533681fff85c608d/src/pentesting-cloud/azure-security/az-privilege-escalation/az-virtual-machines-and-network-privesc.md,Documented escalation primitive requiring target context or other capabilities
k8s,get core/secrets,high,critical,https://github.com/HackTricks-wiki/hacktricks-cloud/blob/45bcf7a7381a496d6dfd5b5d533681fff85c608d/src/pentesting-cloud/kubernetes-security/abusing-roles-clusterroles-in-kubernetes/README.md,Stored secret disclosure; no direct privilege grant
k8s,get core/*,high,critical,https://github.com/HackTricks-wiki/hacktricks-cloud/blob/45bcf7a7381a496d6dfd5b5d533681fff85c608d/src/pentesting-cloud/kubernetes-security/abusing-roles-clusterroles-in-kubernetes/README.md,Read-only wildcard exposes protected content; mutation and token minting are not granted
k8s,list core/secrets,high,critical,https://github.com/HackTricks-wiki/hacktricks-cloud/blob/45bcf7a7381a496d6dfd5b5d533681fff85c608d/src/pentesting-cloud/kubernetes-security/abusing-roles-clusterroles-in-kubernetes/README.md,Stored secret disclosure; no direct privilege grant
k8s,list core/*,high,critical,https://github.com/HackTricks-wiki/hacktricks-cloud/blob/45bcf7a7381a496d6dfd5b5d533681fff85c608d/src/pentesting-cloud/kubernetes-security/abusing-roles-clusterroles-in-kubernetes/README.md,Read-only wildcard exposes protected content; mutation and token minting are not granted
k8s,watch core/secrets,high,critical,https://github.com/HackTricks-wiki/hacktricks-cloud/blob/45bcf7a7381a496d6dfd5b5d533681fff85c608d/src/pentesting-cloud/kubernetes-security/abusing-roles-clusterroles-in-kubernetes/README.md,Stored secret disclosure; no direct privilege grant
k8s,watch core/*,high,critical,https://github.com/HackTricks-wiki/hacktricks-cloud/blob/45bcf7a7381a496d6dfd5b5d533681fff85c608d/src/pentesting-cloud/kubernetes-security/abusing-roles-clusterroles-in-kubernetes/README.md,Read-only wildcard exposes protected content; mutation and token minting are not granted
k8s,patch apps/daemonsets/status,medium,high,https://github.com/HackTricks-wiki/hacktricks-cloud/blob/45bcf7a7381a496d6dfd5b5d533681fff85c608d/src/pentesting-cloud/kubernetes-security/abusing-roles-clusterroles-in-kubernetes/README.md,Legacy metadata deletion or forged rollout availability is a DoS/Break impact
k8s,update apps/daemonsets/status,medium,high,https://github.com/HackTricks-wiki/hacktricks-cloud/blob/45bcf7a7381a496d6dfd5b5d533681fff85c608d/src/pentesting-cloud/kubernetes-security/abusing-roles-clusterroles-in-kubernetes/README.md,Legacy metadata deletion or forged rollout availability is a DoS/Break impact
k8s,patch apps/replicasets/status,medium,high,https://github.com/HackTricks-wiki/hacktricks-cloud/blob/45bcf7a7381a496d6dfd5b5d533681fff85c608d/src/pentesting-cloud/kubernetes-security/abusing-roles-clusterroles-in-kubernetes/README.md,Legacy metadata deletion or forged rollout availability is a DoS/Break impact
k8s,update apps/replicasets/status,medium,high,https://github.com/HackTricks-wiki/hacktricks-cloud/blob/45bcf7a7381a496d6dfd5b5d533681fff85c608d/src/pentesting-cloud/kubernetes-security/abusing-roles-clusterroles-in-kubernetes/README.md,Legacy metadata deletion or forged rollout availability is a DoS/Break impact
k8s,patch policy/poddisruptionbudgets/status,medium,high,https://github.com/HackTricks-wiki/hacktricks-cloud/blob/45bcf7a7381a496d6dfd5b5d533681fff85c608d/src/pentesting-cloud/kubernetes-security/abusing-roles-clusterroles-in-kubernetes/README.md,Legacy metadata deletion or forged rollout availability is a DoS/Break impact
k8s,update policy/poddisruptionbudgets/status,medium,high,https://github.com/HackTricks-wiki/hacktricks-cloud/blob/45bcf7a7381a496d6dfd5b5d533681fff85c608d/src/pentesting-cloud/kubernetes-security/abusing-roles-clusterroles-in-kubernetes/README.md,Legacy metadata deletion or forged rollout availability is a DoS/Break impact
k8s,patch apiextensions.k8s.io/customresourcedefinitions/status,medium,high,https://github.com/HackTricks-wiki/hacktricks-cloud/blob/45bcf7a7381a496d6dfd5b5d533681fff85c608d/src/pentesting-cloud/kubernetes-security/abusing-roles-clusterroles-in-kubernetes/README.md,Legacy metadata deletion or forged rollout availability is a DoS/Break impact
k8s,update apiextensions.k8s.io/customresourcedefinitions/status,medium,high,https://github.com/HackTricks-wiki/hacktricks-cloud/blob/45bcf7a7381a496d6dfd5b5d533681fff85c608d/src/pentesting-cloud/kubernetes-security/abusing-roles-clusterroles-in-kubernetes/README.md,Legacy metadata deletion or forged rollout availability is a DoS/Break impact
azure,Microsoft.Resources/deployments/read,high,low,https://github.com/HackTricks-wiki/hacktricks-cloud/blob/45bcf7a7381a496d6dfd5b5d533681fff85c608d/src/pentesting-cloud/azure-security/az-services/az-arm-templates.md,Deployment history/template read can disclose persisted plaintext secrets and output values; resource-group listing alone remains discovery
azure,Microsoft.Resources/subscriptions/resourcegroups/deployments/read,high,low,https://github.com/HackTricks-wiki/hacktricks-cloud/blob/45bcf7a7381a496d6dfd5b5d533681fff85c608d/src/pentesting-cloud/azure-security/az-services/az-arm-templates.md,Deployment history/template read can disclose persisted plaintext secrets and output values; resource-group listing alone remains discovery
aws,bedrock-agentcore:InvokeAgentRuntimeCommand,critical,medium,https://github.com/HackTricks-wiki/hacktricks-cloud/blob/45bcf7a7381a496d6dfd5b5d533681fff85c608d/src/pentesting-cloud/aws-security/aws-privilege-escalation/aws-bedrock-agentcore-privesc/README.md,Direct root command execution using an existing runtime role; the documented working set also requires InvokeAgentRuntime
aws,sso:CreateTrustedTokenIssuer,high,medium,https://github.com/HackTricks-wiki/hacktricks-cloud/blob/45bcf7a7381a496d6dfd5b5d533681fff85c608d/src/pentesting-cloud/aws-security/aws-privilege-escalation/aws-sso-and-identitystore-privesc/README.md,Correct IAM namespace for the documented conditional trusted-issuer path
aws,ses:CreateEmailIdentityPolicy,high,medium,https://github.com/HackTricks-wiki/hacktricks-cloud/blob/45bcf7a7381a496d6dfd5b5d533681fff85c608d/src/pentesting-cloud/aws-security/aws-post-exploitation/aws-ses-post-exploitation/README.md,Correct SES IAM action for granting delegated use of an email identity
aws,ses:UpdateEmailIdentityPolicy,high,medium,https://github.com/HackTricks-wiki/hacktricks-cloud/blob/45bcf7a7381a496d6dfd5b5d533681fff85c608d/src/pentesting-cloud/aws-security/aws-post-exploitation/aws-ses-post-exploitation/README.md,Correct SES IAM action for changing delegated use of an email identity
aws,budgets:ModifyBudget,medium,medium,https://github.com/HackTricks-wiki/hacktricks-cloud/blob/45bcf7a7381a496d6dfd5b5d533681fff85c608d/src/pentesting-cloud/aws-security/aws-post-exploitation/aws-cost-explorer-post-exploitation/README.md,"Actual IAM action controlling budget/notification deletion; operational disruption, no standalone privilege grant"
aws,chime:GetAttendee,high,low,https://github.com/HackTricks-wiki/hacktricks-cloud/blob/45bcf7a7381a496d6dfd5b5d533681fff85c608d/src/pentesting-cloud/aws-security/aws-persistence/aws-chime-sdk-persistence/README.md,"Protected content or stored credential disclosure, rather than ordinary target-discovery metadata"
aws,chime:ListAttendees,high,low,https://github.com/HackTricks-wiki/hacktricks-cloud/blob/45bcf7a7381a496d6dfd5b5d533681fff85c608d/src/pentesting-cloud/aws-security/aws-persistence/aws-chime-sdk-persistence/README.md,"Protected content or stored credential disclosure, rather than ordinary target-discovery metadata"
aws,glue:GetConnections,high,low,https://github.com/HackTricks-wiki/hacktricks-cloud/blob/45bcf7a7381a496d6dfd5b5d533681fff85c608d/src/pentesting-cloud/aws-security/aws-post-exploitation/aws-glue-post-exploitation/README.md,"Protected content or stored credential disclosure, rather than ordinary target-discovery metadata"
aws,glue:GetWorkflow,high,low,https://github.com/HackTricks-wiki/hacktricks-cloud/blob/45bcf7a7381a496d6dfd5b5d533681fff85c608d/src/pentesting-cloud/aws-security/aws-post-exploitation/aws-glue-post-exploitation/README.md,"Protected content or stored credential disclosure, rather than ordinary target-discovery metadata"
aws,workmailmessageflow:GetRawMessageContent,high,low,https://github.com/HackTricks-wiki/hacktricks-cloud/blob/45bcf7a7381a496d6dfd5b5d533681fff85c608d/src/pentesting-cloud/aws-security/aws-post-exploitation/aws-workmail-post-exploitation/README.md,"Protected content or stored credential disclosure, rather than ordinary target-discovery metadata"
aws,profile:BatchGetProfile,high,low,https://github.com/HackTricks-wiki/hacktricks-cloud/blob/45bcf7a7381a496d6dfd5b5d533681fff85c608d/src/pentesting-cloud/aws-security/aws-post-exploitation/aws-customer-profiles-post-exploitation/README.md,"Protected content or stored credential disclosure, rather than ordinary target-discovery metadata"
aws,profile:ListProfileObjects,high,low,https://github.com/HackTricks-wiki/hacktricks-cloud/blob/45bcf7a7381a496d6dfd5b5d533681fff85c608d/src/pentesting-cloud/aws-security/aws-post-exploitation/aws-customer-profiles-post-exploitation/README.md,"Protected content or stored credential disclosure, rather than ordinary target-discovery metadata"
aws,directconnect:DescribeRouterConfiguration,high,low,https://github.com/HackTricks-wiki/hacktricks-cloud/blob/45bcf7a7381a496d6dfd5b5d533681fff85c608d/src/pentesting-cloud/aws-security/aws-post-exploitation/aws-direct-connect-post-exploitation/README.md,"Protected content or stored credential disclosure, rather than ordinary target-discovery metadata"
aws,dynamodb:GetRecords,high,low,https://github.com/HackTricks-wiki/hacktricks-cloud/blob/45bcf7a7381a496d6dfd5b5d533681fff85c608d/src/pentesting-cloud/aws-security/aws-post-exploitation/aws-dynamodb-post-exploitation/README.md,"Protected content or stored credential disclosure, rather than ordinary target-discovery metadata"
gcp,aiplatform.ragCorpora.query,high,low,https://github.com/HackTricks-wiki/hacktricks-cloud/blob/45bcf7a7381a496d6dfd5b5d533681fff85c608d/src/pentesting-cloud/gcp-security/gcp-post-exploitation/gcp-vertex-ai-post-exploitation.md,"Protected content or stored credential disclosure, rather than ordinary target-discovery metadata"
gcp,ces.conversations.get,high,low,https://github.com/HackTricks-wiki/hacktricks-cloud/blob/45bcf7a7381a496d6dfd5b5d533681fff85c608d/src/pentesting-cloud/gcp-security/gcp-post-exploitation/gcp-cx-agent-studio-post-exploitation.md,"Protected content or stored credential disclosure, rather than ordinary target-discovery metadata"
gcp,clouddeploy.releases.list,high,low,https://github.com/HackTricks-wiki/hacktricks-cloud/blob/45bcf7a7381a496d6dfd5b5d533681fff85c608d/src/pentesting-cloud/gcp-security/gcp-post-exploitation/gcp-cloud-deploy-post-exploitation.md,"Protected content or stored credential disclosure, rather than ordinary target-discovery metadata"
azure,Microsoft.Web/sourcecontrols/read,high,low,https://github.com/HackTricks-wiki/hacktricks-cloud/blob/45bcf7a7381a496d6dfd5b5d533681fff85c608d/src/pentesting-cloud/azure-security/az-privilege-escalation/az-static-web-apps-privesc.md,"Protected content or stored credential disclosure, rather than ordinary target-discovery metadata"
azure,Microsoft.OperationalInsights/workspaces/query/read,high,low,https://github.com/HackTricks-wiki/hacktricks-cloud/blob/45bcf7a7381a496d6dfd5b5d533681fff85c608d/src/pentesting-cloud/azure-security/az-privilege-escalation/az-sentinel-privesc.md,"Protected content or stored credential disclosure, rather than ordinary target-discovery metadata"
azure,Microsoft.Automation/automationAccounts/runbooks/content/read,high,low,https://github.com/HackTricks-wiki/hacktricks-cloud/blob/45bcf7a7381a496d6dfd5b5d533681fff85c608d/src/pentesting-cloud/azure-security/az-post-exploitation/az-automation-accounts-post-exploitation.md,"Protected content or stored credential disclosure, rather than ordinary target-discovery metadata"
aws,partnercentral:GetBenefitAllocation,high,low,https://github.com/HackTricks-wiki/hacktricks-cloud/blob/45bcf7a7381a496d6dfd5b5d533681fff85c608d/src/pentesting-cloud/aws-security/aws-post-exploitation/aws-partner-central-benefits-post-exploitation/README.md,"Sensitive credit/unlock codes, private statement output, security findings containing test credentials, or private source-code access; target and documented companion prerequisites still apply"
aws,securityagent:BatchGetFindings,high,low,https://github.com/HackTricks-wiki/hacktricks-cloud/blob/45bcf7a7381a496d6dfd5b5d533681fff85c608d/src/pentesting-cloud/aws-security/aws-post-exploitation/aws-security-agent-post-exploitation/README.md,"Sensitive credit/unlock codes, private statement output, security findings containing test credentials, or private source-code access; target and documented companion prerequisites still apply"
aws,redshift-data:GetStatementResult,high,low,https://github.com/HackTricks-wiki/hacktricks-cloud/blob/45bcf7a7381a496d6dfd5b5d533681fff85c608d/src/pentesting-cloud/aws-security/aws-post-exploitation/aws-redshift-post-exploitation/README.md,"Sensitive credit/unlock codes, private statement output, security findings containing test credentials, or private source-code access; target and documented companion prerequisites still apply"
aws,snowball:GetJobUnlockCode,high,low,https://github.com/HackTricks-wiki/hacktricks-cloud/blob/45bcf7a7381a496d6dfd5b5d533681fff85c608d/src/pentesting-cloud/aws-security/aws-post-exploitation/aws-snowball-post-exploitation/README.md,"Sensitive credit/unlock codes, private statement output, security findings containing test credentials, or private source-code access; target and documented companion prerequisites still apply"
gcp,appengine.versions.getFileContents,high,low,https://github.com/HackTricks-wiki/hacktricks-cloud/blob/45bcf7a7381a496d6dfd5b5d533681fff85c608d/src/pentesting-cloud/gcp-security/gcp-post-exploitation/gcp-app-engine-post-exploitation.md,"Sensitive credit/unlock codes, private statement output, security findings containing test credentials, or private source-code access; target and documented companion prerequisites still apply"
aws,glue:GetEntityRecords,high,low,https://github.com/HackTricks-wiki/hacktricks-cloud/blob/45bcf7a7381a496d6dfd5b5d533681fff85c608d/src/pentesting-cloud/aws-security/aws-post-exploitation/aws-glue-post-exploitation/README.md,Stored credential or private record disclosure; service-specific prerequisites and authorization remain required
aws,s3tables:GetTableData,high,low,https://github.com/HackTricks-wiki/hacktricks-cloud/blob/45bcf7a7381a496d6dfd5b5d533681fff85c608d/src/pentesting-cloud/aws-security/aws-post-exploitation/aws-s3-tables-post-exploitation/README.md,Stored credential or private record disclosure; service-specific prerequisites and authorization remain required
aws,invoicing:GetProcurementPortalPreference,high,low,https://github.com/HackTricks-wiki/hacktricks-cloud/blob/45bcf7a7381a496d6dfd5b5d533681fff85c608d/src/pentesting-cloud/aws-security/aws-post-exploitation/aws-invoicing-and-billing-post-exploitation/README.md,Stored credential or private record disclosure; service-specific prerequisites and authorization remain required
gcp,logging.logEntries.list,high,low,https://github.com/HackTricks-wiki/hacktricks-cloud/blob/45bcf7a7381a496d6dfd5b5d533681fff85c608d/src/pentesting-cloud/gcp-security/gcp-post-exploitation/gcp-dataproc-post-exploitation.md,"Protected logs, support artifacts, customer data or stored credentials; conditional companion grants remain required where documented"
gcp,logging.privateLogEntries.list,high,low,https://github.com/HackTricks-wiki/hacktricks-cloud/blob/45bcf7a7381a496d6dfd5b5d533681fff85c608d/src/pentesting-cloud/gcp-security/gcp-post-exploitation/gcp-app-engine-post-exploitation.md,"Protected logs, support artifacts, customer data or stored credentials; conditional companion grants remain required where documented"
gcp,appengine.memcache.get,high,low,https://github.com/HackTricks-wiki/hacktricks-cloud/blob/45bcf7a7381a496d6dfd5b5d533681fff85c608d/src/pentesting-cloud/gcp-security/gcp-post-exploitation/gcp-app-engine-post-exploitation.md,"Protected logs, support artifacts, customer data or stored credentials; conditional companion grants remain required where documented"
gcp,cloudsupport.techCases.get,high,low,https://github.com/HackTricks-wiki/hacktricks-cloud/blob/45bcf7a7381a496d6dfd5b5d533681fff85c608d/src/pentesting-cloud/gcp-security/gcp-post-exploitation/gcp-cloud-support-post-exploitation.md,"Protected logs, support artifacts, customer data or stored credentials; conditional companion grants remain required where documented"
gcp,contactcenterinsights.conversations.list,high,low,https://github.com/HackTricks-wiki/hacktricks-cloud/blob/45bcf7a7381a496d6dfd5b5d533681fff85c608d/src/pentesting-cloud/gcp-security/gcp-post-exploitation/gcp-contact-center-insights-post-exploitation.md,"Protected logs, support artifacts, customer data or stored credentials; conditional companion grants remain required where documented"
gcp,contactcenterinsights.analyses.get,high,low,https://github.com/HackTricks-wiki/hacktricks-cloud/blob/45bcf7a7381a496d6dfd5b5d533681fff85c608d/src/pentesting-cloud/gcp-security/gcp-post-exploitation/gcp-contact-center-insights-post-exploitation.md,"Protected logs, support artifacts, customer data or stored credentials; conditional companion grants remain required where documented"
gcp,contactcenterinsights.analyses.list,high,low,https://github.com/HackTricks-wiki/hacktricks-cloud/blob/45bcf7a7381a496d6dfd5b5d533681fff85c608d/src/pentesting-cloud/gcp-security/gcp-post-exploitation/gcp-contact-center-insights-post-exploitation.md,"Protected logs, support artifacts, customer data or stored credentials; conditional companion grants remain required where documented"
gcp,connectors.connections.listenEvent,high,low,https://github.com/HackTricks-wiki/hacktricks-cloud/blob/45bcf7a7381a496d6dfd5b5d533681fff85c608d/src/pentesting-cloud/gcp-security/gcp-post-exploitation/gcp-integration-connectors-post-exploitation.md,"Protected logs, support artifacts, customer data or stored credentials; conditional companion grants remain required where documented"
gcp,livestream.channels.list,high,low,https://github.com/HackTricks-wiki/hacktricks-cloud/blob/45bcf7a7381a496d6dfd5b5d533681fff85c608d/src/pentesting-cloud/gcp-security/gcp-post-exploitation/gcp-live-stream-post-exploitation.md,"Protected logs, support artifacts, customer data or stored credentials; conditional companion grants remain required where documented"
gcp,aiplatform.featureViews.searchNearestEntities,high,low,https://github.com/HackTricks-wiki/hacktricks-cloud/blob/45bcf7a7381a496d6dfd5b5d533681fff85c608d/src/pentesting-cloud/gcp-security/gcp-post-exploitation/gcp-vertex-ai-post-exploitation.md,"Protected logs, support artifacts, customer data or stored credentials; conditional companion grants remain required where documented"
gcp,geminicloudassist.investigations.get,high,low,https://github.com/HackTricks-wiki/hacktricks-cloud/blob/45bcf7a7381a496d6dfd5b5d533681fff85c608d/src/pentesting-cloud/gcp-security/gcp-post-exploitation/gcp-gemini-cloud-assist-post-exploitation.md,Retained investigation content embeds troubleshooting evidence and potentially sensitive logs
gcp,geminicloudassist.investigationRevisions.get,high,low,https://github.com/HackTricks-wiki/hacktricks-cloud/blob/45bcf7a7381a496d6dfd5b5d533681fff85c608d/src/pentesting-cloud/gcp-security/gcp-post-exploitation/gcp-gemini-cloud-assist-post-exploitation.md,Retained investigation content embeds troubleshooting evidence and potentially sensitive logs
gcp,cloudfunctions.functions.generateUploadUrl,medium,high,https://github.com/HackTricks-wiki/hacktricks-cloud/blob/45bcf7a7381a496d6dfd5b5d533681fff85c608d/src/pentesting-cloud/gcp-security/gcp-privilege-escalation/gcp-cloudfunctions-privesc.md,"Upload, key provisioning/encryption or guarded binding writes do not independently disclose content or bypass authorization"
gcp,cloudkms.cryptoKeyVersions.useToEncrypt,medium,high,https://github.com/HackTricks-wiki/hacktricks-cloud/blob/45bcf7a7381a496d6dfd5b5d533681fff85c608d/src/pentesting-cloud/gcp-security/gcp-post-exploitation/gcp-looker-post-exploitation.md,"Upload, key provisioning/encryption or guarded binding writes do not independently disclose content or bypass authorization"
gcp,cloudkms.cryptoKeys.create,medium,high,https://github.com/HackTricks-wiki/hacktricks-cloud/blob/45bcf7a7381a496d6dfd5b5d533681fff85c608d/src/pentesting-cloud/gcp-security/gcp-persistence/gcp-certificate-authority-service-persistence.md,"Upload, key provisioning/encryption or guarded binding writes do not independently disclose content or bypass authorization"
gcp,cloudkms.keyRings.create,medium,high,https://github.com/HackTricks-wiki/hacktricks-cloud/blob/45bcf7a7381a496d6dfd5b5d533681fff85c608d/src/pentesting-cloud/gcp-security/gcp-persistence/gcp-certificate-authority-service-persistence.md,"Upload, key provisioning/encryption or guarded binding writes do not independently disclose content or bypass authorization"
gcp,container.roleBindings.create,medium,high,https://github.com/HackTricks-wiki/hacktricks-cloud/blob/45bcf7a7381a496d6dfd5b5d533681fff85c608d/src/pentesting-cloud/gcp-security/gcp-privilege-escalation/gcp-container-privesc.md,"Upload, key provisioning/encryption or guarded binding writes do not independently disclose content or bypass authorization"
gcp,container.clusterRoleBindings.create,medium,high,https://github.com/HackTricks-wiki/hacktricks-cloud/blob/45bcf7a7381a496d6dfd5b5d533681fff85c608d/src/pentesting-cloud/gcp-security/gcp-privilege-escalation/gcp-container-privesc.md,"Upload, key provisioning/encryption or guarded binding writes do not independently disclose content or bypass authorization"
gcp,container.roleBindings.update,medium,low,https://github.com/HackTricks-wiki/hacktricks-cloud/blob/45bcf7a7381a496d6dfd5b5d533681fff85c608d/src/pentesting-cloud/gcp-security/gcp-privilege-escalation/gcp-container-privesc.md,Binding writes retain escalation safeguards unless the separate bind permission is held
gcp,container.clusterRoleBindings.update,medium,low,https://github.com/HackTricks-wiki/hacktricks-cloud/blob/45bcf7a7381a496d6dfd5b5d533681fff85c608d/src/pentesting-cloud/gcp-security/gcp-privilege-escalation/gcp-container-privesc.md,Binding writes retain escalation safeguards unless the separate bind permission is held
gcp,mcp.tools.call,low,high,https://github.com/HackTricks-wiki/hacktricks-cloud/blob/45bcf7a7381a496d6dfd5b5d533681fff85c608d/src/pentesting-cloud/gcp-security/gcp-persistence/gcp-cx-agent-studio-persistence.md,Transport/quota helper retains the underlying API IAM checks; it is not itself a data read or privilege grant
gcp,serviceusage.services.use,low,high,https://github.com/HackTricks-wiki/hacktricks-cloud/blob/45bcf7a7381a496d6dfd5b5d533681fff85c608d/src/pentesting-cloud/gcp-security/gcp-persistence/gcp-alloydb-persistence.md,Transport/quota helper retains the underlying API IAM checks; it is not itself a data read or privilege grant
gcp,resourcemanager.projects.updateLiens,medium,low,https://github.com/HackTricks-wiki/hacktricks-cloud/blob/45bcf7a7381a496d6dfd5b5d533681fff85c608d/src/pentesting-cloud/gcp-security/gcp-persistence/gcp-liens-persistence.md,Actual IAM grant for creating/removing project deletion liens; operational disruption
gcp,netapp.volumes.createCrossProjectBackup,high,low,https://github.com/HackTricks-wiki/hacktricks-cloud/blob/45bcf7a7381a496d6dfd5b5d533681fff85c608d/src/pentesting-cloud/gcp-security/gcp-persistence/gcp-netapp-volumes-persistence.md,Correct source-volume authorization for copying protected data into another project
azure,Microsoft.ContainerRegistry/registries/repositories/content/read,high,low,https://github.com/HackTricks-wiki/hacktricks-cloud/blob/45bcf7a7381a496d6dfd5b5d533681fff85c608d/src/pentesting-cloud/azure-security/az-privilege-escalation/az-container-registry-privesc.md,"Protected image, document or job-output content; companion metadata/API authorization and document ACLs remain effective"
azure,Microsoft.Search/searchServices/indexes/documents/read,high,low,https://github.com/HackTricks-wiki/hacktricks-cloud/blob/45bcf7a7381a496d6dfd5b5d533681fff85c608d/src/pentesting-cloud/azure-security/az-privilege-escalation/az-ai-foundry-privesc.md,"Protected image, document or job-output content; companion metadata/API authorization and document ACLs remain effective"
azure,Microsoft.Automation/automationAccounts/jobs/output/read,high,low,https://github.com/HackTricks-wiki/hacktricks-cloud/blob/45bcf7a7381a496d6dfd5b5d533681fff85c608d/src/pentesting-cloud/azure-security/az-post-exploitation/az-automation-accounts-post-exploitation.md,"Protected image, document or job-output content; companion metadata/API authorization and document ACLs remain effective"
azure,Microsoft.Automation/automationAccounts/jobs/streams/read,high,low,https://github.com/HackTricks-wiki/hacktricks-cloud/blob/45bcf7a7381a496d6dfd5b5d533681fff85c608d/src/pentesting-cloud/azure-security/az-post-exploitation/az-automation-accounts-post-exploitation.md,"Protected image, document or job-output content; companion metadata/API authorization and document ACLs remain effective"
aws,aidevops:DisableOperatorApp,medium,high,https://github.com/HackTricks-wiki/hacktricks-cloud/blob/45bcf7a7381a496d6dfd5b5d533681fff85c608d/src/pentesting-cloud/aws-security/aws-post-exploitation/aws-devops-agent-post-exploitation/README.md,"Availability or security-filter weakening; does not itself return protected content, mint credentials or grant privileges"
aws,wafv2:DisassociateWebACL,medium,high,https://github.com/HackTricks-wiki/hacktricks-cloud/blob/45bcf7a7381a496d6dfd5b5d533681fff85c608d/src/pentesting-cloud/aws-security/aws-post-exploitation/aws-appsync-post-exploitation/README.md,"Availability or security-filter weakening; does not itself return protected content, mint credentials or grant privileges"
aws,appsync:DisassociateWebACL,medium,high,https://github.com/HackTricks-wiki/hacktricks-cloud/blob/45bcf7a7381a496d6dfd5b5d533681fff85c608d/src/pentesting-cloud/aws-security/aws-post-exploitation/aws-appsync-post-exploitation/README.md,"Availability or security-filter weakening; does not itself return protected content, mint credentials or grant privileges"
aws,appsync:SetWebACL,medium,high,https://github.com/HackTricks-wiki/hacktricks-cloud/blob/45bcf7a7381a496d6dfd5b5d533681fff85c608d/src/pentesting-cloud/aws-security/aws-post-exploitation/aws-appsync-post-exploitation/README.md,"Availability or security-filter weakening; does not itself return protected content, mint credentials or grant privileges"
aws,apigateway:SetWebACL,medium,high,https://github.com/HackTricks-wiki/hacktricks-cloud/blob/45bcf7a7381a496d6dfd5b5d533681fff85c608d/src/pentesting-cloud/aws-security/aws-post-exploitation/aws-waf-post-exploitation/README.md,"Availability or security-filter weakening; does not itself return protected content, mint credentials or grant privileges"
aws,elasticloadbalancing:DeleteWebACLAssociation,medium,high,https://github.com/HackTricks-wiki/hacktricks-cloud/blob/45bcf7a7381a496d6dfd5b5d533681fff85c608d/src/pentesting-cloud/aws-security/aws-post-exploitation/aws-waf-post-exploitation/README.md,"Availability or security-filter weakening; does not itself return protected content, mint credentials or grant privileges"
aws,elasticloadbalancing:CreateWebACLAssociation,medium,high,https://github.com/HackTricks-wiki/hacktricks-cloud/blob/45bcf7a7381a496d6dfd5b5d533681fff85c608d/src/pentesting-cloud/aws-security/aws-post-exploitation/aws-waf-post-exploitation/README.md,"Availability or security-filter weakening; does not itself return protected content, mint credentials or grant privileges"
aws,network-firewall:DeleteFirewall,medium,high,https://github.com/HackTricks-wiki/hacktricks-cloud/blob/45bcf7a7381a496d6dfd5b5d533681fff85c608d/src/pentesting-cloud/aws-security/aws-post-exploitation/aws-network-firewall-post-exploitation/README.md,"Availability or security-filter weakening; does not itself return protected content, mint credentials or grant privileges"
aws,network-firewall:UpdateFirewallDeleteProtection,medium,high,https://github.com/HackTricks-wiki/hacktricks-cloud/blob/45bcf7a7381a496d6dfd5b5d533681fff85c608d/src/pentesting-cloud/aws-security/aws-post-exploitation/aws-network-firewall-post-exploitation/README.md,"Availability or security-filter weakening; does not itself return protected content, mint credentials or grant privileges"
aws,network-firewall:UpdateSubnetChangeProtection,medium,high,https://github.com/HackTricks-wiki/hacktricks-cloud/blob/45bcf7a7381a496d6dfd5b5d533681fff85c608d/src/pentesting-cloud/aws-security/aws-post-exploitation/aws-network-firewall-post-exploitation/README.md,"Availability or security-filter weakening; does not itself return protected content, mint credentials or grant privileges"
aws,network-firewall:UpdateFirewallPolicyChangeProtection,medium,high,https://github.com/HackTricks-wiki/hacktricks-cloud/blob/45bcf7a7381a496d6dfd5b5d533681fff85c608d/src/pentesting-cloud/aws-security/aws-post-exploitation/aws-network-firewall-post-exploitation/README.md,"Availability or security-filter weakening; does not itself return protected content, mint credentials or grant privileges"
gcp,logging.views.access,high,low,https://docs.cloud.google.com/logging/docs/reference/v2/rest/v2/entries/list,Official entries.list accepts resource-container or specific-view authorization; reads protected log content
azure,Microsoft.Cdn/profiles/securitypolicies/delete,medium,high,https://github.com/HackTricks-wiki/hacktricks-cloud/blob/45bcf7a7381a496d6dfd5b5d533681fff85c608d/src/pentesting-cloud/azure-security/az-post-exploitation/az-waf-post-exploitation.md,"Availability or security-filter weakening; does not itself return protected content, mint credentials or grant privileges"
azure,Microsoft.Network/ApplicationGatewayWebApplicationFirewallPolicies/write,medium,high,https://github.com/HackTricks-wiki/hacktricks-cloud/blob/45bcf7a7381a496d6dfd5b5d533681fff85c608d/src/pentesting-cloud/azure-security/az-post-exploitation/az-waf-post-exploitation.md,"Availability or security-filter weakening; does not itself return protected content, mint credentials or grant privileges"
azure,Microsoft.Network/frontdoorWebApplicationFirewallPolicies/write,medium,high,https://github.com/HackTricks-wiki/hacktricks-cloud/blob/45bcf7a7381a496d6dfd5b5d533681fff85c608d/src/pentesting-cloud/azure-security/az-post-exploitation/az-waf-post-exploitation.md,"Availability or security-filter weakening; does not itself return protected content, mint credentials or grant privileges"
azure,Microsoft.ServiceNetworking/trafficControllers/securityPolicies/delete,medium,high,https://github.com/HackTricks-wiki/hacktricks-cloud/blob/45bcf7a7381a496d6dfd5b5d533681fff85c608d/src/pentesting-cloud/azure-security/az-post-exploitation/az-waf-post-exploitation.md,"Availability or security-filter weakening; does not itself return protected content, mint credentials or grant privileges"
aws,acm:GetAcmeExternalAccountBindingCredentials,high,not_in_catalog,https://github.com/HackTricks-wiki/hacktricks-cloud/blob/45bcf7a7381a496d6dfd5b5d533681fff85c608d/src/pentesting-cloud/aws-security/aws-persistence/aws-acm-persistence/README.md,"Documented protected-content or privilege primitive; preserve existing authorization and configuration prerequisites. Entra stored keys and ordinary group membership use High, consistent with other providers."
aws,cloudwatch:GetSpaceCredentialsForOrganization,high,not_in_catalog,https://github.com/HackTricks-wiki/hacktricks-cloud/blob/45bcf7a7381a496d6dfd5b5d533681fff85c608d/src/pentesting-cloud/aws-security/aws-privilege-escalation/aws-cloudwatch-omni-privesc/README.md,"Documented protected-content or privilege primitive; preserve existing authorization and configuration prerequisites. Entra stored keys and ordinary group membership use High, consistent with other providers."
aws,cognito-idp:AddUserPoolClientSecret,critical,not_in_catalog,https://github.com/HackTricks-wiki/hacktricks-cloud/blob/45bcf7a7381a496d6dfd5b5d533681fff85c608d/src/pentesting-cloud/aws-security/aws-post-exploitation/aws-cognito-user-pools-post-exploitation/README.md,"Documented protected-content or privilege primitive; preserve existing authorization and configuration prerequisites. Entra stored keys and ordinary group membership use High, consistent with other providers."
aws,elemental-inference:ExportDictionaryEntries,high,not_in_catalog,https://github.com/HackTricks-wiki/hacktricks-cloud/blob/45bcf7a7381a496d6dfd5b5d533681fff85c608d/src/pentesting-cloud/aws-security/aws-post-exploitation/aws-elemental-inference-post-exploitation/README.md,"Documented protected-content or privilege primitive; preserve existing authorization and configuration prerequisites. Entra stored keys and ordinary group membership use High, consistent with other providers."
aws,elemental-inference:GetMetadata,high,not_in_catalog,https://github.com/HackTricks-wiki/hacktricks-cloud/blob/45bcf7a7381a496d6dfd5b5d533681fff85c608d/src/pentesting-cloud/aws-security/aws-persistence/aws-elemental-inference-persistence/README.md,"Documented protected-content or privilege primitive; preserve existing authorization and configuration prerequisites. Entra stored keys and ordinary group membership use High, consistent with other providers."
aws,gameliftstreams:CreateStreamSessionAdminShell,critical,not_in_catalog,https://github.com/HackTricks-wiki/hacktricks-cloud/blob/45bcf7a7381a496d6dfd5b5d533681fff85c608d/src/pentesting-cloud/aws-security/aws-post-exploitation/aws-gamelift-streams-post-exploitation/README.md,"Documented protected-content or privilege primitive; preserve existing authorization and configuration prerequisites. Entra stored keys and ordinary group membership use High, consistent with other providers."
aws,gameliftstreams:ListStreamUrls,high,not_in_catalog,https://github.com/HackTricks-wiki/hacktricks-cloud/blob/45bcf7a7381a496d6dfd5b5d533681fff85c608d/src/pentesting-cloud/aws-security/aws-post-exploitation/aws-gamelift-streams-post-exploitation/README.md,"Documented protected-content or privilege primitive; preserve existing authorization and configuration prerequisites. Entra stored keys and ordinary group membership use High, consistent with other providers."
aws,wickr:CreateDataRetentionBotChallenge,critical,not_in_catalog,https://github.com/HackTricks-wiki/hacktricks-cloud/blob/45bcf7a7381a496d6dfd5b5d533681fff85c608d/src/pentesting-cloud/aws-security/aws-privilege-escalation/aws-wickr-privesc/README.md,"Documented protected-content or privilege primitive; preserve existing authorization and configuration prerequisites. Entra stored keys and ordinary group membership use High, consistent with other providers."
aws,wickr:GetOidcInfo,high,not_in_catalog,https://github.com/HackTricks-wiki/hacktricks-cloud/blob/45bcf7a7381a496d6dfd5b5d533681fff85c608d/src/pentesting-cloud/aws-security/aws-post-exploitation/aws-wickr-post-exploitation/README.md,"Documented protected-content or privilege primitive; preserve existing authorization and configuration prerequisites. Entra stored keys and ordinary group membership use High, consistent with other providers."
gcp,agentidentity.authProviders.retrieveCredentials,high,not_in_catalog,https://github.com/HackTricks-wiki/hacktricks-cloud/blob/45bcf7a7381a496d6dfd5b5d533681fff85c608d/src/pentesting-cloud/gcp-security/gcp-to-workspace-pivoting/gcp-agent-identity-auth-manager-privesc.md,"Documented protected-content or privilege primitive; preserve existing authorization and configuration prerequisites. Entra stored keys and ordinary group membership use High, consistent with other providers."
gcp,agentidentity.authProviders.update,high,not_in_catalog,https://github.com/HackTricks-wiki/hacktricks-cloud/blob/45bcf7a7381a496d6dfd5b5d533681fff85c608d/src/pentesting-cloud/gcp-security/gcp-privilege-escalation/gcp-agent-registry-privesc.md,"Documented protected-content or privilege primitive; preserve existing authorization and configuration prerequisites. Entra stored keys and ordinary group membership use High, consistent with other providers."
gcp,clouddeploy.deployPolicies.setIamPolicy,critical,not_in_catalog,https://github.com/HackTricks-wiki/hacktricks-cloud/blob/45bcf7a7381a496d6dfd5b5d533681fff85c608d/src/pentesting-cloud/gcp-security/gcp-privilege-escalation/gcp-cloud-deploy-privesc.md,"Documented protected-content or privilege primitive; preserve existing authorization and configuration prerequisites. Entra stored keys and ordinary group membership use High, consistent with other providers."
gcp,contactcenterinsights.datasetConversations.list,high,not_in_catalog,https://github.com/HackTricks-wiki/hacktricks-cloud/blob/45bcf7a7381a496d6dfd5b5d533681fff85c608d/src/pentesting-cloud/gcp-security/gcp-post-exploitation/gcp-contact-center-insights-post-exploitation.md,"Documented protected-content or privilege primitive; preserve existing authorization and configuration prerequisites. Entra stored keys and ordinary group membership use High, consistent with other providers."
gcp,geminicloudassist.investigationRevisions.list,high,not_in_catalog,https://github.com/HackTricks-wiki/hacktricks-cloud/blob/45bcf7a7381a496d6dfd5b5d533681fff85c608d/src/pentesting-cloud/gcp-security/gcp-post-exploitation/gcp-gemini-cloud-assist-post-exploitation.md,"Documented protected-content or privilege primitive; preserve existing authorization and configuration prerequisites. Entra stored keys and ordinary group membership use High, consistent with other providers."
gcp,geminicloudassist.investigations.list,high,not_in_catalog,https://github.com/HackTricks-wiki/hacktricks-cloud/blob/45bcf7a7381a496d6dfd5b5d533681fff85c608d/src/pentesting-cloud/gcp-security/gcp-post-exploitation/gcp-gemini-cloud-assist-post-exploitation.md,"Documented protected-content or privilege primitive; preserve existing authorization and configuration prerequisites. Entra stored keys and ordinary group membership use High, consistent with other providers."
gcp,managedkafka.connectors.create,high,not_in_catalog,https://github.com/HackTricks-wiki/hacktricks-cloud/blob/45bcf7a7381a496d6dfd5b5d533681fff85c608d/src/pentesting-cloud/gcp-security/gcp-persistence/gcp-managed-kafka-persistence.md,"Documented protected-content or privilege primitive; preserve existing authorization and configuration prerequisites. Entra stored keys and ordinary group membership use High, consistent with other providers."
gcp,managedkafka.connectors.update,high,not_in_catalog,https://github.com/HackTricks-wiki/hacktricks-cloud/blob/45bcf7a7381a496d6dfd5b5d533681fff85c608d/src/pentesting-cloud/gcp-security/gcp-post-exploitation/gcp-managed-kafka-post-exploitation.md,"Documented protected-content or privilege primitive; preserve existing authorization and configuration prerequisites. Entra stored keys and ordinary group membership use High, consistent with other providers."
gcp,parallelstore.instances.exportData,high,not_in_catalog,https://github.com/HackTricks-wiki/hacktricks-cloud/blob/45bcf7a7381a496d6dfd5b5d533681fff85c608d/src/pentesting-cloud/gcp-security/gcp-privilege-escalation/gcp-parallelstore-privesc.md,"Documented protected-content or privilege primitive; preserve existing authorization and configuration prerequisites. Entra stored keys and ordinary group membership use High, consistent with other providers."
gcp,parallelstore.instances.importData,high,not_in_catalog,https://github.com/HackTricks-wiki/hacktricks-cloud/blob/45bcf7a7381a496d6dfd5b5d533681fff85c608d/src/pentesting-cloud/gcp-security/gcp-privilege-escalation/gcp-parallelstore-privesc.md,"Documented protected-content or privilege primitive; preserve existing authorization and configuration prerequisites. Entra stored keys and ordinary group membership use High, consistent with other providers."
gcp,run.workerpools.setIamPolicy,critical,not_in_catalog,https://github.com/HackTricks-wiki/hacktricks-cloud/blob/45bcf7a7381a496d6dfd5b5d533681fff85c608d/src/pentesting-cloud/gcp-security/gcp-privilege-escalation/gcp-run-privesc.md,"Documented protected-content or privilege primitive; preserve existing authorization and configuration prerequisites. Entra stored keys and ordinary group membership use High, consistent with other providers."
azure,Application.ReadWrite.All,critical,not_in_catalog,https://github.com/HackTricks-wiki/hacktricks-cloud/blob/45bcf7a7381a496d6dfd5b5d533681fff85c608d/src/pentesting-cloud/azure-security/az-persistence/README.md,"Documented protected-content or privilege primitive; preserve existing authorization and configuration prerequisites. Entra stored keys and ordinary group membership use High, consistent with other providers."
azure,AppRoleAssignment.ReadWrite.All,critical,not_in_catalog,https://github.com/HackTricks-wiki/hacktricks-cloud/blob/45bcf7a7381a496d6dfd5b5d533681fff85c608d/src/pentesting-cloud/azure-security/az-privilege-escalation/az-entraid-privesc/README.md,"Documented protected-content or privilege primitive; preserve existing authorization and configuration prerequisites. Entra stored keys and ordinary group membership use High, consistent with other providers."
azure,AuditLog.Read.All,high,not_in_catalog,https://github.com/HackTricks-wiki/hacktricks-cloud/blob/45bcf7a7381a496d6dfd5b5d533681fff85c608d/src/pentesting-cloud/azure-security/az-privilege-escalation/az-entraid-privesc/README.md,"Documented protected-content or privilege primitive; preserve existing authorization and configuration prerequisites. Entra stored keys and ordinary group membership use High, consistent with other providers."
azure,DelegatedPermissionGrant.ReadWrite.All,critical,not_in_catalog,https://github.com/HackTricks-wiki/hacktricks-cloud/blob/45bcf7a7381a496d6dfd5b5d533681fff85c608d/src/pentesting-cloud/azure-security/az-privilege-escalation/az-entraid-privesc/README.md,"Documented protected-content or privilege primitive; preserve existing authorization and configuration prerequisites. Entra stored keys and ordinary group membership use High, consistent with other providers."
azure,Directory.Read.All,high,not_in_catalog,https://github.com/HackTricks-wiki/hacktricks-cloud/blob/45bcf7a7381a496d6dfd5b5d533681fff85c608d/src/pentesting-cloud/azure-security/az-services/az-azuread.md,"Documented protected-content or privilege primitive; preserve existing authorization and configuration prerequisites. Entra stored keys and ordinary group membership use High, consistent with other providers."
azure,Directory.ReadWrite.All,high,not_in_catalog,https://github.com/HackTricks-wiki/hacktricks-cloud/blob/45bcf7a7381a496d6dfd5b5d533681fff85c608d/src/pentesting-cloud/azure-security/az-privilege-escalation/az-entraid-privesc/README.md,"Documented protected-content or privilege primitive; preserve existing authorization and configuration prerequisites. Entra stored keys and ordinary group membership use High, consistent with other providers."
azure,Files.ReadWrite.All,high,not_in_catalog,https://github.com/HackTricks-wiki/hacktricks-cloud/blob/45bcf7a7381a496d6dfd5b5d533681fff85c608d/src/pentesting-cloud/azure-security/az-unauthenticated-enum-and-initial-entry/az-oauth-apps-phishing.md,"Documented protected-content or privilege primitive; preserve existing authorization and configuration prerequisites. Entra stored keys and ordinary group membership use High, consistent with other providers."
azure,Group.ReadWrite.All,high,not_in_catalog,https://github.com/HackTricks-wiki/hacktricks-cloud/blob/45bcf7a7381a496d6dfd5b5d533681fff85c608d/src/pentesting-cloud/azure-security/az-privilege-escalation/az-entraid-privesc/README.md,"Documented protected-content or privilege primitive; preserve existing authorization and configuration prerequisites. Entra stored keys and ordinary group membership use High, consistent with other providers."
azure,Mail.Read,high,not_in_catalog,https://github.com/HackTricks-wiki/hacktricks-cloud/blob/45bcf7a7381a496d6dfd5b5d533681fff85c608d/src/pentesting-cloud/azure-security/az-privilege-escalation/az-entraid-privesc/README.md,"Documented protected-content or privilege primitive; preserve existing authorization and configuration prerequisites. Entra stored keys and ordinary group membership use High, consistent with other providers."
azure,Mail.Read.Shared,high,not_in_catalog,https://github.com/HackTricks-wiki/hacktricks-cloud/blob/45bcf7a7381a496d6dfd5b5d533681fff85c608d/src/pentesting-cloud/azure-security/az-enumeration-tools.md,"Documented protected-content or privilege primitive; preserve existing authorization and configuration prerequisites. Entra stored keys and ordinary group membership use High, consistent with other providers."
azure,Mail.ReadWrite.Shared,high,not_in_catalog,https://github.com/HackTricks-wiki/hacktricks-cloud/blob/45bcf7a7381a496d6dfd5b5d533681fff85c608d/src/pentesting-cloud/azure-security/az-enumeration-tools.md,"Documented protected-content or privilege primitive; preserve existing authorization and configuration prerequisites. Entra stored keys and ordinary group membership use High, consistent with other providers."
azure,Microsoft.ApiManagement/service/apiKeys/listSecrets/action,high,not_in_catalog,https://github.com/HackTricks-wiki/hacktricks-cloud/blob/45bcf7a7381a496d6dfd5b5d533681fff85c608d/src/pentesting-cloud/azure-security/az-privilege-escalation/az-api-management-privesc.md,"Documented protected-content or privilege primitive; preserve existing authorization and configuration prerequisites. Entra stored keys and ordinary group membership use High, consistent with other providers."
azure,Microsoft.ApiManagement/service/workspaces/toolServers/listSecrets/action,high,not_in_catalog,https://github.com/HackTricks-wiki/hacktricks-cloud/blob/45bcf7a7381a496d6dfd5b5d533681fff85c608d/src/pentesting-cloud/azure-security/az-privilege-escalation/az-api-management-privesc.md,"Documented protected-content or privilege primitive; preserve existing authorization and configuration prerequisites. Entra stored keys and ordinary group membership use High, consistent with other providers."
azure,Microsoft.App/agents/dataconnectors/listSecrets/action,high,not_in_catalog,https://github.com/HackTricks-wiki/hacktricks-cloud/blob/45bcf7a7381a496d6dfd5b5d533681fff85c608d/src/pentesting-cloud/azure-security/az-privilege-escalation/az-sre-agent-privesc.md,"Documented protected-content or privilege primitive; preserve existing authorization and configuration prerequisites. Entra stored keys and ordinary group membership use High, consistent with other providers."
azure,Microsoft.App/agents/listSecrets/action,high,not_in_catalog,https://github.com/HackTricks-wiki/hacktricks-cloud/blob/45bcf7a7381a496d6dfd5b5d533681fff85c608d/src/pentesting-cloud/azure-security/az-privilege-escalation/az-sre-agent-privesc.md,"Documented protected-content or privilege primitive; preserve existing authorization and configuration prerequisites. Entra stored keys and ordinary group membership use High, consistent with other providers."
azure,Microsoft.App/sandboxGroups/sandboxes/executeCommand/action,high,not_in_catalog,https://github.com/HackTricks-wiki/hacktricks-cloud/blob/45bcf7a7381a496d6dfd5b5d533681fff85c608d/src/pentesting-cloud/azure-security/az-privilege-escalation/az-container-instances-apps-jobs-privesc.md,"Documented protected-content or privilege primitive; preserve existing authorization and configuration prerequisites. Entra stored keys and ordinary group membership use High, consistent with other providers."
azure,Microsoft.App/sandboxGroups/sandboxes/executeShellCommand/action,high,not_in_catalog,https://github.com/HackTricks-wiki/hacktricks-cloud/blob/45bcf7a7381a496d6dfd5b5d533681fff85c608d/src/pentesting-cloud/azure-security/az-privilege-escalation/az-container-instances-apps-jobs-privesc.md,"Documented protected-content or privilege primitive; preserve existing authorization and configuration prerequisites. Entra stored keys and ordinary group membership use High, consistent with other providers."
azure,Microsoft.App/sandboxGroups/sandboxes/files/read,high,not_in_catalog,https://github.com/HackTricks-wiki/hacktricks-cloud/blob/45bcf7a7381a496d6dfd5b5d533681fff85c608d/src/pentesting-cloud/azure-security/az-privilege-escalation/az-container-instances-apps-jobs-privesc.md,"Documented protected-content or privilege primitive; preserve existing authorization and configuration prerequisites. Entra stored keys and ordinary group membership use High, consistent with other providers."
azure,Microsoft.App/sandboxGroups/secrets/peek/action,high,not_in_catalog,https://github.com/HackTricks-wiki/hacktricks-cloud/blob/45bcf7a7381a496d6dfd5b5d533681fff85c608d/src/pentesting-cloud/azure-security/az-privilege-escalation/az-container-instances-apps-jobs-privesc.md,"Documented protected-content or privilege primitive; preserve existing authorization and configuration prerequisites. Entra stored keys and ordinary group membership use High, consistent with other providers."
azure,microsoft.directory/applications.myOrganization/credentials/update,critical,not_in_catalog,https://github.com/HackTricks-wiki/hacktricks-cloud/blob/45bcf7a7381a496d6dfd5b5d533681fff85c608d/src/pentesting-cloud/azure-security/az-privilege-escalation/az-entraid-privesc/README.md,"Documented protected-content or privilege primitive; preserve existing authorization and configuration prerequisites. Entra stored keys and ordinary group membership use High, consistent with other providers."
azure,microsoft.directory/applications/credentials/update,critical,not_in_catalog,https://github.com/HackTricks-wiki/hacktricks-cloud/blob/45bcf7a7381a496d6dfd5b5d533681fff85c608d/src/pentesting-cloud/azure-security/az-persistence/README.md,"Documented protected-content or privilege primitive; preserve existing authorization and configuration prerequisites. Entra stored keys and ordinary group membership use High, consistent with other providers."
azure,microsoft.directory/applications/owners/update,critical,not_in_catalog,https://github.com/HackTricks-wiki/hacktricks-cloud/blob/45bcf7a7381a496d6dfd5b5d533681fff85c608d/src/pentesting-cloud/azure-security/az-privilege-escalation/az-entraid-privesc/README.md,"Documented protected-content or privilege primitive; preserve existing authorization and configuration prerequisites. Entra stored keys and ordinary group membership use High, consistent with other providers."
azure,microsoft.directory/bitlockerKeys/key/read,high,not_in_catalog,https://github.com/HackTricks-wiki/hacktricks-cloud/blob/45bcf7a7381a496d6dfd5b5d533681fff85c608d/src/pentesting-cloud/azure-security/az-privilege-escalation/az-entraid-privesc/README.md,"Documented protected-content or privilege primitive; preserve existing authorization and configuration prerequisites. Entra stored keys and ordinary group membership use High, consistent with other providers."
azure,microsoft.directory/deviceLocalCredentials/password/read,high,not_in_catalog,https://github.com/HackTricks-wiki/hacktricks-cloud/blob/45bcf7a7381a496d6dfd5b5d533681fff85c608d/src/pentesting-cloud/azure-security/az-privilege-escalation/az-entraid-privesc/README.md,"Documented protected-content or privilege primitive; preserve existing authorization and configuration prerequisites. Entra stored keys and ordinary group membership use High, consistent with other providers."
azure,microsoft.directory/groups/members/update,high,not_in_catalog,https://github.com/HackTricks-wiki/hacktricks-cloud/blob/45bcf7a7381a496d6dfd5b5d533681fff85c608d/src/pentesting-cloud/azure-security/az-privilege-escalation/az-entraid-privesc/README.md,"Documented protected-content or privilege primitive; preserve existing authorization and configuration prerequisites. Entra stored keys and ordinary group membership use High, consistent with other providers."
azure,microsoft.directory/groups/owners/update,high,not_in_catalog,https://github.com/HackTricks-wiki/hacktricks-cloud/blob/45bcf7a7381a496d6dfd5b5d533681fff85c608d/src/pentesting-cloud/azure-security/az-privilege-escalation/az-entraid-privesc/README.md,"Documented protected-content or privilege primitive; preserve existing authorization and configuration prerequisites. Entra stored keys and ordinary group membership use High, consistent with other providers."
azure,microsoft.directory/servicePrincipals/credentials/update,critical,not_in_catalog,https://github.com/HackTricks-wiki/hacktricks-cloud/blob/45bcf7a7381a496d6dfd5b5d533681fff85c608d/src/pentesting-cloud/azure-security/az-privilege-escalation/az-entraid-privesc/README.md,"Documented protected-content or privilege primitive; preserve existing authorization and configuration prerequisites. Entra stored keys and ordinary group membership use High, consistent with other providers."
azure,microsoft.directory/servicePrincipals/owners/update,critical,not_in_catalog,https://github.com/HackTricks-wiki/hacktricks-cloud/blob/45bcf7a7381a496d6dfd5b5d533681fff85c608d/src/pentesting-cloud/azure-security/az-privilege-escalation/az-entraid-privesc/README.md,"Documented protected-content or privilege primitive; preserve existing authorization and configuration prerequisites. Entra stored keys and ordinary group membership use High, consistent with other providers."
azure,microsoft.directory/users/password/update,critical,not_in_catalog,https://github.com/HackTricks-wiki/hacktricks-cloud/blob/45bcf7a7381a496d6dfd5b5d533681fff85c608d/src/pentesting-cloud/azure-security/az-privilege-escalation/az-entraid-privesc/README.md,"Documented protected-content or privilege primitive; preserve existing authorization and configuration prerequisites. Entra stored keys and ordinary group membership use High, consistent with other providers."
azure,Microsoft.HealthBot/healthBots/listSecrets/action,high,not_in_catalog,https://github.com/HackTricks-wiki/hacktricks-cloud/blob/45bcf7a7381a496d6dfd5b5d533681fff85c608d/src/pentesting-cloud/azure-security/az-privilege-escalation/az-bot-service-privesc.md,"Documented protected-content or privilege primitive; preserve existing authorization and configuration prerequisites. Entra stored keys and ordinary group membership use High, consistent with other providers."
azure,Microsoft.InferenceService/inferenceAccounts/listKeys/action,high,not_in_catalog,https://github.com/HackTricks-wiki/hacktricks-cloud/blob/45bcf7a7381a496d6dfd5b5d533681fff85c608d/src/pentesting-cloud/azure-security/az-privilege-escalation/az-cosmosDB-privesc.md,"Documented protected-content or privilege primitive; preserve existing authorization and configuration prerequisites. Entra stored keys and ordinary group membership use High, consistent with other providers."
azure,PrivilegedAccess.ReadWrite.AzureAD,critical,not_in_catalog,https://github.com/HackTricks-wiki/hacktricks-cloud/blob/45bcf7a7381a496d6dfd5b5d533681fff85c608d/src/pentesting-cloud/azure-security/az-privilege-escalation/az-entraid-privesc/README.md,"Documented protected-content or privilege primitive; preserve existing authorization and configuration prerequisites. Entra stored keys and ordinary group membership use High, consistent with other providers."
azure,PrivilegedAccess.ReadWrite.AzureResources,critical,not_in_catalog,https://github.com/HackTricks-wiki/hacktricks-cloud/blob/45bcf7a7381a496d6dfd5b5d533681fff85c608d/src/pentesting-cloud/azure-security/az-privilege-escalation/az-entraid-privesc/README.md,"Documented protected-content or privilege primitive; preserve existing authorization and configuration prerequisites. Entra stored keys and ordinary group membership use High, consistent with other providers."
azure,RoleManagement.Read.Directory,high,not_in_catalog,https://github.com/HackTricks-wiki/hacktricks-cloud/blob/45bcf7a7381a496d6dfd5b5d533681fff85c608d/src/pentesting-cloud/azure-security/az-privilege-escalation/az-entraid-privesc/README.md,"Documented protected-content or privilege primitive; preserve existing authorization and configuration prerequisites. Entra stored keys and ordinary group membership use High, consistent with other providers."
azure,RoleManagement.ReadWrite.Directory,critical,not_in_catalog,https://github.com/HackTricks-wiki/hacktricks-cloud/blob/45bcf7a7381a496d6dfd5b5d533681fff85c608d/src/pentesting-cloud/azure-security/az-persistence/README.md,"Documented protected-content or privilege primitive; preserve existing authorization and configuration prerequisites. Entra stored keys and ordinary group membership use High, consistent with other providers."
azure,Sites.ReadWrite.All,high,not_in_catalog,https://github.com/HackTricks-wiki/hacktricks-cloud/blob/45bcf7a7381a496d6dfd5b5d533681fff85c608d/src/pentesting-cloud/azure-security/az-services/az-azuread.md,"Documented protected-content or privilege primitive; preserve existing authorization and configuration prerequisites. Entra stored keys and ordinary group membership use High, consistent with other providers."
azure,User.Read.All,high,not_in_catalog,https://github.com/HackTricks-wiki/hacktricks-cloud/blob/45bcf7a7381a496d6dfd5b5d533681fff85c608d/src/pentesting-cloud/azure-security/az-services/az-azuread.md,"Documented protected-content or privilege primitive; preserve existing authorization and configuration prerequisites. Entra stored keys and ordinary group membership use High, consistent with other providers."
azure,User.ReadWrite.All,high,not_in_catalog,https://github.com/HackTricks-wiki/hacktricks-cloud/blob/45bcf7a7381a496d6dfd5b5d533681fff85c608d/src/pentesting-cloud/azure-security/az-privilege-escalation/az-entraid-privesc/README.md,"Documented protected-content or privilege primitive; preserve existing authorization and configuration prerequisites. Entra stored keys and ordinary group membership use High, consistent with other providers."
azure,UserAuthenticationMethod.ReadWrite.All,critical,not_in_catalog,https://github.com/HackTricks-wiki/hacktricks-cloud/blob/45bcf7a7381a496d6dfd5b5d533681fff85c608d/src/pentesting-cloud/azure-security/az-privilege-escalation/az-entraid-privesc/README.md,"Documented protected-content or privilege primitive; preserve existing authorization and configuration prerequisites. Entra stored keys and ordinary group membership use High, consistent with other providers."
k8s,get core/pods/log,high,medium,https://github.com/HackTricks-wiki/hacktricks-cloud/blob/45bcf7a7381a496d6dfd5b5d533681fff85c608d/src/pentesting-cloud/kubernetes-security/abusing-roles-clusterroles-in-kubernetes/README.md,Workload logs can directly disclose private application data and stored credentials; apply the shared protected-content policy
